DateTime;Observed_QM;TCN_Prediction;TOPKAPI_Q;TCN_Error;TOPKAPI_Error
2024-01-19 23:00;49.3100;42.1729;25.8200;7.1371;23.4900
2024-01-20 00:00;49.3100;41.8852;25.6500;7.4248;23.6600
2024-01-20 01:00;49.3100;40.3900;25.5500;8.9200;23.7600
2024-01-20 02:00;49.3100;37.0678;25.5000;12.2422;23.8100
2024-01-20 03:00;49.3100;35.5597;25.4800;13.7503;23.8300
2024-01-20 04:00;49.3100;34.7231;25.4400;14.5869;23.8700
2024-01-20 05:00;49.3100;33.2149;25.3500;16.0951;23.9600
2024-01-20 06:00;47.0900;32.5999;25.2000;14.4901;21.8900
2024-01-20 07:00;42.9000;31.7727;25.0000;11.1273;17.9000
2024-01-20 08:00;37.0100;31.2599;24.7300;5.7501;12.2800
2024-01-20 09:00;33.3300;30.7381;24.4300;2.5919;8.9000
2024-01-20 10:00;31.6100;29.9321;24.1100;1.6779;7.5000
2024-01-20 11:00;29.9000;28.9541;23.7700;0.9459;6.1300
2024-01-20 12:00;26.4700;28.3747;23.4400;-1.9047;3.0300
2024-01-20 13:00;25.0100;27.8409;23.1000;-2.8309;1.9100
2024-01-20 14:00;26.4700;27.2096;22.7800;-0.7396;3.6900
2024-01-20 15:00;33.3300;25.4180;22.4800;7.9120;10.8500
2024-01-20 16:00;35.0400;23.8627;22.2000;11.1773;12.8400
2024-01-20 17:00;38.9700;22.6853;21.9400;16.2847;17.0300
2024-01-20 18:00;40.9400;22.2486;21.7100;18.6914;19.2300
2024-01-20 19:00;40.9400;23.0299;21.5000;17.9101;19.4400
2024-01-20 20:00;40.9400;24.1392;21.2900;16.8008;19.6500
2024-01-20 21:00;42.9000;25.3965;21.0900;17.5035;21.8100
2024-01-20 22:00;40.9400;26.0791;20.8900;14.8609;20.0500
2024-01-20 23:00;40.9400;26.3728;20.6900;14.5672;20.2500
2024-01-21 00:00;40.9400;26.2566;20.4900;14.6834;20.4500
2024-01-21 01:00;40.9400;25.6421;20.2800;15.2979;20.6600
2024-01-21 02:00;40.9400;25.0650;20.0800;15.8750;20.8600
2024-01-21 03:00;40.9400;24.5412;19.8700;16.3988;21.0700
2024-01-21 04:00;40.9400;24.0717;19.6700;16.8683;21.2700
2024-01-21 05:00;40.9400;23.8780;19.4700;17.0620;21.4700
2024-01-21 06:00;37.0100;23.5011;19.2800;13.5089;17.7300
2024-01-21 07:00;31.6100;23.2127;19.0900;8.3973;12.5200
2024-01-21 08:00;28.1800;22.8994;18.9100;5.2806;9.2700
2024-01-21 09:00;26.4700;22.6756;18.7300;3.7944;7.7400
2024-01-21 10:00;25.0100;22.1184;18.5500;2.8916;6.4600
2024-01-21 11:00;22.0800;21.5141;18.3800;0.5659;3.7000
2024-01-21 12:00;20.6100;20.6094;18.2100;0.0006;2.4000
2024-01-21 13:00;19.1500;21.1850;18.0500;-2.0350;1.1000
2024-01-21 14:00;19.1500;18.9879;17.8900;0.1621;1.2600
2024-01-21 15:00;17.9300;17.2108;17.7300;0.7192;0.2000
2024-01-21 16:00;17.9300;16.3293;17.5800;1.6007;0.3500
2024-01-21 17:00;17.9300;15.9154;17.4300;2.0146;0.5000
2024-01-21 18:00;17.9300;17.0219;17.2900;0.9081;0.6400
2024-01-21 19:00;17.9300;18.1639;17.1600;-0.2339;0.7700
2024-01-21 20:00;19.1500;18.9123;17.0500;0.2377;2.1000
2024-01-21 21:00;19.1500;20.3854;16.9600;-1.2354;2.1900
2024-01-21 22:00;19.1500;21.7502;16.8900;-2.6002;2.2600
2024-01-21 23:00;19.1500;23.0917;16.8400;-3.9417;2.3100
2024-01-22 00:00;17.9300;24.0394;16.8100;-6.1094;1.1200
2024-01-22 01:00;17.9300;24.0489;16.7700;-6.1189;1.1600
2024-01-22 02:00;17.9300;22.9226;16.7300;-4.9926;1.2000
2024-01-22 03:00;16.7100;21.7662;16.6700;-5.0562;0.0400
2024-01-22 04:00;16.7100;20.7630;16.5900;-4.0530;0.1200
2024-01-22 05:00;16.7100;20.2188;16.5000;-3.5088;0.2100
2024-01-22 06:00;16.7100;19.7595;16.3900;-3.0495;0.3200
2024-01-22 07:00;16.7100;19.5369;16.2600;-2.8269;0.4500
2024-01-22 08:00;17.9300;19.1124;16.1400;-1.1824;1.7900
2024-01-22 09:00;17.9300;18.9664;16.0100;-1.0364;1.9200
2024-01-22 10:00;17.9300;18.9051;15.8800;-0.9751;2.0500
2024-01-22 11:00;16.7100;18.7075;15.7500;-1.9975;0.9600
2024-01-22 12:00;15.5000;18.4437;15.6200;-2.9437;-0.1200
2024-01-22 13:00;16.7100;16.6173;15.5000;0.0927;1.2100
2024-01-22 14:00;15.5000;14.3803;15.3800;1.1197;0.1200
2024-01-22 15:00;16.7100;12.2876;15.2600;4.4224;1.4500
2024-01-22 16:00;25.0100;11.0494;15.1500;13.9606;9.8600
2024-01-22 17:00;29.9000;10.8447;15.0400;19.0553;14.8600
2024-01-22 18:00;31.6100;10.9900;14.9400;20.6200;16.6700
2024-01-22 19:00;33.3300;11.2764;14.8400;22.0536;18.4900
2024-01-22 20:00;33.3300;11.4093;14.7500;21.9207;18.5800
2024-01-22 21:00;33.3300;11.8897;14.6700;21.4403;18.6600
2024-01-22 22:00;33.3300;12.0263;14.5900;21.3037;18.7400
2024-01-22 23:00;33.3300;12.1870;14.5100;21.1430;18.8200
2024-01-23 00:00;33.3300;12.1792;14.4300;21.1508;18.9000
2024-01-23 01:00;33.3300;12.1722;14.3500;21.1578;18.9800
2024-01-23 02:00;33.3300;12.2888;14.2600;21.0412;19.0700
2024-01-23 03:00;33.3300;12.4073;14.1800;20.9227;19.1500
2024-01-23 04:00;33.3300;12.5233;14.0900;20.8067;19.2400
2024-01-23 05:00;33.3300;12.7523;14.0100;20.5777;19.3200
2024-01-23 06:00;33.3300;12.9876;13.9200;20.3424;19.4100
2024-01-23 07:00;28.1800;13.3917;13.8400;14.7883;14.3400
2024-01-23 08:00;23.5400;13.7680;13.7500;9.7720;9.7900
2024-01-23 09:00;22.0800;14.1287;13.6700;7.9513;8.4100
2024-01-23 10:00;20.6100;14.0727;13.6000;6.5373;7.0100
2024-01-23 11:00;17.9300;12.9829;13.5300;4.9471;4.4000
2024-01-23 12:00;14.2800;11.1377;13.4600;3.1423;0.8200
2024-01-23 13:00;13.0600;9.6323;13.3900;3.4277;-0.3300
2024-01-23 14:00;13.0600;7.6405;13.3300;5.4195;-0.2700
2024-01-23 15:00;12.0800;6.5898;13.2700;5.4902;-1.1900
2024-01-23 16:00;19.1500;5.9207;13.2100;13.2293;5.9400
2024-01-23 17:00;26.4700;5.5903;13.1500;20.8797;13.3200
2024-01-23 18:00;28.1800;6.1432;13.0900;22.0368;15.0900
2024-01-23 19:00;28.1800;7.0718;13.0200;21.1082;15.1600
2024-01-23 20:00;28.1800;7.8177;12.9600;20.3623;15.2200
2024-01-23 21:00;28.1800;8.6621;12.9000;19.5179;15.2800
2024-01-23 22:00;29.9000;9.9694;12.8300;19.9306;17.0700
2024-01-23 23:00;28.1800;10.7499;12.7700;17.4301;15.4100
2024-01-24 00:00;28.1800;10.4854;12.7000;17.6946;15.4800
2024-01-24 01:00;28.1800;10.9040;12.6300;17.2760;15.5500
2024-01-24 02:00;28.1800;11.1588;12.5700;17.0212;15.6100
2024-01-24 03:00;28.1800;13.4434;12.5000;14.7366;15.6800
2024-01-24 04:00;29.9000;12.7644;12.4400;17.1356;17.4600
2024-01-24 05:00;28.1800;12.4072;12.3700;15.7728;15.8100
2024-01-24 06:00;26.4700;11.0945;12.3100;15.3755;14.1600
2024-01-24 07:00;23.5400;10.7550;12.2500;12.7850;11.2900
2024-01-24 08:00;22.0800;10.4125;12.1900;11.6675;9.8900
2024-01-24 09:00;19.1500;10.4142;12.1300;8.7358;7.0200
2024-01-24 10:00;16.7100;9.9173;12.0800;6.7927;4.6300
2024-01-24 11:00;15.5000;8.7607;12.0200;6.7393;3.4800
2024-01-24 12:00;14.2800;7.5830;11.9700;6.6970;2.3100
2024-01-24 13:00;12.0800;6.8510;11.9100;5.2290;0.1700
2024-01-24 14:00;12.0800;6.0946;11.8600;5.9854;0.2200
2024-01-24 15:00;13.0600;5.5958;11.8000;7.4642;1.2600
2024-01-24 16:00;13.0600;5.2661;11.7500;7.7939;1.3100
2024-01-24 17:00;12.0800;5.0939;11.7000;6.9861;0.3800
2024-01-24 18:00;13.0600;5.0025;11.6500;8.0575;1.4100
2024-01-24 19:00;13.0600;5.0964;11.6000;7.9636;1.4600
2024-01-24 20:00;13.0600;5.2149;11.5400;7.8451;1.5200
2024-01-24 21:00;13.0600;5.0257;11.4900;8.0343;1.5700
2024-01-24 22:00;13.0600;4.7868;11.4400;8.2732;1.6200
2024-01-24 23:00;12.0800;4.8790;11.3900;7.2010;0.6900
2024-01-25 00:00;12.0800;4.8937;11.3400;7.1863;0.7400
2024-01-25 01:00;12.0800;4.9465;11.2900;7.1335;0.7900
2024-01-25 02:00;12.0800;4.9107;11.2500;7.1693;0.8300
2024-01-25 03:00;15.5000;4.9917;11.2000;10.5083;4.3000
2024-01-25 04:00;26.4700;5.2651;11.1500;21.2049;15.3200
2024-01-25 05:00;29.9000;5.4125;11.1000;24.4875;18.8000
2024-01-25 06:00;29.9000;5.4148;11.0500;24.4852;18.8500
2024-01-25 07:00;29.9000;5.4552;11.0100;24.4448;18.8900
2024-01-25 08:00;26.4700;5.6417;10.9600;20.8283;15.5100
2024-01-25 09:00;23.5400;5.6284;10.9200;17.9116;12.6200
2024-01-25 10:00;20.6100;5.3890;10.8800;15.2210;9.7300
2024-01-25 11:00;17.9300;4.6577;10.8300;13.2723;7.1000
2024-01-25 12:00;14.2800;3.8354;10.7900;10.4446;3.4900
2024-01-25 13:00;13.0600;3.4296;10.7500;9.6304;2.3100
2024-01-25 14:00;11.1000;2.9893;10.7100;8.1107;0.3900
2024-01-25 15:00;12.0800;2.7198;10.6700;9.3602;1.4100
2024-01-25 16:00;11.1000;2.6321;10.6300;8.4679;0.4700
2024-01-25 17:00;11.1000;2.7523;10.5900;8.3477;0.5100
2024-01-25 18:00;11.1000;2.9862;10.5500;8.1138;0.5500
2024-01-25 19:00;12.0800;3.3948;10.5100;8.6852;1.5700
2024-01-25 20:00;11.1000;3.6951;10.4700;7.4049;0.6300
2024-01-25 21:00;11.1000;3.9045;10.4300;7.1955;0.6700
2024-01-25 22:00;11.1000;4.1748;10.4000;6.9252;0.7000
2024-01-25 23:00;11.1000;4.5082;10.3600;6.5918;0.7400
2024-01-26 00:00;11.1000;4.7787;10.3200;6.3213;0.7800
2024-01-26 01:00;11.1000;4.9531;10.2900;6.1469;0.8100
2024-01-26 02:00;12.0800;5.0639;10.2500;7.0161;1.8300
2024-01-26 03:00;17.9300;5.2488;10.2200;12.6812;7.7100
2024-01-26 04:00;28.1800;5.4465;10.1900;22.7335;17.9900
2024-01-26 05:00;29.9000;5.6491;10.1500;24.2509;19.7500
2024-01-26 06:00;29.9000;5.7886;10.1200;24.1114;19.7800
2024-01-26 07:00;28.1800;5.9687;10.0800;22.2113;18.1000
2024-01-26 08:00;26.4700;6.1838;10.0500;20.2862;16.4200
2024-01-26 09:00;23.5400;6.3941;10.0100;17.1459;13.5300
2024-01-26 10:00;20.6100;6.3047;9.9800;14.3053;10.6300
2024-01-26 11:00;17.9300;5.4887;9.9500;12.4413;7.9800
2024-01-26 12:00;15.5000;4.5785;9.9100;10.9215;5.5900
2024-01-26 13:00;13.0600;3.8385;9.8800;9.2215;3.1800
2024-01-26 14:00;12.0800;3.3142;9.8500;8.7658;2.2300
2024-01-26 15:00;12.0800;2.9604;9.8100;9.1196;2.2700
2024-01-26 16:00;12.0800;2.7729;9.7800;9.3071;2.3000
2024-01-26 17:00;11.1000;2.7771;9.7500;8.3229;1.3500
2024-01-26 18:00;11.1000;2.9538;9.7200;8.1462;1.3800
2024-01-26 19:00;11.1000;3.2721;9.6900;7.8279;1.4100
2024-01-26 20:00;10.1300;3.5752;9.6600;6.5548;0.4700
2024-01-26 21:00;10.1300;3.8104;9.6300;6.3196;0.5000
2024-01-26 22:00;10.1300;4.0180;9.6100;6.1120;0.5200
2024-01-26 23:00;10.1300;4.2393;9.5800;5.8907;0.5500
2024-01-27 00:00;10.1300;4.3616;9.5500;5.7684;0.5800
2024-01-27 01:00;10.1300;4.4865;9.5200;5.6435;0.6100
2024-01-27 02:00;10.1300;4.6112;9.4900;5.5188;0.6400
2024-01-27 03:00;12.0800;4.7458;9.4600;7.3342;2.6200
2024-01-27 04:00;15.5000;4.8418;9.4300;10.6582;6.0700
2024-01-27 05:00;26.4700;4.8362;9.4000;21.6338;17.0700
2024-01-27 06:00;29.9000;4.9811;9.3700;24.9189;20.5300
2024-01-27 07:00;28.1800;5.1245;9.3500;23.0555;18.8300
2024-01-27 08:00;25.0100;5.2484;9.3200;19.7616;15.6900
2024-01-27 09:00;23.5400;5.2170;9.2900;18.3230;14.2500
2024-01-27 10:00;20.6100;4.9506;9.2600;15.6594;11.3500
2024-01-27 11:00;16.7100;4.0780;9.2300;12.6320;7.4800
2024-01-27 12:00;13.0600;3.0335;9.2000;10.0265;3.8600
2024-01-27 13:00;11.1000;2.3524;9.1800;8.7476;1.9200
2024-01-27 14:00;10.1300;1.9146;9.1500;8.2154;0.9800
2024-01-27 15:00;9.1500;1.7236;9.1200;7.4264;0.0300
2024-01-27 16:00;8.1700;1.6053;9.1000;6.5647;-0.9300
2024-01-27 17:00;8.1700;1.5717;9.0700;6.5983;-0.9000
2024-01-27 18:00;9.1500;1.6763;9.0400;7.4737;0.1100
2024-01-27 19:00;10.1300;1.9087;9.0200;8.2213;1.1100
2024-01-27 20:00;9.1500;2.2565;8.9900;6.8935;0.1600
2024-01-27 21:00;9.1500;2.7546;8.9600;6.3954;0.1900
2024-01-27 22:00;9.1500;3.2955;8.9400;5.8545;0.2100
2024-01-27 23:00;9.1500;3.7489;8.9100;5.4011;0.2400
2024-01-28 00:00;8.1700;4.0213;8.8800;4.1487;-0.7100
2024-01-28 01:00;9.1500;4.3101;8.8600;4.8399;0.2900
2024-01-28 02:00;8.1700;4.6050;8.8300;3.5650;-0.6600
2024-01-28 03:00;8.1700;4.6555;8.8000;3.5145;-0.6300
2024-01-28 04:00;9.1500;4.6950;8.7700;4.4550;0.3800
2024-01-28 05:00;9.1500;4.8616;8.7500;4.2884;0.4000
2024-01-28 06:00;9.1500;5.0126;8.7200;4.1374;0.4300
2024-01-28 07:00;9.1500;5.0963;8.7000;4.0537;0.4500
2024-01-28 08:00;8.1700;5.1901;8.6700;2.9799;-0.5000
2024-01-28 09:00;9.1500;5.1663;8.6500;3.9837;0.5000
2024-01-28 10:00;9.1500;4.9764;8.6200;4.1736;0.5300
2024-01-28 11:00;9.1500;4.4354;8.6000;4.7146;0.5500
2024-01-28 12:00;9.1500;3.5726;8.5800;5.5774;0.5700
2024-01-28 13:00;9.1500;2.8730;8.5600;6.2770;0.5900
2024-01-28 14:00;9.1500;2.3566;8.5400;6.7934;0.6100
2024-01-28 15:00;8.1700;2.0351;8.5200;6.1349;-0.3500
2024-01-28 16:00;7.4300;1.9216;8.4900;5.5084;-1.0600
2024-01-28 17:00;7.4300;1.8753;8.4700;5.5547;-1.0400
2024-01-28 18:00;7.4300;2.0581;8.4500;5.3719;-1.0200
2024-01-28 19:00;7.4300;2.4982;8.4300;4.9318;-1.0000
2024-01-28 20:00;7.4300;2.9207;8.4100;4.5093;-0.9800
2024-01-28 21:00;8.1700;3.2635;8.3900;4.9065;-0.2200
2024-01-28 22:00;8.1700;3.5941;8.3700;4.5759;-0.2000
2024-01-28 23:00;8.1700;3.7398;8.3500;4.4302;-0.1800
2024-01-29 00:00;7.4300;3.9791;8.3300;3.4509;-0.9000
2024-01-29 01:00;7.4300;4.1881;8.3100;3.2419;-0.8800
2024-01-29 02:00;7.4300;4.3808;8.2900;3.0492;-0.8600
2024-01-29 03:00;7.4300;4.4848;8.2600;2.9452;-0.8300
2024-01-29 04:00;7.4300;4.5542;8.2400;2.8758;-0.8100
2024-01-29 05:00;7.4300;4.6666;8.2200;2.7634;-0.7900
2024-01-29 06:00;8.1700;4.8136;8.2000;3.3564;-0.0300
2024-01-29 07:00;8.1700;4.9218;8.1800;3.2482;-0.0100
2024-01-29 08:00;8.1700;5.0835;8.1600;3.0865;0.0100
2024-01-29 09:00;8.1700;5.1478;8.1400;3.0222;0.0300
2024-01-29 10:00;9.1500;4.8859;8.1200;4.2641;1.0300
2024-01-29 11:00;8.1700;4.1295;8.1000;4.0405;0.0700
2024-01-29 12:00;7.4300;3.2893;8.0900;4.1407;-0.6600
2024-01-29 13:00;6.6900;2.5571;8.0700;4.1329;-1.3800
2024-01-29 14:00;6.6900;2.0858;8.0500;4.6042;-1.3600
2024-01-29 15:00;5.9500;1.8604;8.0300;4.0896;-2.0800
2024-01-29 16:00;5.9500;1.7276;8.0200;4.2224;-2.0700
2024-01-29 17:00;5.9500;1.6853;8.0000;4.2647;-2.0500
2024-01-29 18:00;5.9500;1.7543;7.9800;4.1957;-2.0300
2024-01-29 19:00;5.9500;2.0263;7.9700;3.9237;-2.0200
2024-01-29 20:00;5.9500;2.3773;7.9500;3.5727;-2.0000
2024-01-29 21:00;6.6900;2.7926;7.9300;3.8974;-1.2400
2024-01-29 22:00;7.4300;3.0569;7.9100;4.3731;-0.4800
2024-01-29 23:00;6.6900;3.2668;7.8900;3.4232;-1.2000
2024-01-30 00:00;7.4300;3.4365;7.8800;3.9935;-0.4500
2024-01-30 01:00;7.4300;3.5856;7.8600;3.8444;-0.4300
2024-01-30 02:00;6.6900;3.6075;7.8400;3.0825;-1.1500
2024-01-30 03:00;6.6900;3.8500;7.8200;2.8400;-1.1300
2024-01-30 04:00;6.6900;4.0835;7.8000;2.6065;-1.1100
2024-01-30 05:00;6.6900;4.2213;7.7800;2.4687;-1.0900
2024-01-30 06:00;6.6900;4.3140;7.7600;2.3760;-1.0700
2024-01-30 07:00;7.4300;4.3691;7.7400;3.0609;-0.3100
2024-01-30 08:00;7.4300;4.4547;7.7300;2.9753;-0.3000
2024-01-30 09:00;8.1700;4.5338;7.7100;3.6362;0.4600
2024-01-30 10:00;8.1700;4.3176;7.6900;3.8524;0.4800
2024-01-30 11:00;7.4300;3.5199;7.6800;3.9101;-0.2500
2024-01-30 12:00;5.9500;2.7285;7.6600;3.2215;-1.7100
2024-01-30 13:00;5.9500;2.1205;7.6500;3.8295;-1.7000
2024-01-30 14:00;5.2100;1.8124;7.6300;3.3976;-2.4200
2024-01-30 15:00;4.4700;1.6414;7.6200;2.8286;-3.1500
2024-01-30 16:00;4.4700;1.5406;7.6000;2.9294;-3.1300
2024-01-30 17:00;4.4700;1.5061;7.5900;2.9639;-3.1200
2024-01-30 18:00;5.9500;1.5838;7.5700;4.3662;-1.6200
2024-01-30 19:00;5.2100;1.7682;7.5600;3.4418;-2.3500
2024-01-30 20:00;5.2100;2.0263;7.5400;3.1837;-2.3300
2024-01-30 21:00;5.9500;2.3345;7.5300;3.6155;-1.5800
2024-01-30 22:00;6.6900;2.5837;7.5100;4.1063;-0.8200
2024-01-30 23:00;6.6900;2.8484;7.5000;3.8416;-0.8100
2024-01-31 00:00;6.6900;3.0531;7.4800;3.6369;-0.7900
2024-01-31 01:00;6.6900;3.2117;7.4600;3.4783;-0.7700
2024-01-31 02:00;5.9500;3.2979;7.4500;2.6521;-1.5000
2024-01-31 03:00;5.9500;3.3633;7.4300;2.5867;-1.4800
2024-01-31 04:00;6.6900;3.4013;7.4100;3.2887;-0.7200
2024-01-31 05:00;5.9500;3.4487;7.3900;2.5013;-1.4400
2024-01-31 06:00;6.6900;3.4691;7.3800;3.2209;-0.6900
2024-01-31 07:00;6.6900;3.5056;7.3600;3.1844;-0.6700
2024-01-31 08:00;5.9500;3.5512;7.3500;2.3988;-1.4000
2024-01-31 09:00;6.6900;3.5722;7.3300;3.1178;-0.6400
2024-01-31 10:00;6.6900;3.4122;7.3200;3.2778;-0.6300
2024-01-31 11:00;5.9500;2.9140;7.3000;3.0360;-1.3500
2024-01-31 12:00;5.9500;2.3313;7.2900;3.6187;-1.3400
2024-01-31 13:00;5.2100;1.8868;7.2700;3.3232;-2.0600
2024-01-31 14:00;4.4700;1.6509;7.2600;2.8191;-2.7900
2024-01-31 15:00;3.9600;1.4994;7.2500;2.4606;-3.2900
2024-01-31 16:00;4.4700;1.4062;7.2300;3.0638;-2.7600
2024-01-31 17:00;3.9600;1.3741;7.2200;2.5859;-3.2600
2024-01-31 18:00;4.4700;1.4155;7.2000;3.0545;-2.7300
2024-01-31 19:00;5.9500;1.5505;7.1900;4.3995;-1.2400
2024-01-31 20:00;5.9500;1.7124;7.1800;4.2376;-1.2300
2024-01-31 21:00;5.9500;1.8449;7.1600;4.1051;-1.2100
2024-01-31 22:00;5.9500;2.0110;7.1500;3.9390;-1.2000
2024-01-31 23:00;5.2100;2.1808;7.1400;3.0292;-1.9300
2024-02-01 00:00;5.2100;2.3453;7.1200;2.8647;-1.9100
2024-02-01 01:00;5.9500;2.4379;7.1100;3.5121;-1.1600
2024-02-01 02:00;5.2100;2.6244;7.0900;2.5856;-1.8800
2024-02-01 03:00;5.2100;2.7538;7.0800;2.4562;-1.8700
2024-02-01 04:00;5.9500;2.8827;7.0600;3.0673;-1.1100
2024-02-01 05:00;5.9500;2.9612;7.0500;2.9888;-1.1000
2024-02-01 06:00;6.6900;3.0506;7.0300;3.6394;-0.3400
2024-02-01 07:00;6.6900;3.0660;7.0200;3.6240;-0.3300
2024-02-01 08:00;6.6900;3.1273;7.0000;3.5627;-0.3100
2024-02-01 09:00;7.4300;3.1166;6.9900;4.3134;0.4400
2024-02-01 10:00;6.6900;2.8924;6.9800;3.7976;-0.2900
2024-02-01 11:00;5.9500;2.3711;6.9600;3.5789;-1.0100
2024-02-01 12:00;5.9500;1.9552;6.9500;3.9948;-1.0000
2024-02-01 13:00;5.2100;1.7675;6.9400;3.4425;-1.7300
2024-02-01 14:00;5.9500;1.6108;6.9200;4.3392;-0.9700
2024-02-01 15:00;5.9500;1.6069;6.9100;4.3431;-0.9600
2024-02-01 16:00;5.9500;1.6007;6.9000;4.3493;-0.9500
2024-02-01 17:00;5.9500;1.6046;6.8900;4.3454;-0.9400
2024-02-01 18:00;5.9500;1.6287;6.8700;4.3213;-0.9200
2024-02-01 19:00;5.9500;1.6544;6.8600;4.2956;-0.9100
2024-02-01 20:00;5.9500;1.7328;6.8500;4.2172;-0.9000
2024-02-01 21:00;5.2100;1.8510;6.8400;3.3590;-1.6300
2024-02-01 22:00;5.2100;1.9805;6.8300;3.2295;-1.6200
2024-02-01 23:00;5.2100;2.0888;6.8100;3.1212;-1.6000
2024-02-02 00:00;5.2100;2.2614;6.8000;2.9486;-1.5900
2024-02-02 01:00;5.2100;2.4263;6.7900;2.7837;-1.5800
2024-02-02 02:00;5.2100;2.5193;6.7800;2.6907;-1.5700
2024-02-02 03:00;5.2100;2.5528;6.7600;2.6572;-1.5500
2024-02-02 04:00;5.9500;2.6135;6.7500;3.3365;-0.8000
2024-02-02 05:00;5.9500;2.6742;6.7400;3.2758;-0.7900
2024-02-02 06:00;5.2100;2.7105;6.7200;2.4995;-1.5100
2024-02-02 07:00;5.9500;2.6827;6.7100;3.2673;-0.7600
2024-02-02 08:00;5.2100;2.6733;6.7000;2.5367;-1.4900
2024-02-02 09:00;5.2100;2.6414;6.6900;2.5686;-1.4800
2024-02-02 10:00;5.9500;2.4589;6.6700;3.4911;-0.7200
2024-02-02 11:00;5.2100;2.0685;6.6600;3.1415;-1.4500
2024-02-02 12:00;4.4700;1.7442;6.6500;2.7258;-2.1800
2024-02-02 13:00;4.4700;1.4995;6.6400;2.9705;-2.1700
2024-02-02 14:00;3.9600;1.3243;6.6300;2.6357;-2.6700
2024-02-02 15:00;3.9600;1.2946;6.6200;2.6654;-2.6600
2024-02-02 16:00;3.4500;1.2946;6.6000;2.1554;-3.1500
2024-02-02 17:00;3.4500;1.2946;6.5900;2.1554;-3.1400
2024-02-02 18:00;3.4500;1.2946;6.5800;2.1554;-3.1300
2024-02-02 19:00;3.9600;1.2946;6.5700;2.6654;-2.6100
2024-02-02 20:00;3.9600;1.3160;6.5600;2.6440;-2.6000
2024-02-02 21:00;4.4700;1.3963;6.5500;3.0737;-2.0800
2024-02-02 22:00;4.4700;1.4776;6.5400;2.9924;-2.0700
2024-02-02 23:00;4.4700;1.5521;6.5300;2.9179;-2.0600
2024-02-03 00:00;5.2100;1.6023;6.5100;3.6077;-1.3000
2024-02-03 01:00;4.4700;1.6322;6.5000;2.8378;-2.0300
2024-02-03 02:00;4.4700;1.6460;6.4900;2.8240;-2.0200
2024-02-03 03:00;5.2100;1.6578;6.4800;3.5522;-1.2700
2024-02-03 04:00;5.2100;1.6648;6.4600;3.5452;-1.2500
2024-02-03 05:00;4.4700;1.6507;6.4500;2.8193;-1.9800
2024-02-03 06:00;5.2100;1.6512;6.4400;3.5588;-1.2300
2024-02-03 07:00;5.9500;1.6604;6.4200;4.2896;-0.4700
2024-02-03 08:00;5.9500;1.6489;6.4100;4.3011;-0.4600
2024-02-03 09:00;6.6900;1.6250;6.4000;5.0650;0.2900
2024-02-03 10:00;7.4300;1.5572;6.3900;5.8728;1.0400
2024-02-03 11:00;5.9500;1.3919;6.3800;4.5581;-0.4300
2024-02-03 12:00;4.4700;1.2946;6.3700;3.1754;-1.9000
2024-02-03 13:00;4.4700;1.2946;6.3600;3.1754;-1.8900
2024-02-03 14:00;3.4500;1.2946;6.3400;2.1554;-2.8900
2024-02-03 15:00;3.4500;1.2946;6.3300;2.1554;-2.8800
2024-02-03 16:00;2.9300;1.2946;6.3200;1.6354;-3.3900
2024-02-03 17:00;2.4200;1.2946;6.3100;1.1254;-3.8900
2024-02-03 18:00;3.4500;1.2946;6.3000;2.1554;-2.8500
2024-02-03 19:00;3.4500;1.2946;6.2900;2.1554;-2.8400
2024-02-03 20:00;3.4500;1.2946;6.2800;2.1554;-2.8300
2024-02-03 21:00;3.4500;1.2946;6.2700;2.1554;-2.8200
2024-02-03 22:00;3.9600;1.2946;6.2600;2.6654;-2.3000
2024-02-03 23:00;4.4700;1.2946;6.2500;3.1754;-1.7800
2024-02-04 00:00;4.4700;1.2996;6.2400;3.1704;-1.7700
2024-02-04 01:00;5.2100;1.3199;6.2300;3.8901;-1.0200
2024-02-04 02:00;4.4700;1.3498;6.2100;3.1202;-1.7400
2024-02-04 03:00;3.4500;1.3523;6.2000;2.0977;-2.7500
2024-02-04 04:00;3.9600;1.3714;6.1900;2.5886;-2.2300
2024-02-04 05:00;3.9600;1.3963;6.1800;2.5637;-2.2200
2024-02-04 06:00;4.4700;1.3999;6.1700;3.0701;-1.7000
2024-02-04 07:00;4.4700;1.4157;6.1600;3.0543;-1.6900
2024-02-04 08:00;4.4700;1.4171;6.1500;3.0529;-1.6800
2024-02-04 09:00;5.2100;1.4454;6.1400;3.7646;-0.9300
2024-02-04 10:00;5.9500;1.4366;6.1300;4.5134;-0.1800
2024-02-04 11:00;4.4700;1.3426;6.1200;3.1274;-1.6500
2024-02-04 12:00;3.9600;1.2946;6.1100;2.6654;-2.1500
2024-02-04 13:00;3.9600;1.2946;6.1000;2.6654;-2.1400
2024-02-04 14:00;3.4500;1.2946;6.0900;2.1554;-2.6400
2024-02-04 15:00;2.9300;1.2946;6.0800;1.6354;-3.1500
2024-02-04 16:00;3.4500;1.2946;6.0700;2.1554;-2.6200
2024-02-04 17:00;2.9300;1.2946;6.0600;1.6354;-3.1300
2024-02-04 18:00;2.9300;1.2946;6.0500;1.6354;-3.1200
2024-02-04 19:00;3.4500;1.2946;6.0400;2.1554;-2.5900
2024-02-04 20:00;3.4500;1.2946;6.0300;2.1554;-2.5800
2024-02-04 21:00;3.9600;1.2946;6.0200;2.6654;-2.0600
2024-02-04 22:00;3.9600;1.2946;6.0100;2.6654;-2.0500
2024-02-04 23:00;3.9600;1.2946;6.0000;2.6654;-2.0400
2024-02-05 00:00;4.4700;1.2946;5.9900;3.1754;-1.5200
2024-02-05 01:00;3.9600;1.2946;5.9900;2.6654;-2.0300
2024-02-05 02:00;3.9600;1.2946;5.9800;2.6654;-2.0200
2024-02-05 03:00;3.9600;1.2946;5.9700;2.6654;-2.0100
2024-02-05 04:00;3.4500;1.2946;5.9600;2.1554;-2.5100
2024-02-05 05:00;3.4500;1.2946;5.9500;2.1554;-2.5000
2024-02-05 06:00;3.9600;1.2946;5.9400;2.6654;-1.9800
2024-02-05 07:00;3.9600;1.2946;5.9300;2.6654;-1.9700
2024-02-05 08:00;3.9600;1.2946;5.9200;2.6654;-1.9600
2024-02-05 09:00;5.2100;1.2974;5.9100;3.9126;-0.7000
2024-02-05 10:00;5.9500;1.2972;5.9000;4.6528;0.0500
2024-02-05 11:00;4.4700;1.2946;5.8900;3.1754;-1.4200
2024-02-05 12:00;3.4500;1.2946;5.8800;2.1554;-2.4300
2024-02-05 13:00;3.4500;1.2946;5.8700;2.1554;-2.4200
2024-02-05 14:00;2.9300;1.2946;5.8600;1.6354;-2.9300
2024-02-05 15:00;2.9300;1.2946;5.8500;1.6354;-2.9200
2024-02-05 16:00;2.4200;1.2946;5.8400;1.1254;-3.4200
2024-02-05 17:00;2.9300;1.2946;5.8400;1.6354;-2.9100
2024-02-05 18:00;3.4500;1.2946;5.8300;2.1554;-2.3800
2024-02-05 19:00;2.9300;1.2946;5.8200;1.6354;-2.8900
2024-02-05 20:00;2.9300;1.2946;5.8100;1.6354;-2.8800
2024-02-05 21:00;3.4500;1.2946;5.8000;2.1554;-2.3500
2024-02-05 22:00;3.4500;1.2946;5.7900;2.1554;-2.3400
2024-02-05 23:00;3.4500;1.2946;5.7800;2.1554;-2.3300
2024-02-06 00:00;3.4500;1.2946;5.7800;2.1554;-2.3300
2024-02-06 01:00;3.9600;1.2946;5.7700;2.6654;-1.8100
2024-02-06 02:00;3.4500;1.3004;5.7600;2.1496;-2.3100
2024-02-06 03:00;2.9300;1.3043;5.7500;1.6257;-2.8200
2024-02-06 04:00;2.9300;1.3116;5.7400;1.6184;-2.8100
2024-02-06 05:00;3.4500;1.3213;5.7300;2.1287;-2.2800
2024-02-06 06:00;3.4500;1.3281;5.7300;2.1219;-2.2800
2024-02-06 07:00;3.9600;1.3316;5.7200;2.6284;-1.7600
2024-02-06 08:00;4.4700;1.3296;5.7100;3.1404;-1.2400
2024-02-06 09:00;5.9500;1.3290;5.7000;4.6210;0.2500
2024-02-06 10:00;5.9500;1.3145;5.6900;4.6355;0.2600
2024-02-06 11:00;5.9500;1.2975;5.6800;4.6525;0.2700
2024-02-06 12:00;5.2100;1.2946;5.6800;3.9154;-0.4700
2024-02-06 13:00;4.4700;1.2946;5.6700;3.1754;-1.2000
2024-02-06 14:00;3.9600;1.2946;5.6600;2.6654;-1.7000
2024-02-06 15:00;3.9600;1.2946;5.6500;2.6654;-1.6900
2024-02-06 16:00;3.4500;1.2946;5.6500;2.1554;-2.2000
2024-02-06 17:00;3.4500;1.2946;5.6400;2.1554;-2.1900
2024-02-06 18:00;2.9300;1.2946;5.6300;1.6354;-2.7000
2024-02-06 19:00;2.9300;1.2946;5.6200;1.6354;-2.6900
2024-02-06 20:00;2.9300;1.2946;5.6200;1.6354;-2.6900
2024-02-06 21:00;3.4500;1.2946;5.6100;2.1554;-2.1600
2024-02-06 22:00;3.4500;1.2946;5.6000;2.1554;-2.1500
2024-02-06 23:00;3.4500;1.2946;5.5900;2.1554;-2.1400
2024-02-07 00:00;3.4500;1.2946;5.5900;2.1554;-2.1400
2024-02-07 01:00;3.4500;1.2946;5.5800;2.1554;-2.1300
2024-02-07 02:00;3.4500;1.2946;5.5700;2.1554;-2.1200
2024-02-07 03:00;2.9300;1.2946;5.5600;1.6354;-2.6300
2024-02-07 04:00;2.9300;1.2946;5.5500;1.6354;-2.6200
2024-02-07 05:00;3.4500;1.2946;5.5500;2.1554;-2.1000
2024-02-07 06:00;3.4500;1.2946;5.5400;2.1554;-2.0900
2024-02-07 07:00;3.4500;1.2946;5.5300;2.1554;-2.0800
2024-02-07 08:00;3.4500;1.2946;5.5200;2.1554;-2.0700
2024-02-07 09:00;3.4500;1.2946;5.5100;2.1554;-2.0600
2024-02-07 10:00;3.9600;1.2946;5.5100;2.6654;-1.5500
2024-02-07 11:00;3.9600;1.2946;5.5000;2.6654;-1.5400
2024-02-07 12:00;3.4500;1.2946;5.4900;2.1554;-2.0400
2024-02-07 13:00;3.4500;1.2946;5.4800;2.1554;-2.0300
2024-02-07 14:00;2.9300;1.2946;5.4700;1.6354;-2.5400
2024-02-07 15:00;2.4200;1.2946;5.4700;1.1254;-3.0500
2024-02-07 16:00;2.9300;1.2946;5.4600;1.6354;-2.5300
2024-02-07 17:00;2.9300;1.2946;5.4500;1.6354;-2.5200
2024-02-07 18:00;2.9300;1.2946;5.4500;1.6354;-2.5200
2024-02-07 19:00;2.9300;1.2946;5.4400;1.6354;-2.5100
2024-02-07 20:00;2.9300;1.2946;5.4400;1.6354;-2.5100
2024-02-07 21:00;2.9300;1.2946;5.4300;1.6354;-2.5000
2024-02-07 22:00;2.9300;1.2946;5.4200;1.6354;-2.4900
2024-02-07 23:00;3.4500;1.2946;5.4200;2.1554;-1.9700
2024-02-08 00:00;3.4500;1.2946;5.4100;2.1554;-1.9600
2024-02-08 01:00;2.9300;1.2946;5.4100;1.6354;-2.4800
2024-02-08 02:00;2.9300;1.2946;5.4000;1.6354;-2.4700
2024-02-08 03:00;2.9300;1.2946;5.4000;1.6354;-2.4700
2024-02-08 04:00;2.4200;1.2946;5.3900;1.1254;-2.9700
2024-02-08 05:00;2.9300;1.2946;5.3900;1.6354;-2.4600
2024-02-08 06:00;3.4500;1.2946;5.3900;2.1554;-1.9400
2024-02-08 07:00;2.9300;1.2946;5.3800;1.6354;-2.4500
2024-02-08 08:00;3.4500;1.2946;5.3700;2.1554;-1.9200
2024-02-08 09:00;3.9600;1.2946;5.3700;2.6654;-1.4100
2024-02-08 10:00;5.2100;1.2946;5.3600;3.9154;-0.1500
2024-02-08 11:00;4.4700;1.2946;5.3500;3.1754;-0.8800
2024-02-08 12:00;3.4500;1.2946;5.3500;2.1554;-1.9000
2024-02-08 13:00;3.4500;1.2946;5.3400;2.1554;-1.8900
2024-02-08 14:00;3.4500;1.2946;5.3300;2.1554;-1.8800
2024-02-08 15:00;2.9300;1.2946;5.3200;1.6354;-2.3900
2024-02-08 16:00;2.9300;1.2946;5.3200;1.6354;-2.3900
2024-02-08 17:00;2.9300;1.2946;5.3100;1.6354;-2.3800
2024-02-08 18:00;2.9300;1.2946;5.3000;1.6354;-2.3700
2024-02-08 19:00;3.4500;1.2946;5.2900;2.1554;-1.8400
2024-02-08 20:00;3.9600;1.2946;5.2900;2.6654;-1.3300
2024-02-08 21:00;3.9600;1.2946;5.2800;2.6654;-1.3200
2024-02-08 22:00;3.4500;1.2946;5.2700;2.1554;-1.8200
2024-02-08 23:00;3.9600;1.2946;5.2600;2.6654;-1.3000
2024-02-09 00:00;3.9600;1.2946;5.2600;2.6654;-1.3000
2024-02-09 01:00;3.4500;1.2946;5.2500;2.1554;-1.8000
2024-02-09 02:00;3.4500;1.2946;5.2400;2.1554;-1.7900
2024-02-09 03:00;3.4500;1.2946;5.2400;2.1554;-1.7900
2024-02-09 04:00;3.9600;1.2946;5.2300;2.6654;-1.2700
2024-02-09 05:00;4.4700;1.2946;5.2300;3.1754;-0.7600
2024-02-09 06:00;4.4700;1.2946;5.2200;3.1754;-0.7500
2024-02-09 07:00;3.9600;1.2946;5.2100;2.6654;-1.2500
2024-02-09 08:00;3.9600;1.2946;5.2100;2.6654;-1.2500
2024-02-09 09:00;3.4500;1.2946;5.2100;2.1554;-1.7600
2024-02-09 10:00;2.9300;1.2946;5.2000;1.6354;-2.2700
2024-02-09 11:00;2.9300;1.2946;5.2000;1.6354;-2.2700
2024-02-09 12:00;2.9300;1.2946;5.1900;1.6354;-2.2600
2024-02-09 13:00;2.9300;1.2946;5.1900;1.6354;-2.2600
2024-02-09 14:00;2.4200;1.2946;5.1800;1.1254;-2.7600
2024-02-09 15:00;2.4200;1.2946;5.1800;1.1254;-2.7600
2024-02-09 16:00;2.9300;1.2946;5.1800;1.6354;-2.2500
2024-02-09 17:00;2.4200;1.2946;5.1800;1.1254;-2.7600
2024-02-09 18:00;2.4200;1.2946;5.1800;1.1254;-2.7600
2024-02-09 19:00;3.4500;1.2946;5.1800;2.1554;-1.7300
2024-02-09 20:00;2.9300;1.2946;5.1900;1.6354;-2.2600
2024-02-09 21:00;2.9300;1.8081;5.2000;1.1219;-2.2700
2024-02-09 22:00;3.4500;3.0262;5.2300;0.4238;-1.7800
2024-02-09 23:00;3.9600;4.6615;5.2700;-0.7015;-1.3100
2024-02-10 00:00;3.9600;6.2663;5.3400;-2.3063;-1.3800
2024-02-10 01:00;3.9600;7.3984;5.5100;-3.4384;-1.5500
2024-02-10 02:00;3.9600;8.3021;5.9800;-4.3421;-2.0200
2024-02-10 03:00;4.4700;8.5502;7.1600;-4.0802;-2.6900
2024-02-10 04:00;4.4700;8.5304;9.5400;-4.0604;-5.0700
2024-02-10 05:00;5.2100;8.2186;13.1100;-3.0086;-7.9000
2024-02-10 06:00;5.2100;7.9525;17.2100;-2.7425;-12.0000
2024-02-10 07:00;5.2100;7.7468;20.7500;-2.5368;-15.5400
2024-02-10 08:00;9.1500;8.0519;23.0300;1.0981;-13.8800
2024-02-10 09:00;14.2800;8.7212;23.9600;5.5588;-9.6800
2024-02-10 10:00;23.5400;10.6719;23.8800;12.8681;-0.3400
2024-02-10 11:00;26.4700;13.1054;23.1800;13.3646;3.2900
2024-02-10 12:00;26.4700;16.0316;22.2300;10.4384;4.2400
2024-02-10 13:00;25.0100;19.1542;21.2700;5.8558;3.7400
2024-02-10 14:00;23.5400;22.1041;20.5500;1.4359;2.9900
2024-02-10 15:00;23.5400;25.7073;20.3800;-2.1673;3.1600
2024-02-10 16:00;22.0800;28.5160;21.2200;-6.4360;0.8600
2024-02-10 17:00;22.0800;32.4105;23.5700;-10.3305;-1.4900
2024-02-10 18:00;20.6100;36.8532;27.9100;-16.2432;-7.3000
2024-02-10 19:00;20.6100;42.5226;34.3800;-21.9126;-13.7700
2024-02-10 20:00;53.7600;50.0645;42.5800;3.6955;11.1800
2024-02-10 21:00;88.1100;59.7573;51.8300;28.3527;36.2800
2024-02-10 22:00;103.6600;71.5957;61.6500;32.0643;42.0100
2024-02-10 23:00;124.0900;83.8981;72.1100;40.1919;51.9800
2024-02-11 00:00;158.3700;97.9917;83.4200;60.3783;74.9500
2024-02-11 01:00;206.2400;109.8669;95.0700;96.3731;111.1700
2024-02-11 02:00;220.3900;118.8778;105.4600;101.5122;114.9300
2024-02-11 03:00;215.4900;121.2730;112.6900;94.2170;102.8000
2024-02-11 04:00;196.9900;122.5005;115.9600;74.4895;81.0300
2024-02-11 05:00;174.9500;119.1111;115.9500;55.8389;59.0000
2024-02-11 06:00;158.3700;117.2902;114.3700;41.0798;44.0000
2024-02-11 07:00;142.5900;113.0716;112.7600;29.5184;29.8300
2024-02-11 08:00;134.9800;112.4373;111.5400;22.5427;23.4400
2024-02-11 09:00;138.7900;111.1329;110.2900;27.6571;28.5000
2024-02-11 10:00;131.1700;110.9098;108.2600;20.2602;22.9100
2024-02-11 11:00;124.0900;108.3793;105.0300;15.7107;19.0600
2024-02-11 12:00;113.4800;104.1124;100.6100;9.3676;12.8700
2024-02-11 13:00;110.2100;97.7621;95.3600;12.4479;14.8500
2024-02-11 14:00;110.2100;91.6100;89.7600;18.6000;20.4500
2024-02-11 15:00;106.9400;86.2526;84.2400;20.6874;22.7000
2024-02-11 16:00;94.1200;81.3260;79.0700;12.7940;15.0500
2024-02-11 17:00;88.1100;78.1834;74.3900;9.9266;13.7200
2024-02-11 18:00;94.1200;74.8073;70.2200;19.3127;23.9000
2024-02-11 19:00;94.1200;73.0558;66.5100;21.0642;27.6100
2024-02-11 20:00;91.1100;70.7001;63.2000;20.4099;27.9100
2024-02-11 21:00;91.1100;68.7892;60.2100;22.3208;30.9000
2024-02-11 22:00;88.1100;66.6755;57.5000;21.4345;30.6100
2024-02-11 23:00;85.1000;64.8612;55.0200;20.2388;30.0800
2024-02-12 00:00;79.3600;62.8369;52.7300;16.5231;26.6300
2024-02-12 01:00;79.3600;60.6204;50.6300;18.7396;28.7300
2024-02-12 02:00;76.6200;57.8397;48.6900;18.7803;27.9300
2024-02-12 03:00;73.8700;55.2847;46.9200;18.5853;26.9500
2024-02-12 04:00;73.8700;53.0243;45.3300;20.8457;28.5400
2024-02-12 05:00;71.1300;51.2008;43.9000;19.9292;27.2300
2024-02-12 06:00;71.1300;49.9872;42.6100;21.1428;28.5200
2024-02-12 07:00;68.3900;49.1219;41.4300;19.2681;26.9600
2024-02-12 08:00;65.9100;47.4444;40.3400;18.4656;25.5700
2024-02-12 09:00;68.3900;45.5967;39.3000;22.7933;29.0900
2024-02-12 10:00;63.4300;42.8991;38.3100;20.5309;25.1200
2024-02-12 11:00;60.9400;40.1233;37.3700;20.8167;23.5700
2024-02-12 12:00;55.9800;36.8131;36.4600;19.1669;19.5200
2024-02-12 13:00;53.7600;33.7708;35.6000;19.9892;18.1600
2024-02-12 14:00;51.5400;30.8228;34.7600;20.7172;16.7800
2024-02-12 15:00;49.3100;28.0730;33.9500;21.2370;15.3600
2024-02-12 16:00;49.3100;26.0894;33.1700;23.2206;16.1400
2024-02-12 17:00;51.5400;25.0922;32.4200;26.4478;19.1200
2024-02-12 18:00;51.5400;25.3149;31.6800;26.2251;19.8600
2024-02-12 19:00;51.5400;25.8810;30.9800;25.6590;20.5600
2024-02-12 20:00;49.3100;26.7015;30.3000;22.6085;19.0100
2024-02-12 21:00;51.5400;27.4723;29.6600;24.0677;21.8800
2024-02-12 22:00;49.3100;27.6602;29.0500;21.6498;20.2600
2024-02-12 23:00;49.3100;28.9223;28.4800;20.3877;20.8300
2024-02-13 00:00;49.3100;29.5344;27.9400;19.7756;21.3700
2024-02-13 01:00;47.0900;30.0151;27.4400;17.0749;19.6500
2024-02-13 02:00;49.3100;30.3189;26.9800;18.9911;22.3300
2024-02-13 03:00;49.3100;30.0656;26.5600;19.2444;22.7500
2024-02-13 04:00;47.0900;29.7019;26.1600;17.3881;20.9300
2024-02-13 05:00;47.0900;29.0071;25.7900;18.0829;21.3000
2024-02-13 06:00;47.0900;28.6312;25.4300;18.4588;21.6600
2024-02-13 07:00;44.8700;28.1693;25.0800;16.7007;19.7900
2024-02-13 08:00;44.8700;27.7052;24.7400;17.1648;20.1300
2024-02-13 09:00;44.8700;26.1895;24.4100;18.6805;20.4600
2024-02-13 10:00;44.8700;24.7346;24.0800;20.1354;20.7900
2024-02-13 11:00;44.8700;23.1357;23.7700;21.7343;21.1000
2024-02-13 12:00;40.9400;23.0422;23.4600;17.8978;17.4800
2024-02-13 13:00;40.9400;20.0437;23.1500;20.8963;17.7900
2024-02-13 14:00;38.9700;17.6899;22.8500;21.2801;16.1200
2024-02-13 15:00;38.9700;15.0941;22.5600;23.8759;16.4100
2024-02-13 16:00;37.0100;12.8853;22.2600;24.1247;14.7500
2024-02-13 17:00;37.0100;12.3657;21.9800;24.6443;15.0300
2024-02-13 18:00;38.9700;12.5451;21.7000;26.4249;17.2700
2024-02-13 19:00;37.0100;13.2537;21.4300;23.7563;15.5800
2024-02-13 20:00;33.3300;14.0826;21.1700;19.2474;12.1600
2024-02-13 21:00;29.9000;14.6289;20.9200;15.2711;8.9800
2024-02-13 22:00;26.4700;15.6465;20.6800;10.8235;5.7900
2024-02-13 23:00;26.4700;16.2912;20.4500;10.1788;6.0200
2024-02-14 00:00;25.0100;17.0508;20.2200;7.9592;4.7900
2024-02-14 01:00;23.5400;17.4421;20.0000;6.0979;3.5400
2024-02-14 02:00;23.5400;17.7613;19.7800;5.7787;3.7600
2024-02-14 03:00;23.5400;17.7428;19.5700;5.7972;3.9700
2024-02-14 04:00;23.5400;17.8559;19.3600;5.6841;4.1800
2024-02-14 05:00;23.5400;17.8530;19.1600;5.6870;4.3800
2024-02-14 06:00;23.5400;17.8504;18.9700;5.6896;4.5700
2024-02-14 07:00;22.0800;17.8119;18.7800;4.2681;3.3000
2024-02-14 08:00;22.0800;17.9874;18.6000;4.0926;3.4800
2024-02-14 09:00;22.0800;17.9699;18.4200;4.1101;3.6600
2024-02-14 10:00;22.0800;17.4279;18.2500;4.6521;3.8300
2024-02-14 11:00;20.6100;15.7841;18.0800;4.8259;2.5300
2024-02-14 12:00;17.9300;14.0616;17.9100;3.8684;0.0200
2024-02-14 13:00;17.9300;11.5290;17.7500;6.4010;0.1800
2024-02-14 14:00;16.7100;9.5260;17.5900;7.1840;-0.8800
2024-02-14 15:00;16.7100;7.6911;17.4300;9.0189;-0.7200
2024-02-14 16:00;16.7100;6.8301;17.2800;9.8799;-0.5700
2024-02-14 17:00;15.5000;6.6300;17.1300;8.8700;-1.6300
2024-02-14 18:00;16.7100;7.1289;16.9800;9.5811;-0.2700
2024-02-14 19:00;17.9300;8.0277;16.8300;9.9023;1.1000
2024-02-14 20:00;17.9300;9.2629;16.6800;8.6671;1.2500
2024-02-14 21:00;17.9300;9.7950;16.5400;8.1350;1.3900
2024-02-14 22:00;17.9300;10.2760;16.3900;7.6540;1.5400
2024-02-14 23:00;17.9300;10.7653;16.2500;7.1647;1.6800
2024-02-15 00:00;17.9300;11.2354;16.1100;6.6946;1.8200
2024-02-15 01:00;16.7100;11.6098;15.9700;5.1002;0.7400
2024-02-15 02:00;16.7100;11.9069;15.8400;4.8031;0.8700
2024-02-15 03:00;17.9300;12.0592;15.7100;5.8708;2.2200
2024-02-15 04:00;17.9300;12.0880;15.5800;5.8420;2.3500
2024-02-15 05:00;17.9300;12.2067;15.4600;5.7233;2.4700
2024-02-15 06:00;17.9300;12.2896;15.3300;5.6404;2.6000
2024-02-15 07:00;17.9300;12.1828;15.2200;5.7472;2.7100
2024-02-15 08:00;17.9300;12.1272;15.1000;5.8028;2.8300
2024-02-15 09:00;17.9300;11.7729;14.9900;6.1571;2.9400
2024-02-15 10:00;16.7100;10.5536;14.8800;6.1564;1.8300
2024-02-15 11:00;16.7100;8.8519;14.7800;7.8581;1.9300
2024-02-15 12:00;14.2800;6.8813;14.6700;7.3987;-0.3900
2024-02-15 13:00;13.0600;5.6058;14.5700;7.4542;-1.5100
2024-02-15 14:00;13.0600;4.6057;14.4700;8.4543;-1.4100
2024-02-15 15:00;13.0600;4.0101;14.3700;9.0499;-1.3100
2024-02-15 16:00;13.0600;3.6719;14.2800;9.3881;-1.2200
2024-02-15 17:00;14.2800;3.6554;14.1800;10.6246;0.1000
2024-02-15 18:00;14.2800;3.8601;14.0800;10.4199;0.2000
2024-02-15 19:00;14.2800;4.3706;13.9900;9.9094;0.2900
2024-02-15 20:00;14.2800;5.1528;13.9000;9.1272;0.3800
2024-02-15 21:00;14.2800;5.9412;13.8000;8.3388;0.4800
2024-02-15 22:00;15.5000;6.6253;13.7100;8.8747;1.7900
2024-02-15 23:00;15.5000;7.0856;13.6100;8.4144;1.8900
2024-02-16 00:00;14.2800;7.3982;13.5200;6.8818;0.7600
2024-02-16 01:00;14.2800;7.6157;13.4300;6.6643;0.8500
2024-02-16 02:00;14.2800;7.6486;13.3400;6.6314;0.9400
2024-02-16 03:00;14.2800;7.5691;13.2500;6.7109;1.0300
2024-02-16 04:00;15.5000;7.5190;13.1600;7.9810;2.3400
2024-02-16 05:00;15.5000;7.5682;13.0700;7.9318;2.4300
2024-02-16 06:00;15.5000;7.5318;12.9900;7.9682;2.5100
2024-02-16 07:00;15.5000;7.4805;12.9100;8.0195;2.5900
2024-02-16 08:00;15.5000;7.4637;12.8300;8.0363;2.6700
2024-02-16 09:00;16.7100;7.4014;12.7600;9.3086;3.9500
2024-02-16 10:00;15.5000;6.9808;12.6800;8.5192;2.8200
2024-02-16 11:00;14.2800;5.7799;12.6100;8.5001;1.6700
2024-02-16 12:00;13.0600;4.6706;12.5400;8.3894;0.5200
2024-02-16 13:00;13.0600;3.8277;12.4700;9.2323;0.5900
2024-02-16 14:00;12.0800;3.2891;12.4000;8.7909;-0.3200
2024-02-16 15:00;12.0800;2.8575;12.3300;9.2225;-0.2500
2024-02-16 16:00;12.0800;2.7364;12.2600;9.3436;-0.1800
2024-02-16 17:00;13.0600;2.6932;12.2000;10.3668;0.8600
2024-02-16 18:00;15.5000;2.8147;12.1300;12.6853;3.3700
2024-02-16 19:00;16.7100;3.1860;12.0600;13.5240;4.6500
2024-02-16 20:00;15.5000;3.5921;12.0000;11.9079;3.5000
2024-02-16 21:00;16.7100;4.0016;11.9300;12.7084;4.7800
2024-02-16 22:00;16.7100;4.2694;11.8700;12.4406;4.8400
2024-02-16 23:00;15.5000;4.4824;11.8000;11.0176;3.7000
2024-02-17 00:00;15.5000;4.4810;11.7300;11.0190;3.7700
2024-02-17 01:00;15.5000;4.5326;11.6700;10.9674;3.8300
2024-02-17 02:00;15.5000;4.5148;11.6000;10.9852;3.9000
2024-02-17 03:00;15.5000;4.5411;11.5400;10.9589;3.9600
2024-02-17 04:00;15.5000;4.5516;11.4700;10.9484;4.0300
2024-02-17 05:00;15.5000;4.5393;11.4100;10.9607;4.0900
2024-02-17 06:00;15.5000;4.5000;11.3500;11.0000;4.1500
2024-02-17 07:00;14.2800;4.4633;11.2900;9.8167;2.9900
2024-02-17 08:00;15.5000;4.4866;11.2400;11.0134;4.2600
2024-02-17 09:00;15.5000;4.4547;11.1800;11.0453;4.3200
2024-02-17 10:00;15.5000;4.1884;11.1300;11.3116;4.3700
2024-02-17 11:00;14.2800;3.8214;11.0700;10.4586;3.2100
2024-02-17 12:00;13.0600;3.1913;11.0200;9.8687;2.0400
2024-02-17 13:00;12.0800;2.5486;10.9700;9.5314;1.1100
2024-02-17 14:00;12.0800;2.2064;10.9200;9.8736;1.1600
2024-02-17 15:00;12.0800;1.9545;10.8700;10.1255;1.2100
2024-02-17 16:00;12.0800;1.8332;10.8200;10.2468;1.2600
2024-02-17 17:00;12.0800;1.7811;10.7700;10.2989;1.3100
2024-02-17 18:00;12.0800;1.8326;10.7200;10.2474;1.3600
2024-02-17 19:00;12.0800;1.9627;10.6700;10.1173;1.4100
2024-02-17 20:00;13.0600;2.2860;10.6200;10.7740;2.4400
2024-02-17 21:00;13.0600;2.5935;10.5700;10.4665;2.4900
2024-02-17 22:00;13.0600;2.9052;10.5200;10.1548;2.5400
2024-02-17 23:00;13.0600;3.1094;10.4700;9.9506;2.5900
2024-02-18 00:00;13.0600;3.3616;10.4200;9.6984;2.6400
2024-02-18 01:00;13.0600;3.5826;10.3700;9.4774;2.6900
2024-02-18 02:00;13.0600;3.7232;10.3300;9.3368;2.7300
2024-02-18 03:00;13.0600;3.8211;10.2800;9.2389;2.7800
2024-02-18 04:00;13.0600;3.9445;10.2300;9.1155;2.8300
2024-02-18 05:00;13.0600;4.0870;10.1800;8.9730;2.8800
2024-02-18 06:00;13.0600;4.2425;10.1400;8.8175;2.9200
2024-02-18 07:00;13.0600;4.4079;10.0900;8.6521;2.9700
2024-02-18 08:00;13.0600;4.5006;10.0500;8.5594;3.0100
2024-02-18 09:00;13.0600;4.5193;10.0000;8.5407;3.0600
2024-02-18 10:00;13.0600;4.0625;9.9600;8.9975;3.1000
2024-02-18 11:00;12.0800;3.2077;9.9200;8.8723;2.1600
2024-02-18 12:00;11.1000;2.5016;9.8800;8.5984;1.2200
2024-02-18 13:00;10.1300;2.0667;9.8500;8.0633;0.2800
2024-02-18 14:00;9.1500;1.8332;9.8100;7.3168;-0.6600
2024-02-18 15:00;9.1500;1.6648;9.7700;7.4852;-0.6200
2024-02-18 16:00;9.1500;1.5736;9.7300;7.5764;-0.5800
2024-02-18 17:00;10.1300;1.5621;9.7000;8.5679;0.4300
2024-02-18 18:00;10.1300;1.6004;9.6600;8.5296;0.4700
2024-02-18 19:00;9.1500;1.7260;9.6200;7.4240;-0.4700
2024-02-18 20:00;10.1300;1.8925;9.5900;8.2375;0.5400
2024-02-18 21:00;10.1300;2.0813;9.5500;8.0487;0.5800
2024-02-18 22:00;9.1500;2.2653;9.5100;6.8847;-0.3600
2024-02-18 23:00;10.1300;2.4243;9.4800;7.7057;0.6500
2024-02-19 00:00;9.1500;2.5508;9.4400;6.5992;-0.2900
2024-02-19 01:00;9.1500;2.6967;9.4000;6.4533;-0.2500
2024-02-19 02:00;9.1500;2.7476;9.3600;6.4024;-0.2100
2024-02-19 03:00;9.1500;2.7858;9.3300;6.3642;-0.1800
2024-02-19 04:00;9.1500;2.7637;9.2900;6.3863;-0.1400
2024-02-19 05:00;9.1500;2.8224;9.2500;6.3276;-0.1000
2024-02-19 06:00;9.1500;2.8517;9.2200;6.2983;-0.0700
2024-02-19 07:00;9.1500;2.8830;9.1800;6.2670;-0.0300
2024-02-19 08:00;9.1500;2.9848;9.1500;6.1652;0.0000
2024-02-19 09:00;10.1300;3.0663;9.1100;7.0637;1.0200
2024-02-19 10:00;10.1300;2.9027;9.0800;7.2273;1.0500
2024-02-19 11:00;9.1500;2.4927;9.0500;6.6573;0.1000
2024-02-19 12:00;8.1700;2.0927;9.0200;6.0773;-0.8500
2024-02-19 13:00;8.1700;1.8421;8.9900;6.3279;-0.8200
2024-02-19 14:00;7.4300;1.6912;8.9600;5.7388;-1.5300
2024-02-19 15:00;7.4300;1.5898;8.9300;5.8402;-1.5000
2024-02-19 16:00;7.4300;1.5228;8.9000;5.9072;-1.4700
2024-02-19 17:00;6.6900;1.4612;8.8700;5.2288;-2.1800
2024-02-19 18:00;7.4300;1.4459;8.8400;5.9841;-1.4100
2024-02-19 19:00;8.1700;1.5221;8.8100;6.6479;-0.6400
2024-02-19 20:00;8.1700;1.6508;8.7800;6.5192;-0.6100
2024-02-19 21:00;9.1500;1.7998;8.7500;7.3502;0.4000
2024-02-19 22:00;10.1300;1.9386;8.7200;8.1914;1.4100
2024-02-19 23:00;10.1300;2.1007;8.6900;8.0293;1.4400
2024-02-20 00:00;10.1300;2.2589;8.6600;7.8711;1.4700
2024-02-20 01:00;10.1300;2.3859;8.6300;7.7441;1.5000
2024-02-20 02:00;10.1300;2.4548;8.6000;7.6752;1.5300
2024-02-20 03:00;9.1500;2.5209;8.5700;6.6291;0.5800
2024-02-20 04:00;9.1500;2.5514;8.5400;6.5986;0.6100
2024-02-20 05:00;9.1500;2.6067;8.5100;6.5433;0.6400
2024-02-20 06:00;9.1500;2.5897;8.4800;6.5603;0.6700
2024-02-20 07:00;9.1500;2.5299;8.4600;6.6201;0.6900
2024-02-20 08:00;9.1500;2.4649;8.4300;6.6851;0.7200
2024-02-20 09:00;9.1500;2.5366;8.4000;6.6134;0.7500
2024-02-20 10:00;10.1300;2.3903;8.3800;7.7397;1.7500
2024-02-20 11:00;9.1500;2.0162;8.3500;7.1338;0.8000
2024-02-20 12:00;9.1500;1.7493;8.3300;7.4007;0.8200
2024-02-20 13:00;8.1700;1.5921;8.3100;6.5779;-0.1400
2024-02-20 14:00;9.1500;1.4697;8.2800;7.6803;0.8700
2024-02-20 15:00;9.1500;1.3752;8.2600;7.7748;0.8900
2024-02-20 16:00;8.1700;1.3295;8.2400;6.8405;-0.0700
2024-02-20 17:00;8.1700;1.3206;8.2100;6.8494;-0.0400
2024-02-20 18:00;9.1500;1.3414;8.1900;7.8086;0.9600
2024-02-20 19:00;9.1500;1.4165;8.1700;7.7335;0.9800
2024-02-20 20:00;9.1500;1.5548;8.1500;7.5952;1.0000
2024-02-20 21:00;9.1500;1.6723;8.1200;7.4777;1.0300
2024-02-20 22:00;9.1500;1.8096;8.1000;7.3404;1.0500
2024-02-20 23:00;9.1500;1.9375;8.0800;7.2125;1.0700
2024-02-21 00:00;9.1500;2.0832;8.0500;7.0668;1.1000
2024-02-21 01:00;9.1500;2.2076;8.0300;6.9424;1.1200
2024-02-21 02:00;9.1500;2.3105;8.0000;6.8395;1.1500
2024-02-21 03:00;8.1700;2.3692;7.9800;5.8008;0.1900
2024-02-21 04:00;8.1700;2.4402;7.9500;5.7298;0.2200
2024-02-21 05:00;8.1700;2.5495;7.9300;5.6205;0.2400
2024-02-21 06:00;8.1700;2.6111;7.9100;5.5589;0.2600
2024-02-21 07:00;7.4300;2.6468;7.8800;4.7832;-0.4500
2024-02-21 08:00;7.4300;2.6851;7.8600;4.7449;-0.4300
2024-02-21 09:00;7.4300;2.6866;7.8400;4.7434;-0.4100
2024-02-21 10:00;8.1700;2.4359;7.8200;5.7341;0.3500
2024-02-21 11:00;7.4300;1.9633;7.7900;5.4667;-0.3600
2024-02-21 12:00;6.6900;1.6793;7.7700;5.0107;-1.0800
2024-02-21 13:00;6.6900;1.4333;7.7500;5.2567;-1.0600
2024-02-21 14:00;5.9500;1.3228;7.7300;4.6272;-1.7800
2024-02-21 15:00;5.9500;1.2946;7.7100;4.6554;-1.7600
2024-02-21 16:00;5.2100;1.2946;7.6900;3.9154;-2.4800
2024-02-21 17:00;5.9500;1.2946;7.6700;4.6554;-1.7200
2024-02-21 18:00;5.9500;1.2946;7.6500;4.6554;-1.7000
2024-02-21 19:00;5.9500;1.2946;7.6400;4.6554;-1.6900
2024-02-21 20:00;6.6900;1.3268;7.6200;5.3632;-0.9300
2024-02-21 21:00;6.6900;1.4217;7.6000;5.2683;-0.9100
2024-02-21 22:00;6.6900;1.5111;7.5800;5.1789;-0.8900
2024-02-21 23:00;6.6900;1.5784;7.5500;5.1116;-0.8600
2024-02-22 00:00;6.6900;1.6246;7.5300;5.0654;-0.8400
2024-02-22 01:00;6.6900;1.6565;7.5100;5.0335;-0.8200
2024-02-22 02:00;7.4300;1.6758;7.4900;5.7542;-0.0600
2024-02-22 03:00;7.4300;1.6750;7.4700;5.7550;-0.0400
2024-02-22 04:00;6.6900;1.6284;7.4500;5.0616;-0.7600
2024-02-22 05:00;6.6900;1.5742;7.4300;5.1158;-0.7400
2024-02-22 06:00;6.6900;1.5481;7.4000;5.1419;-0.7100
2024-02-22 07:00;7.4300;1.5132;7.3800;5.9168;0.0500
2024-02-22 08:00;6.6900;1.4872;7.3600;5.2028;-0.6700
2024-02-22 09:00;7.4300;1.4459;7.3400;5.9841;0.0900
2024-02-22 10:00;7.4300;1.4074;7.3300;6.0226;0.1000
2024-02-22 11:00;6.6900;1.3725;7.3100;5.3175;-0.6200
2024-02-22 12:00;5.2100;1.3282;7.2900;3.8818;-2.0800
2024-02-22 13:00;5.2100;1.3053;7.2700;3.9047;-2.0600
2024-02-22 14:00;5.9500;1.3004;7.2500;4.6496;-1.3000
2024-02-22 15:00;5.2100;1.2977;7.2400;3.9123;-2.0300
2024-02-22 16:00;6.6900;1.2946;7.2200;5.3954;-0.5300
2024-02-22 17:00;5.9500;1.2962;7.2000;4.6538;-1.2500
2024-02-22 18:00;5.9500;1.2946;7.1900;4.6554;-1.2400
2024-02-22 19:00;5.9500;1.3038;7.1700;4.6462;-1.2200
2024-02-22 20:00;5.9500;1.3544;7.1500;4.5956;-1.2000
2024-02-22 21:00;6.6900;1.4241;7.1400;5.2659;-0.4500
2024-02-22 22:00;6.6900;1.4335;7.1200;5.2565;-0.4300
2024-02-22 23:00;6.6900;1.3957;7.1100;5.2943;-0.4200
2024-02-23 00:00;5.9500;1.4242;7.0900;4.5258;-1.1400
2024-02-23 01:00;5.9500;1.4148;7.0700;4.5352;-1.1200
2024-02-23 02:00;5.9500;1.4148;7.0600;4.5352;-1.1100
2024-02-23 03:00;4.4700;1.4344;7.0400;3.0356;-2.5700
2024-02-23 04:00;4.4700;1.4620;7.0200;3.0080;-2.5500
2024-02-23 05:00;4.4700;1.4730;7.0100;2.9970;-2.5400
2024-02-23 06:00;4.4700;1.4849;6.9900;2.9851;-2.5200
2024-02-23 07:00;5.2100;1.4961;6.9800;3.7139;-1.7700
2024-02-23 08:00;4.4700;1.5099;6.9700;2.9601;-2.5000
2024-02-23 09:00;3.9600;1.5682;6.9600;2.3918;-3.0000
2024-02-23 10:00;3.9600;1.6649;6.9600;2.2951;-3.0000
2024-02-23 11:00;5.2100;2.0863;6.9600;3.1237;-1.7500
2024-02-23 12:00;5.9500;3.9356;6.9800;2.0144;-1.0300
2024-02-23 13:00;6.6900;9.5650;7.0200;-2.8750;-0.3300
2024-02-23 14:00;8.1700;21.1860;7.1300;-13.0160;1.0400
2024-02-23 15:00;9.1500;28.5484;7.4400;-19.3984;1.7100
2024-02-23 16:00;9.1500;37.8399;8.6700;-28.6899;0.4800
2024-02-23 17:00;11.1000;52.1138;14.2400;-41.0138;-3.1400
2024-02-23 18:00;11.1000;76.7410;31.0700;-65.6410;-19.9700
2024-02-23 19:00;138.7900;104.1258;60.8800;34.6642;77.9100
2024-02-23 20:00;210.8600;125.5347;94.9900;85.3253;115.8700
2024-02-23 21:00;196.9900;139.0515;120.9100;57.9385;76.0800
2024-02-23 22:00;174.9500;137.9114;133.5200;37.0386;41.4300
2024-02-23 23:00;162.4400;130.3603;134.7800;32.0797;27.6600
2024-02-24 00:00;138.7900;117.2035;128.9900;21.5865;9.8000
2024-02-24 01:00;127.6300;105.5731;119.9300;22.0569;7.7000
2024-02-24 02:00;110.2100;94.4571;109.9700;15.7529;0.2400
2024-02-24 03:00;97.1200;86.0536;100.4400;11.0664;-3.3200
2024-02-24 04:00;91.1100;83.5965;91.8600;7.5135;-0.7500
2024-02-24 05:00;85.1000;80.0018;84.3300;5.0982;0.7700
2024-02-24 06:00;79.3600;77.9466;77.8100;1.4134;1.5500
2024-02-24 07:00;73.8700;75.3701;72.2000;-1.5001;1.6700
2024-02-24 08:00;71.1300;72.5428;67.3600;-1.4128;3.7700
2024-02-24 09:00;71.1300;69.5756;63.1800;1.5544;7.9500
2024-02-24 10:00;68.3900;66.8090;59.5500;1.5810;8.8400
2024-02-24 11:00;60.9400;62.9232;56.4000;-1.9832;4.5400
2024-02-24 12:00;55.9800;59.5049;53.6900;-3.5249;2.2900
2024-02-24 13:00;53.7600;56.5551;51.3500;-2.7951;2.4100
2024-02-24 14:00;51.5400;52.9779;49.3600;-1.4379;2.1800
2024-02-24 15:00;49.3100;50.8199;47.7000;-1.5099;1.6100
2024-02-24 16:00;49.3100;46.9876;46.4000;2.3224;2.9100
2024-02-24 17:00;49.3100;47.2663;45.5000;2.0437;3.8100
2024-02-24 18:00;49.3100;47.8135;44.9700;1.4965;4.3400
2024-02-24 19:00;47.0900;49.3692;44.7300;-2.2792;2.3600
2024-02-24 20:00;49.3100;50.7378;44.6600;-1.4278;4.6500
2024-02-24 21:00;47.0900;53.1698;44.6700;-6.0798;2.4200
2024-02-24 22:00;47.0900;55.6175;44.8300;-8.5275;2.2600
2024-02-24 23:00;47.0900;60.0316;45.3300;-12.9416;1.7600
2024-02-25 00:00;44.8700;64.6862;46.3800;-19.8162;-1.5100
2024-02-25 01:00;44.8700;75.1995;47.9900;-30.3295;-3.1200
2024-02-25 02:00;44.8700;74.1610;49.8300;-29.2910;-4.9600
2024-02-25 03:00;44.8700;78.2193;51.4400;-33.3493;-6.5700
2024-02-25 04:00;44.8700;65.2518;52.3900;-20.3818;-7.5200
2024-02-25 05:00;44.8700;61.3047;52.4800;-16.4347;-7.6100
2024-02-25 06:00;42.9000;52.5272;51.7800;-9.6272;-8.8800
2024-02-25 07:00;42.9000;51.7335;50.5600;-8.8335;-7.6600
2024-02-25 08:00;42.9000;55.1529;49.0700;-12.2529;-6.1700
2024-02-25 09:00;42.9000;56.7441;47.5300;-13.8441;-4.6300
2024-02-25 10:00;44.8700;55.8688;46.0200;-10.9988;-1.1500
2024-02-25 11:00;40.9400;54.5740;44.5500;-13.6340;-3.6100
2024-02-25 12:00;38.9700;51.8819;43.1200;-12.9119;-4.1500
2024-02-25 13:00;37.0100;48.4615;41.7100;-11.4515;-4.7000
2024-02-25 14:00;37.0100;45.0076;40.3400;-7.9976;-3.3300
2024-02-25 15:00;35.0400;39.2341;39.0100;-4.1941;-3.9700
2024-02-25 16:00;35.0400;36.1897;37.7500;-1.1497;-2.7100
2024-02-25 17:00;35.0400;32.0294;36.5800;3.0106;-1.5400
2024-02-25 18:00;35.0400;31.0859;35.4900;3.9541;-0.4500
2024-02-25 19:00;35.0400;31.1121;34.4800;3.9279;0.5600
2024-02-25 20:00;35.0400;31.2082;33.5400;3.8318;1.5000
2024-02-25 21:00;35.0400;31.4328;32.6500;3.6072;2.3900
2024-02-25 22:00;35.0400;31.8912;31.8000;3.1488;3.2400
2024-02-25 23:00;35.0400;32.3515;30.9800;2.6885;4.0600
2024-02-26 00:00;35.0400;32.5548;30.2100;2.4852;4.8300
2024-02-26 01:00;35.0400;32.8706;29.4700;2.1694;5.5700
2024-02-26 02:00;33.3300;32.5675;28.7800;0.7625;4.5500
2024-02-26 03:00;33.3300;31.8061;28.1400;1.5239;5.1900
2024-02-26 04:00;33.3300;29.8693;27.5300;3.4607;5.8000
2024-02-26 05:00;35.0400;27.7920;26.9700;7.2480;8.0700
2024-02-26 06:00;38.9700;25.7586;26.4500;13.2114;12.5200
2024-02-26 07:00;37.0100;24.1002;25.9600;12.9098;11.0500
2024-02-26 08:00;37.0100;22.4809;25.5000;14.5291;11.5100
2024-02-26 09:00;44.8700;20.9897;25.0700;23.8803;19.8000
2024-02-26 10:00;44.8700;19.3399;24.6600;25.5301;20.2100
2024-02-26 11:00;42.9000;17.6533;24.2700;25.2467;18.6300
2024-02-26 12:00;42.9000;16.9651;23.9000;25.9349;19.0000
2024-02-26 13:00;42.9000;17.2698;23.5500;25.6302;19.3500
2024-02-26 14:00;42.9000;20.9899;23.2100;21.9101;19.6900
2024-02-26 15:00;42.9000;24.2564;22.8900;18.6436;20.0100
2024-02-26 16:00;42.9000;27.2675;22.5900;15.6325;20.3100
2024-02-26 17:00;42.9000;30.4330;22.3200;12.4670;20.5800
2024-02-26 18:00;42.9000;33.2170;22.1700;9.6830;20.7300
2024-02-26 19:00;42.9000;39.0428;22.3900;3.8572;20.5100
2024-02-26 20:00;44.8700;46.4788;23.5900;-1.6088;21.2800
2024-02-26 21:00;44.8700;57.8800;26.8300;-13.0100;18.0400
2024-02-26 22:00;47.0900;70.2338;33.2000;-23.1438;13.8900
2024-02-26 23:00;49.3100;86.6993;43.4500;-37.3893;5.8600
2024-02-27 00:00;55.9800;105.8492;58.8200;-49.8692;-2.8400
2024-02-27 01:00;65.9100;140.1155;83.3700;-74.2055;-17.4600
2024-02-27 02:00;73.8700;187.8350;125.2200;-113.9650;-51.3500
2024-02-27 03:00;110.2100;250.5833;191.1700;-140.3733;-80.9600
2024-02-27 04:00;298.9600;318.9981;277.5300;-20.0381;21.4300
2024-02-27 05:00;457.5300;394.0481;369.8400;63.4819;87.6900
2024-02-27 06:00;535.8900;459.9856;451.8400;75.9044;84.0500
2024-02-27 07:00;608.1000;517.6129;513.1200;90.4871;94.9800
2024-02-27 08:00;673.4700;549.6247;550.0200;123.8453;123.4500
2024-02-27 09:00;714.9100;569.0098;564.7100;145.9002;150.2000
2024-02-27 10:00;723.2800;571.3039;563.0100;151.9761;160.2700
2024-02-27 11:00;706.6200;566.5188;552.1300;140.1012;154.4900
2024-02-27 12:00;624.3300;554.9233;537.7700;69.4067;86.5600
2024-02-27 13:00;665.2700;537.9101;522.3000;127.3599;142.9700
2024-02-27 14:00;665.2700;515.5463;504.4100;149.7237;160.8600
2024-02-27 15:00;673.4700;489.3240;481.0000;184.1460;192.4700
2024-02-27 16:00;673.4700;456.2555;450.1500;217.2145;223.3200
2024-02-27 17:00;665.2700;418.6848;413.2700;246.5852;252.0000
2024-02-27 18:00;608.1000;378.3175;376.0800;229.7825;232.0200
2024-02-27 19:00;527.9700;351.0540;349.1700;176.9160;178.8000
2024-02-27 20:00;457.5300;343.6878;344.5600;113.8422;112.9700
2024-02-27 21:00;472.9700;352.4695;367.3800;120.5005;105.5900
2024-02-27 22:00;543.8200;384.2669;405.8900;159.5531;137.9300
2024-02-27 23:00;591.8700;414.3406;439.0700;177.5294;152.8000
2024-02-28 00:00;608.1000;443.6360;453.0100;164.4640;155.0900
2024-02-28 01:00;575.8200;448.9538;443.3500;126.8662;132.4700
2024-02-28 02:00;504.2800;430.3275;414.6200;73.9525;89.6600
2024-02-28 03:00;465.2500;390.0022;375.2900;75.2478;89.9600
2024-02-28 04:00;411.5500;338.0667;333.2400;73.4833;78.3100
2024-02-28 05:00;351.5300;288.4269;293.6800;63.1031;57.8500
2024-02-28 06:00;316.3100;245.3428;258.5400;70.9672;57.7700
2024-02-28 07:00;293.1800;212.9472;228.3700;80.2328;64.8100
2024-02-28 08:00;276.8100;190.7439;203.0800;86.0661;73.7300
2024-02-28 09:00;255.5300;174.3312;182.2000;81.1988;73.3300
2024-02-28 10:00;235.1000;163.5621;165.0900;71.5379;70.0100
2024-02-28 11:00;220.3900;155.3361;151.1100;65.0539;69.2800
2024-02-28 12:00;206.2400;151.0112;139.7400;55.2288;66.5000
2024-02-28 13:00;196.9900;145.0524;130.7400;51.9376;66.2500
2024-02-28 14:00;188.0100;141.1248;124.0300;46.8852;63.9800
2024-02-28 15:00;183.6600;139.0688;119.4900;44.5912;64.1700
2024-02-28 16:00;188.0100;136.5929;116.7900;51.4171;71.2200
2024-02-28 17:00;183.6600;133.4965;115.2800;50.1635;68.3800
2024-02-28 18:00;179.3000;132.1791;114.1700;47.1209;65.1300
2024-02-28 19:00;174.9500;130.3368;113.1300;44.6132;61.8200
2024-02-28 20:00;166.5200;129.4606;112.5300;37.0594;53.9900
2024-02-28 21:00;166.5200;127.0994;112.4800;39.4206;54.0400
2024-02-28 22:00;166.5200;127.0368;112.5500;39.4832;53.9700
2024-02-28 23:00;158.3700;127.4245;112.2700;30.9455;46.1000
2024-02-29 00:00;154.2900;127.7709;111.8000;26.5191;42.4900
2024-02-29 01:00;150.2100;126.6941;111.9400;23.5159;38.2700
2024-02-29 02:00;146.4000;126.2095;113.2500;20.1905;33.1500
2024-02-29 03:00;146.4000;126.3253;115.3900;20.0747;31.0100
2024-02-29 04:00;146.4000;126.0676;117.4900;20.3324;28.9100
2024-02-29 05:00;146.4000;125.5964;118.5300;20.8036;27.8700
2024-02-29 06:00;142.5900;124.6251;117.7600;17.9649;24.8300
2024-02-29 07:00;138.7900;122.1535;115.0600;16.6365;23.7300
2024-02-29 08:00;138.7900;118.4965;110.9300;20.2935;27.8600
2024-02-29 09:00;134.9800;113.1757;105.9900;21.8043;28.9900
2024-02-29 10:00;131.1700;108.7056;101.0100;22.4644;30.1600
2024-02-29 11:00;131.1700;104.2657;96.4600;26.9043;34.7100
2024-02-29 12:00;127.6300;101.7204;92.5300;25.9096;35.1000
2024-02-29 13:00;124.0900;99.7979;89.2200;24.2921;34.8700
2024-02-29 14:00;124.0900;98.6234;86.4600;25.4666;37.6300
2024-02-29 15:00;120.5600;98.2479;84.1000;22.3121;36.4600
2024-02-29 16:00;117.0200;97.3496;81.9600;19.6704;35.0600
2024-02-29 17:00;113.4800;95.1886;79.8600;18.2914;33.6200
2024-02-29 18:00;110.2100;92.6753;77.7300;17.5347;32.4800
2024-02-29 19:00;110.2100;90.0927;75.6400;20.1173;34.5700
2024-02-29 20:00;106.9400;88.5934;73.7300;18.3466;33.2100
2024-02-29 21:00;106.9400;86.3857;72.1400;20.5543;34.8000
2024-02-29 22:00;103.6600;86.5032;71.1100;17.1568;32.5500
2024-02-29 23:00;103.6600;86.1202;70.8500;17.5398;32.8100
2024-03-01 00:00;103.6600;86.9688;71.5200;16.6912;32.1400
2024-03-01 01:00;103.6600;88.8734;73.2600;14.7866;30.4000
2024-03-01 02:00;103.6600;92.3220;76.5500;11.3380;27.1100
2024-03-01 03:00;103.6600;97.4425;82.0000;6.2175;21.6600
2024-03-01 04:00;106.9400;102.5322;89.8100;4.4078;17.1300
2024-03-01 05:00;106.9400;111.7684;99.3300;-4.8284;7.6100
2024-03-01 06:00;113.4800;117.3450;109.2200;-3.8650;4.2600
2024-03-01 07:00;120.5600;123.4360;117.9100;-2.8760;2.6500
2024-03-01 08:00;124.0900;125.5617;124.1700;-1.4717;-0.0800
2024-03-01 09:00;131.1700;126.5030;127.8600;4.6670;3.3100
2024-03-01 10:00;131.1700;125.9492;129.8600;5.2208;1.3100
2024-03-01 11:00;134.9800;126.2330;131.8000;8.7470;3.1800
2024-03-01 12:00;134.9800;129.4045;134.8900;5.5755;0.0900
2024-03-01 13:00;138.7900;135.5152;139.2700;3.2748;-0.4800
2024-03-01 14:00;146.4000;141.6437;144.0100;4.7563;2.3900
2024-03-01 15:00;146.4000;146.5282;147.6000;-0.1282;-1.2000
2024-03-01 16:00;146.4000;150.1571;149.4600;-3.7571;-3.0600
2024-03-01 17:00;146.4000;152.4843;150.5200;-6.0843;-4.1200
2024-03-01 18:00;150.2100;153.3153;152.1000;-3.1053;-1.8900
2024-03-01 19:00;150.2100;154.8208;154.1100;-4.6108;-3.9000
2024-03-01 20:00;154.2900;156.7805;155.3100;-2.4905;-1.0200
2024-03-01 21:00;166.5200;159.0534;154.5500;7.4666;11.9700
2024-03-01 22:00;170.6000;158.0002;151.3300;12.5998;19.2700
2024-03-01 23:00;162.4400;154.2513;145.8200;8.1887;16.6200
2024-03-02 00:00;154.2900;146.9578;138.5600;7.3322;15.7300
2024-03-02 01:00;150.2100;138.9396;130.3400;11.2704;19.8700
2024-03-02 02:00;142.5900;130.3695;121.9000;12.2205;20.6900
2024-03-02 03:00;138.7900;124.2591;113.8200;14.5309;24.9700
2024-03-02 04:00;134.9800;119.5054;106.4200;15.4746;28.5600
2024-03-02 05:00;131.1700;116.5001;99.8100;14.6699;31.3600
2024-03-02 06:00;127.6300;114.7575;93.9800;12.8725;33.6500
2024-03-02 07:00;127.6300;112.1143;88.8900;15.5157;38.7400
2024-03-02 08:00;127.6300;110.6764;84.5100;16.9536;43.1200
2024-03-02 09:00;124.0900;108.7973;80.8200;15.2927;43.2700
2024-03-02 10:00;124.0900;107.4527;77.9100;16.6373;46.1800
2024-03-02 11:00;124.0900;105.8987;75.8000;18.1913;48.2900
2024-03-02 12:00;120.5600;105.0342;74.3200;15.5258;46.2400
2024-03-02 13:00;124.0900;103.8275;73.1900;20.2625;50.9000
2024-03-02 14:00;120.5600;102.7350;72.1200;17.8250;48.4400
2024-03-02 15:00;117.0200;100.5035;70.8200;16.5165;46.2000
2024-03-02 16:00;113.4800;98.3482;69.1000;15.1318;44.3800
2024-03-02 17:00;113.4800;94.4637;66.9700;19.0163;46.5100
2024-03-02 18:00;110.2100;90.8827;64.5100;19.3273;45.7000
2024-03-02 19:00;110.2100;87.9176;61.8900;22.2924;48.3200
2024-03-02 20:00;106.9400;84.6637;59.2400;22.2763;47.7000
2024-03-02 21:00;103.6600;82.3915;56.6800;21.2685;46.9800
2024-03-02 22:00;97.1200;80.6447;54.2600;16.4753;42.8600
2024-03-02 23:00;91.1100;79.0917;52.0200;12.0183;39.0900
2024-03-03 00:00;97.1200;77.6704;49.9700;19.4496;47.1500
2024-03-03 01:00;97.1200;75.5356;48.1000;21.5844;49.0200
2024-03-03 02:00;94.1200;73.7129;46.4100;20.4071;47.7100
2024-03-03 03:00;94.1200;71.5361;44.8700;22.5839;49.2500
2024-03-03 04:00;94.1200;69.4392;43.4800;24.6808;50.6400
2024-03-03 05:00;94.1200;67.7364;42.2200;26.3836;51.9000
2024-03-03 06:00;91.1100;65.9873;41.0700;25.1227;50.0400
2024-03-03 07:00;91.1100;64.5283;40.0300;26.5817;51.0800
2024-03-03 08:00;91.1100;62.9657;39.0800;28.1443;52.0300
2024-03-03 09:00;88.1100;61.7221;38.2100;26.3879;49.9000
2024-03-03 10:00;85.1000;60.3557;37.4100;24.7443;47.6900
2024-03-03 11:00;85.1000;58.9746;36.6700;26.1254;48.4300
2024-03-03 12:00;82.1000;57.2153;35.9800;24.8847;46.1200
2024-03-03 13:00;82.1000;55.6569;35.3400;26.4431;46.7600
2024-03-03 14:00;79.3600;53.6157;34.7300;25.7443;44.6300
2024-03-03 15:00;79.3600;51.9646;34.1600;27.3954;45.2000
2024-03-03 16:00;79.3600;50.6017;33.6100;28.7583;45.7500
2024-03-03 17:00;76.6200;49.6033;33.0900;27.0167;43.5300
2024-03-03 18:00;79.3600;48.4614;32.6100;30.8986;46.7500
2024-03-03 19:00;76.6200;47.8983;32.1900;28.7217;44.4300
2024-03-03 20:00;76.6200;46.8594;31.8400;29.7606;44.7800
2024-03-03 21:00;76.6200;48.1515;31.6200;28.4685;45.0000
2024-03-03 22:00;73.8700;50.2199;31.6200;23.6501;42.2500
2024-03-03 23:00;73.8700;54.1689;32.1800;19.7011;41.6900
2024-03-04 00:00;76.6200;64.2098;34.0400;12.4102;42.5800
2024-03-04 01:00;76.6200;73.4162;38.3800;3.2038;38.2400
2024-03-04 02:00;79.3600;88.8586;46.0600;-9.4986;33.3000
2024-03-04 03:00;85.1000;104.2690;56.7200;-19.1690;28.3800
2024-03-04 04:00;100.3900;116.9861;68.2900;-16.5961;32.1000
2024-03-04 05:00;113.4800;122.9114;77.9100;-9.4314;35.5700
2024-03-04 06:00;113.4800;120.3791;83.5700;-6.8991;29.9100
2024-03-04 07:00;106.9400;114.6022;84.9600;-7.6622;21.9800
2024-03-04 08:00;103.6600;104.2910;83.0100;-0.6310;20.6500
2024-03-04 09:00;100.3900;95.5928;79.1200;4.7972;21.2700
2024-03-04 10:00;94.1200;89.8561;74.3400;4.2639;19.7800
2024-03-04 11:00;91.1100;84.1853;69.4200;6.9247;21.6900
2024-03-04 12:00;88.1100;79.5154;64.7300;8.5946;23.3800
2024-03-04 13:00;88.1100;74.8332;60.4500;13.2768;27.6600
2024-03-04 14:00;85.1000;70.5706;56.6600;14.5294;28.4400
2024-03-04 15:00;85.1000;67.6622;53.4200;17.4378;31.6800
2024-03-04 16:00;82.1000;64.0953;50.8100;18.0047;31.2900
2024-03-04 17:00;82.1000;64.3497;48.9500;17.7503;33.1500
2024-03-04 18:00;82.1000;64.2470;47.8900;17.8530;34.2100
2024-03-04 19:00;82.1000;65.6727;47.5700;16.4273;34.5300
2024-03-04 20:00;82.1000;67.1545;47.8600;14.9455;34.2400
2024-03-04 21:00;79.3600;68.0278;48.5500;11.3322;30.8100
2024-03-04 22:00;82.1000;69.8726;49.3800;12.2274;32.7200
2024-03-04 23:00;79.3600;71.0096;50.1800;8.3504;29.1800
2024-03-05 00:00;79.3600;72.1653;50.8200;7.1947;28.5400
2024-03-05 01:00;79.3600;73.4691;51.2100;5.8909;28.1500
2024-03-05 02:00;79.3600;74.8264;51.2800;4.5336;28.0800
2024-03-05 03:00;79.3600;74.8783;50.9800;4.4817;28.3800
2024-03-05 04:00;76.6200;75.1530;50.3100;1.4670;26.3100
2024-03-05 05:00;79.3600;75.0258;49.2800;4.3342;30.0800
2024-03-05 06:00;79.3600;74.0546;47.9700;5.3054;31.3900
2024-03-05 07:00;76.6200;72.8855;46.4400;3.7345;30.1800
2024-03-05 08:00;79.3600;71.0231;44.7800;8.3369;34.5800
2024-03-05 09:00;79.3600;68.9286;43.0700;10.4314;36.2900
2024-03-05 10:00;71.1300;66.3737;41.3800;4.7563;29.7500
2024-03-05 11:00;65.9100;63.1236;39.7700;2.7864;26.1400
2024-03-05 12:00;63.4300;59.4653;38.2500;3.9647;25.1800
2024-03-05 13:00;60.9400;55.5624;36.8600;5.3776;24.0800
2024-03-05 14:00;58.4600;51.0843;35.5700;7.3757;22.8900
2024-03-05 15:00;60.9400;47.2837;34.4100;13.6563;26.5300
2024-03-05 16:00;63.4300;45.3725;33.3500;18.0575;30.0800
2024-03-05 17:00;60.9400;43.6009;32.3800;17.3391;28.5600
2024-03-05 18:00;60.9400;43.2851;31.5000;17.6549;29.4400
2024-03-05 19:00;60.9400;42.9963;30.6900;17.9437;30.2500
2024-03-05 20:00;60.9400;43.3237;29.9600;17.6163;30.9800
2024-03-05 21:00;60.9400;44.0309;29.2900;16.9091;31.6500
2024-03-05 22:00;58.4600;44.2682;28.6700;14.1918;29.7900
2024-03-05 23:00;58.4600;44.6363;28.1200;13.8237;30.3400
2024-03-06 00:00;58.4600;44.5958;27.6100;13.8642;30.8500
2024-03-06 01:00;55.9800;44.5699;27.1500;11.4101;28.8300
2024-03-06 02:00;58.4600;44.2071;26.7400;14.2529;31.7200
2024-03-06 03:00;58.4600;43.9247;26.3700;14.5353;32.0900
2024-03-06 04:00;53.7600;44.0452;26.0500;9.7148;27.7100
2024-03-06 05:00;55.9800;43.9762;25.7900;12.0038;30.1900
2024-03-06 06:00;55.9800;43.6986;25.6000;12.2814;30.3800
2024-03-06 07:00;55.9800;43.7194;25.4600;12.2606;30.5200
2024-03-06 08:00;55.9800;42.7600;25.3700;13.2200;30.6100
2024-03-06 09:00;51.5400;41.5146;25.3000;10.0254;26.2400
2024-03-06 10:00;49.3100;40.9662;25.2400;8.3438;24.0700
2024-03-06 11:00;53.7600;39.9736;25.1700;13.7864;28.5900
2024-03-06 12:00;53.7600;39.2038;25.1000;14.5562;28.6600
2024-03-06 13:00;53.7600;37.1257;25.0400;16.6343;28.7200
2024-03-06 14:00;51.5400;36.0404;24.9900;15.4996;26.5500
2024-03-06 15:00;53.7600;34.3436;24.9800;19.4164;28.7800
2024-03-06 16:00;51.5400;32.2109;25.0100;19.3291;26.5300
2024-03-06 17:00;51.5400;31.7150;25.0700;19.8250;26.4700
2024-03-06 18:00;53.7600;31.9723;25.1600;21.7877;28.6000
2024-03-06 19:00;53.7600;32.2408;25.2700;21.5192;28.4900
2024-03-06 20:00;53.7600;32.7594;25.3400;21.0006;28.4200
2024-03-06 21:00;53.7600;33.6373;25.3600;20.1227;28.4000
2024-03-06 22:00;53.7600;35.4055;25.2900;18.3545;28.4700
2024-03-06 23:00;53.7600;37.1663;25.1800;16.5937;28.5800
2024-03-07 00:00;53.7600;38.9972;25.0500;14.7628;28.7100
2024-03-07 01:00;53.7600;39.9056;24.9300;13.8544;28.8300
2024-03-07 02:00;53.7600;39.8800;24.8400;13.8800;28.9200
2024-03-07 03:00;53.7600;39.3093;24.7600;14.4507;29.0000
2024-03-07 04:00;53.7600;38.0533;24.6800;15.7067;29.0800
2024-03-07 05:00;53.7600;37.0795;24.5800;16.6805;29.1800
2024-03-07 06:00;51.5400;36.1761;24.4500;15.3639;27.0900
2024-03-07 07:00;51.5400;35.6232;24.2800;15.9168;27.2600
2024-03-07 08:00;51.5400;35.0553;24.0700;16.4847;27.4700
2024-03-07 09:00;51.5400;34.8686;23.8400;16.6714;27.7000
2024-03-07 10:00;51.5400;33.7011;23.6000;17.8389;27.9400
2024-03-07 11:00;49.3100;30.9036;23.3500;18.4064;25.9600
2024-03-07 12:00;47.0900;29.7330;23.1100;17.3570;23.9800
2024-03-07 13:00;47.0900;30.0991;22.8800;16.9909;24.2100
2024-03-07 14:00;49.3100;32.1443;22.6800;17.1657;26.6300
2024-03-07 15:00;47.0900;29.5740;22.5000;17.5160;24.5900
2024-03-07 16:00;47.0900;28.4297;22.3500;18.6603;24.7400
2024-03-07 17:00;47.0900;27.7294;22.2200;19.3606;24.8700
2024-03-07 18:00;47.0900;27.7055;22.1100;19.3845;24.9800
2024-03-07 19:00;47.0900;29.3950;22.0100;17.6950;25.0800
2024-03-07 20:00;49.3100;31.4561;21.9300;17.8539;27.3800
2024-03-07 21:00;49.3100;31.6337;21.8400;17.6763;27.4700
2024-03-07 22:00;49.3100;31.8945;21.7400;17.4155;27.5700
2024-03-07 23:00;49.3100;32.1008;21.6200;17.2092;27.6900
2024-03-08 00:00;49.3100;32.4698;21.4700;16.8402;27.8400
2024-03-08 01:00;49.3100;32.8780;21.3100;16.4320;28.0000
2024-03-08 02:00;49.3100;32.9859;21.1200;16.3241;28.1900
2024-03-08 03:00;49.3100;33.1142;20.9200;16.1958;28.3900
2024-03-08 04:00;47.0900;32.6962;20.7200;14.3938;26.3700
2024-03-08 05:00;47.0900;32.1561;20.5200;14.9339;26.5700
2024-03-08 06:00;47.0900;31.4166;20.3200;15.6734;26.7700
2024-03-08 07:00;47.0900;30.9121;20.1200;16.1779;26.9700
2024-03-08 08:00;47.0900;30.4093;19.9400;16.6807;27.1500
2024-03-08 09:00;47.0900;29.5995;19.7600;17.4905;27.3300
2024-03-08 10:00;47.0900;27.8894;19.5900;19.2006;27.5000
2024-03-08 11:00;42.9000;25.5496;19.4300;17.3504;23.4700
2024-03-08 12:00;42.9000;23.6297;19.2700;19.2703;23.6300
2024-03-08 13:00;40.9400;21.8196;19.1200;19.1204;21.8200
2024-03-08 14:00;42.9000;20.2819;18.9800;22.6181;23.9200
2024-03-08 15:00;40.9400;19.5671;18.8400;21.3729;22.1000
2024-03-08 16:00;42.9000;19.8373;18.7000;23.0627;24.2000
2024-03-08 17:00;44.8700;18.9105;18.5700;25.9595;26.3000
2024-03-08 18:00;44.8700;18.9255;18.4400;25.9445;26.4300
2024-03-08 19:00;44.8700;18.8433;18.3100;26.0267;26.5600
2024-03-08 20:00;44.8700;19.6039;18.1800;25.2661;26.6900
2024-03-08 21:00;44.8700;21.0010;18.0500;23.8690;26.8200
2024-03-08 22:00;44.8700;23.2849;17.9300;21.5851;26.9400
2024-03-08 23:00;44.8700;25.7738;17.8200;19.0962;27.0500
2024-03-09 00:00;44.8700;28.0829;17.7300;16.7871;27.1400
2024-03-09 01:00;47.0900;30.6184;17.6700;16.4716;29.4200
2024-03-09 02:00;47.0900;32.8110;17.6800;14.2790;29.4100
2024-03-09 03:00;47.0900;36.5277;17.8500;10.5623;29.2400
2024-03-09 04:00;47.0900;40.8309;18.4000;6.2591;28.6900
2024-03-09 05:00;49.3100;47.5194;19.7200;1.7906;29.5900
2024-03-09 06:00;49.3100;54.3262;22.3400;-5.0162;26.9700
2024-03-09 07:00;49.3100;61.2690;26.7900;-11.9590;22.5200
2024-03-09 08:00;53.7600;68.7565;33.0400;-14.9965;20.7200
2024-03-09 09:00;58.4600;74.6639;40.1400;-16.2039;18.3200
2024-03-09 10:00;65.9100;78.8358;46.5100;-12.9258;19.4000
2024-03-09 11:00;68.3900;76.6542;50.8700;-8.2642;17.5200
2024-03-09 12:00;68.3900;74.0814;52.8100;-5.6914;15.5800
2024-03-09 13:00;68.3900;67.3686;52.6900;1.0214;15.7000
2024-03-09 14:00;65.9100;62.0404;51.1500;3.8696;14.7600
2024-03-09 15:00;65.9100;56.6902;48.8900;9.2198;17.0200
2024-03-09 16:00;65.9100;53.3957;46.3400;12.5143;19.5700
2024-03-09 17:00;63.4300;52.3194;43.7700;11.1106;19.6600
2024-03-09 18:00;63.4300;51.7145;41.3300;11.7155;22.1000
2024-03-09 19:00;60.9400;50.5465;39.0800;10.3935;21.8600
2024-03-09 20:00;60.9400;50.6709;37.0600;10.2691;23.8800
2024-03-09 21:00;60.9400;50.1776;35.3000;10.7624;25.6400
2024-03-09 22:00;60.9400;50.2793;33.9000;10.6607;27.0400
2024-03-09 23:00;60.9400;51.6820;33.0500;9.2580;27.8900
2024-03-10 00:00;60.9400;53.6052;33.0100;7.3348;27.9300
2024-03-10 01:00;58.4600;57.5423;34.0900;0.9177;24.3700
2024-03-10 02:00;60.9400;62.1305;36.3800;-1.1905;24.5600
2024-03-10 03:00;60.9400;68.5497;39.7500;-7.6097;21.1900
2024-03-10 04:00;60.9400;73.0512;43.7500;-12.1112;17.1900
2024-03-10 05:00;63.4300;77.5149;47.9300;-14.0849;15.5000
2024-03-10 06:00;68.3900;80.3052;52.0200;-11.9152;16.3700
2024-03-10 07:00;71.1300;84.1011;56.1300;-12.9711;15.0000
2024-03-10 08:00;73.8700;88.1231;60.6300;-14.2531;13.2400
2024-03-10 09:00;76.6200;92.6302;65.8700;-16.0102;10.7500
2024-03-10 10:00;82.1000;99.8730;72.0100;-17.7730;10.0900
2024-03-10 11:00;94.1200;105.1234;78.7100;-11.0034;15.4100
2024-03-10 12:00;106.9400;111.2833;85.2600;-4.3433;21.6800
2024-03-10 13:00;120.5600;116.6553;91.3500;3.9047;29.2100
2024-03-10 14:00;131.1700;138.0549;99.8500;-6.8849;31.3200
2024-03-10 15:00;138.7900;176.2298;119.8700;-37.4398;18.9200
2024-03-10 16:00;158.3700;221.4196;160.9100;-63.0496;-2.5400
2024-03-10 17:00;316.3100;268.4536;218.0000;47.8564;98.3100
2024-03-10 18:00;465.2500;313.2533;271.6000;151.9967;193.6500
2024-03-10 19:00;457.5300;337.3552;302.9500;120.1748;154.5800
2024-03-10 20:00;381.3500;342.6076;305.9100;38.7424;75.4400
2024-03-10 21:00;304.7400;315.9104;287.6400;-11.1704;17.1000
2024-03-10 22:00;265.8900;275.1668;259.4000;-9.2768;6.4900
2024-03-10 23:00;235.1000;229.0301;229.3400;6.0699;5.7600
2024-03-11 00:00;210.8600;191.3909;201.6100;19.4691;9.2500
2024-03-11 01:00;196.9900;166.3571;177.2500;30.6329;19.7400
2024-03-11 02:00;183.6600;148.7941;156.3000;34.8659;27.3600
2024-03-11 03:00;166.5200;136.6301;138.5300;29.8899;27.9900
2024-03-11 04:00;158.3700;127.1615;123.5400;31.2085;34.8300
2024-03-11 05:00;146.4000;120.7696;110.9400;25.6304;35.4600
2024-03-11 06:00;142.5900;114.7839;100.3700;27.8061;42.2200
2024-03-11 07:00;134.9800;110.4760;91.5000;24.5040;43.4800
2024-03-11 08:00;127.6300;106.3639;84.0500;21.2661;43.5800
2024-03-11 09:00;127.6300;102.9789;77.7700;24.6511;49.8600
2024-03-11 10:00;120.5600;98.6217;72.4600;21.9383;48.1000
2024-03-11 11:00;110.2100;95.2787;67.9400;14.9313;42.2700
2024-03-11 12:00;106.9400;89.6652;64.0600;17.2748;42.8800
2024-03-11 13:00;100.3900;86.4207;60.7200;13.9693;39.6700
2024-03-11 14:00;100.3900;80.3870;57.8200;20.0030;42.5700
2024-03-11 15:00;94.1200;76.7841;55.2500;17.3359;38.8700
2024-03-11 16:00;91.1100;72.7507;52.9600;18.3593;38.1500
2024-03-11 17:00;94.1200;70.9656;50.9100;23.1544;43.2100
2024-03-11 18:00;91.1100;71.8305;49.1000;19.2795;42.0100
2024-03-11 19:00;91.1100;72.6028;47.7300;18.5072;43.3800
2024-03-11 20:00;91.1100;74.1095;47.3800;17.0005;43.7300
2024-03-11 21:00;88.1100;74.1790;48.8800;13.9310;39.2300
2024-03-11 22:00;88.1100;77.2239;52.3700;10.8861;35.7400
2024-03-11 23:00;88.1100;79.1868;57.0300;8.9232;31.0800
2024-03-12 00:00;88.1100;83.4517;61.4500;4.6583;26.6600
2024-03-12 01:00;88.1100;85.3386;64.3700;2.7714;23.7400
2024-03-12 02:00;88.1100;86.9644;65.2700;1.1456;22.8400
2024-03-12 03:00;85.1000;85.9262;64.3000;-0.8262;20.8000
2024-03-12 04:00;82.1000;83.5317;62.0900;-1.4317;20.0100
2024-03-12 05:00;79.3600;80.2960;59.2000;-0.9360;20.1600
2024-03-12 06:00;76.6200;78.0179;56.0900;-1.3979;20.5300
2024-03-12 07:00;68.3900;75.6467;53.0500;-7.2567;15.3400
2024-03-12 08:00;63.4300;73.8550;50.2000;-10.4250;13.2300
2024-03-12 09:00;60.9400;70.6190;47.6100;-9.6790;13.3300
2024-03-12 10:00;58.4600;67.3988;45.3000;-8.9388;13.1600
2024-03-12 11:00;51.5400;62.4623;43.2400;-10.9223;8.3000
2024-03-12 12:00;49.3100;59.0306;41.4100;-9.7206;7.9000
2024-03-12 13:00;49.3100;54.2975;39.7900;-4.9875;9.5200
2024-03-12 14:00;47.0900;50.6367;38.3400;-3.5467;8.7500
2024-03-12 15:00;44.8700;46.2031;37.0300;-1.3331;7.8400
2024-03-12 16:00;42.9000;44.3236;35.8500;-1.4236;7.0500
2024-03-12 17:00;42.9000;43.9988;34.7700;-1.0988;8.1300
2024-03-12 18:00;44.8700;43.1361;33.7900;1.7339;11.0800
2024-03-12 19:00;44.8700;43.0307;32.9100;1.8393;11.9600
2024-03-12 20:00;47.0900;43.2321;32.1000;3.8579;14.9900
2024-03-12 21:00;44.8700;43.8220;31.3700;1.0480;13.5000
2024-03-12 22:00;44.8700;44.4596;30.7100;0.4104;14.1600
2024-03-12 23:00;44.8700;45.6177;30.1100;-0.7477;14.7600
2024-03-13 00:00;42.9000;45.8600;29.5600;-2.9600;13.3400
2024-03-13 01:00;42.9000;46.8011;29.0500;-3.9011;13.8500
2024-03-13 02:00;42.9000;46.8340;28.5700;-3.9340;14.3300
2024-03-13 03:00;40.9400;46.5885;28.1300;-5.6485;12.8100
2024-03-13 04:00;40.9400;46.3977;27.7100;-5.4577;13.2300
2024-03-13 05:00;38.9700;45.3763;27.3200;-6.4063;11.6500
2024-03-13 06:00;40.9400;44.8201;26.9500;-3.8801;13.9900
2024-03-13 07:00;38.9700;43.9754;26.6000;-5.0054;12.3700
2024-03-13 08:00;40.9400;43.4179;26.2700;-2.4779;14.6700
2024-03-13 09:00;38.9700;42.4194;25.9600;-3.4494;13.0100
2024-03-13 10:00;38.9700;40.9977;25.6600;-2.0277;13.3100
2024-03-13 11:00;37.0100;38.7939;25.3700;-1.7839;11.6400
2024-03-13 12:00;37.0100;36.0008;25.1000;1.0092;11.9100
2024-03-13 13:00;35.0400;33.5696;24.8300;1.4704;10.2100
2024-03-13 14:00;33.3300;30.4868;24.5700;2.8432;8.7600
2024-03-13 15:00;33.3300;28.3541;24.3200;4.9759;9.0100
2024-03-13 16:00;31.6100;26.6117;24.0800;4.9983;7.5300
2024-03-13 17:00;33.3300;25.8128;23.8300;7.5172;9.5000
2024-03-13 18:00;33.3300;25.4598;23.6000;7.8702;9.7300
2024-03-13 19:00;35.0400;25.5657;23.3600;9.4743;11.6800
2024-03-13 20:00;35.0400;26.2451;23.1300;8.7949;11.9100
2024-03-13 21:00;35.0400;26.9072;22.9000;8.1328;12.1400
2024-03-13 22:00;33.3300;27.5959;22.6700;5.7341;10.6600
2024-03-13 23:00;35.0400;27.9360;22.4500;7.1040;12.5900
2024-03-14 00:00;33.3300;28.4101;22.2300;4.9199;11.1000
2024-03-14 01:00;33.3300;28.4262;22.0200;4.9038;11.3100
2024-03-14 02:00;33.3300;28.6669;21.8100;4.6631;11.5200
2024-03-14 03:00;33.3300;28.7498;21.6100;4.5802;11.7200
2024-03-14 04:00;33.3300;28.8879;21.4200;4.4421;11.9100
2024-03-14 05:00;31.6100;28.7919;21.2400;2.8181;10.3700
2024-03-14 06:00;31.6100;28.9085;21.0600;2.7015;10.5500
2024-03-14 07:00;31.6100;29.0678;20.8800;2.5422;10.7300
2024-03-14 08:00;33.3300;29.1032;20.7200;4.2268;12.6100
2024-03-14 09:00;31.6100;28.5870;20.5500;3.0230;11.0600
2024-03-14 10:00;31.6100;26.6874;20.4000;4.9226;11.2100
2024-03-14 11:00;28.1800;23.9473;20.2400;4.2327;7.9400
2024-03-14 12:00;28.1800;21.0124;20.0900;7.1676;8.0900
2024-03-14 13:00;26.4700;18.8963;19.9400;7.5737;6.5300
2024-03-14 14:00;26.4700;16.8174;19.7900;9.6526;6.6800
2024-03-14 15:00;28.1800;15.3368;19.6500;12.8432;8.5300
2024-03-14 16:00;28.1800;14.2588;19.5100;13.9212;8.6700
2024-03-14 17:00;25.0100;13.9786;19.3600;11.0314;5.6500
2024-03-14 18:00;25.0100;14.0072;19.2200;11.0028;5.7900
2024-03-14 19:00;28.1800;14.5824;19.0800;13.5976;9.1000
2024-03-14 20:00;29.9000;15.5609;18.9400;14.3391;10.9600
2024-03-14 21:00;29.9000;16.2234;18.8000;13.6766;11.1000
2024-03-14 22:00;29.9000;16.9896;18.6500;12.9104;11.2500
2024-03-14 23:00;28.1800;17.6652;18.5100;10.5148;9.6700
2024-03-15 00:00;33.3300;18.4760;18.3700;14.8540;14.9600
2024-03-15 01:00;42.9000;18.9015;18.2400;23.9985;24.6600
2024-03-15 02:00;44.8700;19.4516;18.1000;25.4184;26.7700
2024-03-15 03:00;44.8700;19.7105;17.9800;25.1595;26.8900
2024-03-15 04:00;44.8700;20.1572;17.8500;24.7128;27.0200
2024-03-15 05:00;42.9000;20.4340;17.7300;22.4660;25.1700
2024-03-15 06:00;38.9700;20.7221;17.6100;18.2479;21.3600
2024-03-15 07:00;33.3300;20.7756;17.5000;12.5544;15.8300
2024-03-15 08:00;29.9000;20.6714;17.3900;9.2286;12.5100
2024-03-15 09:00;28.1800;20.2924;17.2900;7.8876;10.8900
2024-03-15 10:00;25.0100;18.9443;17.1900;6.0657;7.8200
2024-03-15 11:00;25.0100;17.4020;17.0900;7.6080;7.9200
2024-03-15 12:00;23.5400;15.6843;16.9900;7.8557;6.5500
2024-03-15 13:00;23.5400;14.2130;16.8900;9.3270;6.6500
2024-03-15 14:00;26.4700;12.8998;16.8000;13.5702;9.6700
2024-03-15 15:00;37.0100;12.0675;16.7000;24.9425;20.3100
2024-03-15 16:00;40.9400;11.8214;16.6100;29.1186;24.3300
2024-03-15 17:00;40.9400;11.8194;16.5200;29.1206;24.4200
2024-03-15 18:00;40.9400;12.0847;16.4200;28.8553;24.5200
2024-03-15 19:00;37.0100;12.2185;16.3300;24.7915;20.6800
2024-03-15 20:00;29.9000;12.5406;16.2400;17.3594;13.6600
2024-03-15 21:00;26.4700;12.7310;16.1400;13.7390;10.3300
2024-03-15 22:00;23.5400;12.9285;16.0500;10.6115;7.4900
2024-03-15 23:00;22.0800;13.0406;15.9600;9.0394;6.1200
2024-03-16 00:00;20.6100;13.1853;15.8700;7.4247;4.7400
2024-03-16 01:00;19.1500;13.2125;15.7800;5.9375;3.3700
2024-03-16 02:00;19.1500;13.2747;15.6900;5.8753;3.4600
2024-03-16 03:00;19.1500;13.0629;15.6000;6.0871;3.5500
2024-03-16 04:00;19.1500;12.7492;15.5100;6.4008;3.6400
2024-03-16 05:00;19.1500;12.6492;15.4300;6.5008;3.7200
2024-03-16 06:00;19.1500;12.6388;15.3500;6.5112;3.8000
2024-03-16 07:00;19.1500;12.8475;15.2600;6.3025;3.8900
2024-03-16 08:00;20.6100;13.0631;15.1800;7.5469;5.4300
2024-03-16 09:00;20.6100;12.4473;15.1100;8.1627;5.5000
2024-03-16 10:00;19.1500;11.4565;15.0300;7.6935;4.1200
2024-03-16 11:00;17.9300;9.9922;14.9500;7.9378;2.9800
2024-03-16 12:00;16.7100;9.0420;14.8800;7.6680;1.8300
2024-03-16 13:00;16.7100;8.1784;14.8000;8.5316;1.9100
2024-03-16 14:00;15.5000;7.5557;14.7300;7.9443;0.7700
2024-03-16 15:00;14.2800;6.9646;14.6600;7.3154;-0.3800
2024-03-16 16:00;14.2800;6.5211;14.5900;7.7589;-0.3100
2024-03-16 17:00;14.2800;6.3874;14.5200;7.8926;-0.2400
2024-03-16 18:00;14.2800;6.4745;14.4500;7.8055;-0.1700
2024-03-16 19:00;15.5000;6.9484;14.3800;8.5516;1.1200
2024-03-16 20:00;16.7100;7.6869;14.3100;9.0231;2.4000
2024-03-16 21:00;16.7100;8.4014;14.2400;8.3086;2.4700
2024-03-16 22:00;16.7100;9.1020;14.1700;7.6080;2.5400
2024-03-16 23:00;16.7100;9.6893;14.1000;7.0207;2.6100
2024-03-17 00:00;16.7100;10.3407;14.0200;6.3693;2.6900
2024-03-17 01:00;15.5000;10.5487;13.9600;4.9513;1.5400
2024-03-17 02:00;16.7100;10.8227;13.8900;5.8873;2.8200
2024-03-17 03:00;16.7100;10.9433;13.8200;5.7667;2.8900
2024-03-17 04:00;17.9300;11.0682;13.7500;6.8618;4.1800
2024-03-17 05:00;19.1500;11.0553;13.6900;8.0947;5.4600
2024-03-17 06:00;20.6100;11.1420;13.6300;9.4680;6.9800
2024-03-17 07:00;20.6100;11.1006;13.5600;9.5094;7.0500
2024-03-17 08:00;19.1500;11.0649;13.5100;8.0851;5.6400
2024-03-17 09:00;19.1500;10.5105;13.4500;8.6395;5.7000
2024-03-17 10:00;19.1500;8.9886;13.3900;10.1614;5.7600
2024-03-17 11:00;17.9300;7.2003;13.3400;10.7297;4.5900
2024-03-17 12:00;16.7100;6.0001;13.2900;10.7099;3.4200
2024-03-17 13:00;16.7100;5.0260;13.2400;11.6840;3.4700
2024-03-17 14:00;15.5000;4.4327;13.1900;11.0673;2.3100
2024-03-17 15:00;15.5000;4.0652;13.1400;11.4348;2.3600
2024-03-17 16:00;16.7100;3.8715;13.0900;12.8385;3.6200
2024-03-17 17:00;16.7100;3.8924;13.0400;12.8176;3.6700
2024-03-17 18:00;15.5000;4.1327;12.9800;11.3673;2.5200
2024-03-17 19:00;15.5000;4.3344;12.9300;11.1656;2.5700
2024-03-17 20:00;15.5000;4.7513;12.8800;10.7487;2.6200
2024-03-17 21:00;16.7100;5.1823;12.8200;11.5277;3.8900
2024-03-17 22:00;15.5000;5.6107;12.7700;9.8893;2.7300
2024-03-17 23:00;15.5000;5.9706;12.7100;9.5294;2.7900
2024-03-18 00:00;15.5000;6.2156;12.6500;9.2844;2.8500
2024-03-18 01:00;15.5000;6.2871;12.6000;9.2129;2.9000
2024-03-18 02:00;15.5000;6.4354;12.5400;9.0646;2.9600
2024-03-18 03:00;16.7100;6.6586;12.4800;10.0514;4.2300
2024-03-18 04:00;16.7100;6.6802;12.4300;10.0298;4.2800
2024-03-18 05:00;16.7100;6.7156;12.3800;9.9944;4.3300
2024-03-18 06:00;16.7100;6.8771;12.3300;9.8329;4.3800
2024-03-18 07:00;16.7100;6.8966;12.2800;9.8134;4.4300
2024-03-18 08:00;16.7100;6.9125;12.2300;9.7975;4.4800
2024-03-18 09:00;16.7100;6.6884;12.1800;10.0216;4.5300
2024-03-18 10:00;15.5000;6.1737;12.1400;9.3263;3.3600
2024-03-18 11:00;15.5000;5.6170;12.0900;9.8830;3.4100
2024-03-18 12:00;14.2800;5.2775;12.0500;9.0025;2.2300
2024-03-18 13:00;13.0600;4.7909;12.0000;8.2691;1.0600
2024-03-18 14:00;13.0600;4.5228;11.9600;8.5372;1.1000
2024-03-18 15:00;14.2800;4.4442;11.9200;9.8358;2.3600
2024-03-18 16:00;15.5000;4.4029;11.8800;11.0971;3.6200
2024-03-18 17:00;14.2800;4.3659;11.8400;9.9141;2.4400
2024-03-18 18:00;12.0800;4.4037;11.8000;7.6763;0.2800
2024-03-18 19:00;12.0800;4.5692;11.7600;7.5108;0.3200
2024-03-18 20:00;12.0800;4.5885;11.7200;7.4915;0.3600
2024-03-18 21:00;12.0800;4.8590;11.6800;7.2210;0.4000
2024-03-18 22:00;12.0800;4.8455;11.6400;7.2345;0.4400
2024-03-18 23:00;11.1000;5.0054;11.6100;6.0946;-0.5100
2024-03-19 00:00;11.1000;5.0683;11.5700;6.0317;-0.4700
2024-03-19 01:00;11.1000;5.1930;11.5400;5.9070;-0.4400
2024-03-19 02:00;11.1000;5.1758;11.5000;5.9242;-0.4000
2024-03-19 03:00;11.1000;5.2653;11.4700;5.8347;-0.3700
2024-03-19 04:00;11.1000;5.3128;11.4400;5.7872;-0.3400
2024-03-19 05:00;11.1000;5.4432;11.4100;5.6568;-0.3100
2024-03-19 06:00;11.1000;5.8015;11.3800;5.2985;-0.2800
2024-03-19 07:00;11.1000;6.0160;11.3500;5.0840;-0.2500
2024-03-19 08:00;12.0800;6.2276;11.3200;5.8524;0.7600
2024-03-19 09:00;12.0800;5.9436;11.2900;6.1364;0.7900
2024-03-19 10:00;12.0800;5.3012;11.2600;6.7788;0.8200
2024-03-19 11:00;11.1000;4.5817;11.2300;6.5183;-0.1300
2024-03-19 12:00;10.1300;4.0660;11.2000;6.0640;-1.0700
2024-03-19 13:00;8.1700;3.4201;11.1600;4.7499;-2.9900
2024-03-19 14:00;7.4300;2.9217;11.1300;4.5083;-3.7000
2024-03-19 15:00;6.6900;2.5902;11.0900;4.0998;-4.4000
2024-03-19 16:00;5.9500;2.4010;11.0600;3.5490;-5.1100
2024-03-19 17:00;5.2100;2.3057;11.0200;2.9043;-5.8100
2024-03-19 18:00;6.6900;2.3174;10.9800;4.3726;-4.2900
2024-03-19 19:00;7.4300;2.4770;10.9500;4.9530;-3.5200
2024-03-19 20:00;8.1700;2.8496;10.9100;5.3204;-2.7400
2024-03-19 21:00;7.4300;3.2040;10.8700;4.2260;-3.4400
2024-03-19 22:00;7.4300;3.5959;10.8300;3.8341;-3.4000
2024-03-19 23:00;7.4300;3.9516;10.8000;3.4784;-3.3700
2024-03-20 00:00;7.4300;4.4165;10.7600;3.0135;-3.3300
2024-03-20 01:00;6.6900;4.6879;10.7200;2.0021;-4.0300
2024-03-20 02:00;7.4300;5.0262;10.6800;2.4038;-3.2500
2024-03-20 03:00;7.4300;5.2188;10.6400;2.2112;-3.2100
2024-03-20 04:00;6.6900;5.4388;10.6100;1.2512;-3.9200
2024-03-20 05:00;6.6900;5.5787;10.5700;1.1113;-3.8800
2024-03-20 06:00;6.6900;5.7535;10.5300;0.9365;-3.8400
2024-03-20 07:00;7.4300;5.9238;10.5000;1.5062;-3.0700
2024-03-20 08:00;7.4300;6.0014;10.4700;1.4286;-3.0400
2024-03-20 09:00;7.4300;5.6111;10.4400;1.8189;-3.0100
2024-03-20 10:00;6.6900;4.6357;10.4100;2.0543;-3.7200
2024-03-20 11:00;5.9500;3.7596;10.3800;2.1904;-4.4300
2024-03-20 12:00;5.2100;3.0506;10.3500;2.1594;-5.1400
2024-03-20 13:00;5.2100;2.5139;10.3200;2.6961;-5.1100
2024-03-20 14:00;5.2100;2.1666;10.2900;3.0434;-5.0800
2024-03-20 15:00;5.9500;1.9658;10.2600;3.9842;-4.3100
2024-03-20 16:00;5.2100;1.8870;10.2300;3.3230;-5.0200
2024-03-20 17:00;5.2100;1.8368;10.2000;3.3732;-4.9900
2024-03-20 18:00;5.2100;1.8945;10.1700;3.3155;-4.9600
2024-03-20 19:00;5.9500;1.9989;10.1500;3.9511;-4.2000
2024-03-20 20:00;5.2100;2.3332;10.1200;2.8768;-4.9100
2024-03-20 21:00;4.4700;2.6261;10.0900;1.8439;-5.6200
2024-03-20 22:00;4.4700;3.0024;10.0600;1.4676;-5.5900
2024-03-20 23:00;3.9600;3.3501;10.0300;0.6099;-6.0700
2024-03-21 00:00;3.9600;3.5753;9.9900;0.3847;-6.0300
2024-03-21 01:00;3.9600;3.7221;9.9600;0.2379;-6.0000
2024-03-21 02:00;3.9600;3.7933;9.9300;0.1667;-5.9700
2024-03-21 03:00;3.9600;3.8727;9.9000;0.0873;-5.9400
2024-03-21 04:00;3.9600;3.9505;9.8700;0.0095;-5.9100
2024-03-21 05:00;3.9600;4.0360;9.8400;-0.0760;-5.8800
2024-03-21 06:00;3.9600;4.0655;9.8100;-0.1055;-5.8500
2024-03-21 07:00;3.9600;4.0908;9.7800;-0.1308;-5.8200
2024-03-21 08:00;3.4500;4.0434;9.7500;-0.5934;-6.3000
2024-03-21 09:00;3.9600;3.6800;9.7200;0.2800;-5.7600
2024-03-21 10:00;3.9600;3.0036;9.7000;0.9564;-5.7400
2024-03-21 11:00;2.9300;2.4410;9.6700;0.4890;-6.7400
2024-03-21 12:00;6.6900;2.0432;9.6400;4.6468;-2.9500
2024-03-21 13:00;5.9500;1.8488;9.6200;4.1012;-3.6700
2024-03-21 14:00;3.4500;1.7389;9.5900;1.7111;-6.1400
2024-03-21 15:00;1.6200;1.6565;9.5700;-0.0365;-7.9500
2024-03-21 16:00;2.4200;1.6000;9.5500;0.8200;-7.1300
2024-03-21 17:00;3.4500;1.5822;9.5200;1.8678;-6.0700
2024-03-21 18:00;3.9600;1.5842;9.5000;2.3758;-5.5400
2024-03-21 19:00;3.9600;1.6011;9.4700;2.3589;-5.5100
2024-03-21 20:00;4.4700;1.6786;9.4500;2.7914;-4.9800
2024-03-21 21:00;4.4700;1.7527;9.4200;2.7173;-4.9500
2024-03-21 22:00;4.4700;1.8511;9.4000;2.6189;-4.9300
2024-03-21 23:00;4.4700;1.9300;9.3900;2.5400;-4.9200
2024-03-22 00:00;4.4700;2.0685;9.3900;2.4015;-4.9200
2024-03-22 01:00;4.4700;2.3013;9.3800;2.1687;-4.9100
2024-03-22 02:00;4.4700;2.4553;9.3700;2.0147;-4.9000
2024-03-22 03:00;4.4700;2.5576;9.3600;1.9124;-4.8900
2024-03-22 04:00;4.4700;2.6484;9.3500;1.8216;-4.8800
2024-03-22 05:00;4.4700;2.7067;9.3400;1.7633;-4.8700
2024-03-22 06:00;4.4700;2.7904;9.3400;1.6796;-4.8700
2024-03-22 07:00;4.4700;2.8817;9.3400;1.5883;-4.8700
2024-03-22 08:00;4.4700;2.9417;9.3400;1.5283;-4.8700
2024-03-22 09:00;4.4700;2.7500;9.3500;1.7200;-4.8800
2024-03-22 10:00;4.4700;2.3122;9.3600;2.1578;-4.8900
2024-03-22 11:00;3.9600;2.0042;9.3600;1.9558;-5.4000
2024-03-22 12:00;3.4500;1.7901;9.3600;1.6599;-5.9100
2024-03-22 13:00;3.4500;1.6433;9.3400;1.8067;-5.8900
2024-03-22 14:00;2.9300;1.5219;9.3300;1.4081;-6.4000
2024-03-22 15:00;2.9300;1.4090;9.3000;1.5210;-6.3700
2024-03-22 16:00;2.9300;1.3432;9.2700;1.5868;-6.3400
2024-03-22 17:00;2.9300;1.3154;9.2300;1.6146;-6.3000
2024-03-22 18:00;3.4500;1.3188;9.1900;2.1312;-5.7400
2024-03-22 19:00;3.4500;1.3625;9.1600;2.0875;-5.7100
2024-03-22 20:00;3.9600;1.4477;9.1200;2.5123;-5.1600
2024-03-22 21:00;3.9600;1.5764;9.0800;2.3836;-5.1200
2024-03-22 22:00;3.9600;1.6695;9.0400;2.2905;-5.0800
2024-03-22 23:00;3.9600;1.7848;9.0100;2.1752;-5.0500
2024-03-23 00:00;3.9600;1.8807;8.9700;2.0793;-5.0100
2024-03-23 01:00;3.9600;1.9845;8.9400;1.9755;-4.9800
2024-03-23 02:00;3.4500;2.0527;8.9000;1.3973;-5.4500
2024-03-23 03:00;3.9600;2.1225;8.8700;1.8375;-4.9100
2024-03-23 04:00;9.1500;2.1585;8.8400;6.9915;0.3100
2024-03-23 05:00;19.1500;2.1675;8.8100;16.9825;10.3400
2024-03-23 06:00;22.0800;2.1353;8.7900;19.9447;13.2900
2024-03-23 07:00;23.5400;2.1396;8.7600;21.4004;14.7800
2024-03-23 08:00;22.0800;2.1294;8.7400;19.9506;13.3400
2024-03-23 09:00;16.7100;1.9583;8.7100;14.7517;8.0000
2024-03-23 10:00;12.0800;1.8113;8.6900;10.2687;3.3900
2024-03-23 11:00;9.1500;1.7103;8.6700;7.4397;0.4800
2024-03-23 12:00;6.6900;1.5889;8.6400;5.1011;-1.9500
2024-03-23 13:00;6.6900;1.4859;8.6200;5.2041;-1.9300
2024-03-23 14:00;4.4700;1.4393;8.6000;3.0307;-4.1300
2024-03-23 15:00;3.4500;1.4033;8.5800;2.0467;-5.1300
2024-03-23 16:00;2.4200;1.4124;8.5600;1.0076;-6.1400
2024-03-23 17:00;1.9100;1.4034;8.5400;0.5066;-6.6300
2024-03-23 18:00;2.9300;1.4299;8.5200;1.5001;-5.5900
2024-03-23 19:00;2.9300;1.4628;8.5000;1.4672;-5.5700
2024-03-23 20:00;2.4200;1.5276;8.4900;0.8924;-6.0700
2024-03-23 21:00;2.4200;1.5424;8.4700;0.8776;-6.0500
2024-03-23 22:00;2.4200;1.5994;8.4500;0.8206;-6.0300
2024-03-23 23:00;1.9100;1.6122;8.4300;0.2978;-6.5200
2024-03-24 00:00;1.9100;1.6468;8.4100;0.2632;-6.5000
2024-03-24 01:00;2.4200;1.6687;8.3900;0.7513;-5.9700
2024-03-24 02:00;2.9300;1.6866;8.3700;1.2434;-5.4400
2024-03-24 03:00;3.9600;1.7104;8.3500;2.2496;-4.3900
2024-03-24 04:00;6.6900;1.7522;8.3300;4.9378;-1.6400
2024-03-24 05:00;17.9300;1.8258;8.3100;16.1042;9.6200
2024-03-24 06:00;20.6100;1.9725;8.2900;18.6375;12.3200
2024-03-24 07:00;20.6100;2.1640;8.2700;18.4460;12.3400
2024-03-24 08:00;19.1500;2.3613;8.2600;16.7887;10.8900
2024-03-24 09:00;14.2800;2.3080;8.2400;11.9720;6.0400
2024-03-24 10:00;12.0800;1.9759;8.2200;10.1041;3.8600
2024-03-24 11:00;8.1700;1.7552;8.2100;6.4148;-0.0400
2024-03-24 12:00;5.9500;1.6379;8.1900;4.3121;-2.2400
2024-03-24 13:00;5.2100;1.5582;8.1700;3.6518;-2.9600
2024-03-24 14:00;4.4700;1.5240;8.1600;2.9460;-3.6900
2024-03-24 15:00;3.4500;1.5263;8.1400;1.9237;-4.6900
2024-03-24 16:00;3.4500;1.5450;8.1300;1.9050;-4.6800
2024-03-24 17:00;2.9300;1.5978;8.1100;1.3322;-5.1800
2024-03-24 18:00;2.4200;1.6640;8.1000;0.7560;-5.6800
2024-03-24 19:00;2.4200;1.7712;8.0800;0.6488;-5.6600
2024-03-24 20:00;2.4200;1.9654;8.0700;0.4546;-5.6500
2024-03-24 21:00;2.4200;2.2634;8.0500;0.1566;-5.6300
2024-03-24 22:00;1.9100;2.5830;8.0400;-0.6730;-6.1300
2024-03-24 23:00;1.9100;2.8622;8.0200;-0.9522;-6.1100
2024-03-25 00:00;1.9100;3.0101;8.0100;-1.1001;-6.1000
2024-03-25 01:00;1.9100;3.1782;8.0000;-1.2682;-6.0900
2024-03-25 02:00;1.9100;3.2891;7.9800;-1.3791;-6.0700
2024-03-25 03:00;1.6200;3.3666;7.9800;-1.7466;-6.3600
2024-03-25 04:00;2.4200;3.4273;7.9700;-1.0073;-5.5500
2024-03-25 05:00;6.6900;3.4912;7.9700;3.1988;-1.2800
2024-03-25 06:00;17.9300;3.5692;7.9800;14.3608;9.9500
2024-03-25 07:00;20.6100;3.6661;7.9900;16.9439;12.6200
2024-03-25 08:00;20.6100;3.6467;8.0000;16.9633;12.6100
2024-03-25 09:00;17.9300;3.2933;8.0200;14.6367;9.9100
2024-03-25 10:00;14.2800;2.6618;8.0300;11.6182;6.2500
2024-03-25 11:00;10.1300;2.1544;8.0400;7.9756;2.0900
2024-03-25 12:00;7.4300;1.8772;8.0600;5.5528;-0.6300
2024-03-25 13:00;5.9500;1.7175;8.0600;4.2325;-2.1100
2024-03-25 14:00;5.2100;1.5553;8.0700;3.6547;-2.8600
2024-03-25 15:00;4.4700;1.4380;8.0700;3.0320;-3.6000
2024-03-25 16:00;3.4500;1.3706;8.0700;2.0794;-4.6200
2024-03-25 17:00;2.9300;1.3600;8.0600;1.5700;-5.1300
2024-03-25 18:00;2.9300;1.3871;8.0600;1.5429;-5.1300
2024-03-25 19:00;2.9300;1.4588;8.0500;1.4712;-5.1200
2024-03-25 20:00;2.9300;1.5408;8.0300;1.3892;-5.1000
2024-03-25 21:00;2.4200;1.6494;8.0200;0.7706;-5.6000
2024-03-25 22:00;2.4200;1.7495;8.0100;0.6705;-5.5900
2024-03-25 23:00;2.4200;1.8603;7.9900;0.5597;-5.5700
2024-03-26 00:00;1.6200;2.0066;7.9700;-0.3866;-6.3500
2024-03-26 01:00;1.9100;2.1373;7.9600;-0.2273;-6.0500
2024-03-26 02:00;2.4200;2.2747;7.9400;0.1453;-5.5200
2024-03-26 03:00;5.2100;2.3412;7.9200;2.8688;-2.7100
2024-03-26 04:00;15.5000;2.3524;7.9000;13.1476;7.6000
2024-03-26 05:00;20.6100;2.3962;7.8800;18.2138;12.7300
2024-03-26 06:00;20.6100;2.4459;7.8600;18.1641;12.7500
2024-03-26 07:00;20.6100;2.5234;7.8400;18.0866;12.7700
2024-03-26 08:00;20.6100;2.5575;7.8300;18.0525;12.7800
2024-03-26 09:00;16.7100;2.6440;7.8100;14.0660;8.9000
2024-03-26 10:00;14.2800;2.7033;7.8000;11.5767;6.4800
2024-03-26 11:00;11.1000;2.7980;7.8000;8.3020;3.3000
2024-03-26 12:00;9.1500;3.0040;7.8100;6.1460;1.3400
2024-03-26 13:00;8.1700;3.1762;7.8300;4.9938;0.3400
2024-03-26 14:00;7.4300;3.5715;7.8700;3.8585;-0.4400
2024-03-26 15:00;6.6900;4.1282;7.9200;2.5618;-1.2300
2024-03-26 16:00;5.9500;4.8227;7.9800;1.1273;-2.0300
2024-03-26 17:00;5.2100;5.1108;8.0400;0.0992;-2.8300
2024-03-26 18:00;5.2100;5.4684;8.1200;-0.2584;-2.9100
2024-03-26 19:00;4.4700;5.6867;8.2100;-1.2167;-3.7400
2024-03-26 20:00;4.4700;5.9846;8.3300;-1.5146;-3.8600
2024-03-26 21:00;3.9600;6.0746;8.4800;-2.1146;-4.5200
2024-03-26 22:00;3.9600;6.0720;8.6600;-2.1120;-4.7000
2024-03-26 23:00;3.9600;6.0136;8.8800;-2.0536;-4.9200
2024-03-27 00:00;4.4700;5.9720;9.1200;-1.5020;-4.6500
2024-03-27 01:00;4.4700;5.8816;9.3600;-1.4116;-4.8900
2024-03-27 02:00;4.4700;5.5918;9.6100;-1.1218;-5.1400
2024-03-27 03:00;5.2100;5.3832;9.8200;-0.1732;-4.6100
2024-03-27 04:00;5.9500;5.7074;10.0000;0.2426;-4.0500
2024-03-27 05:00;5.9500;6.2663;10.1300;-0.3163;-4.1800
2024-03-27 06:00;5.2100;5.5440;10.2100;-0.3340;-5.0000
2024-03-27 07:00;4.4700;3.6038;10.2600;0.8662;-5.7900
2024-03-27 08:00;5.2100;5.4174;10.2700;-0.2074;-5.0600
2024-03-27 09:00;5.9500;9.5529;10.2700;-3.6029;-4.3200
2024-03-27 10:00;5.9500;14.2721;10.2900;-8.3221;-4.3400
2024-03-27 11:00;5.9500;17.6855;10.3800;-11.7355;-4.4300
2024-03-27 12:00;4.4700;24.3735;10.6200;-19.9035;-6.1500
2024-03-27 13:00;3.4500;26.0254;11.1300;-22.5754;-7.6800
2024-03-27 14:00;3.9600;31.1604;12.1900;-27.2004;-8.2300
2024-03-27 15:00;3.4500;37.5809;14.4800;-34.1309;-11.0300
2024-03-27 16:00;4.4700;46.9025;19.0900;-42.4325;-14.6200
2024-03-27 17:00;3.9600;55.7813;26.6400;-51.8213;-22.6800
2024-03-27 18:00;58.4600;65.1095;36.2300;-6.6495;22.2300
2024-03-27 19:00;88.1100;69.4240;45.5900;18.6860;42.5200
2024-03-27 20:00;91.1100;71.6501;52.5200;19.4599;38.5900
2024-03-27 21:00;85.1000;70.7197;56.1600;14.3803;28.9400
2024-03-27 22:00;79.3600;68.1400;56.9100;11.2200;22.4500
2024-03-27 23:00;71.1300;64.9228;55.6700;6.2072;15.4600
2024-03-28 00:00;63.4300;61.7548;53.3600;1.6752;10.0700
2024-03-28 01:00;58.4600;58.3078;50.5700;0.1522;7.8900
2024-03-28 02:00;55.9800;54.9011;47.6800;1.0789;8.3000
2024-03-28 03:00;51.5400;51.6265;44.8900;-0.0865;6.6500
2024-03-28 04:00;49.3100;49.4582;42.2900;-0.1482;7.0200
2024-03-28 05:00;44.8700;47.4052;39.9300;-2.5352;4.9400
2024-03-28 06:00;42.9000;46.0042;37.8300;-3.1042;5.0700
2024-03-28 07:00;38.9700;46.1301;36.0100;-7.1601;2.9600
2024-03-28 08:00;38.9700;46.5093;34.4900;-7.5393;4.4800
2024-03-28 09:00;35.0400;49.1627;33.3300;-14.1227;1.7100
2024-03-28 10:00;33.3300;53.9590;32.7700;-20.6290;0.5600
2024-03-28 11:00;33.3300;62.8315;33.4900;-29.5015;-0.1600
2024-03-28 12:00;29.9000;76.3625;37.1100;-46.4625;-7.2100
2024-03-28 13:00;26.4700;99.5722;46.6500;-73.1022;-20.1800
2024-03-28 14:00;33.3300;132.5991;65.7700;-99.2691;-32.4400
2024-03-28 15:00;134.9800;170.2860;96.0800;-35.3060;38.9000
2024-03-28 16:00;215.4900;202.8145;134.2400;12.6755;81.2500
2024-03-28 17:00;255.5300;228.4122;172.2100;27.1178;83.3200
2024-03-28 18:00;298.9600;242.3404;201.2500;56.6196;97.7100
2024-03-28 19:00;282.2600;242.5934;216.6800;39.6666;65.5800
2024-03-28 20:00;250.3600;230.4171;218.5700;19.9429;31.7900
2024-03-28 21:00;220.3900;208.1530;210.0400;12.2370;10.3500
2024-03-28 22:00;196.9900;182.3869;195.3900;14.6031;1.6000
2024-03-28 23:00;179.3000;158.1436;178.1400;21.1564;1.1600
2024-03-29 00:00;166.5200;139.0943;160.8200;27.4257;5.7000
2024-03-29 01:00;158.3700;125.7410;144.6800;32.6290;13.6900
2024-03-29 02:00;146.4000;115.9825;130.1700;30.4175;16.2300
2024-03-29 03:00;134.9800;109.0835;117.4000;25.8965;17.5800
2024-03-29 04:00;127.6300;103.7909;106.3200;23.8391;21.3100
2024-03-29 05:00;120.5600;98.7851;96.8000;21.7749;23.7600
2024-03-29 06:00;113.4800;94.0225;88.6600;19.4575;24.8200
2024-03-29 07:00;106.9400;89.7122;81.7100;17.2278;25.2300
2024-03-29 08:00;103.6600;85.5389;75.7900;18.1211;27.8700
2024-03-29 09:00;100.3900;81.8195;70.7300;18.5705;29.6600
2024-03-29 10:00;94.1200;77.9446;66.4100;16.1754;27.7100
2024-03-29 11:00;88.1100;74.6148;62.7300;13.4952;25.3800
2024-03-29 12:00;79.3600;70.8460;59.6100;8.5140;19.7500
2024-03-29 13:00;79.3600;67.9804;56.9700;11.3796;22.3900
2024-03-29 14:00;79.3600;64.5936;54.7400;14.7664;24.6200
2024-03-29 15:00;76.6200;61.7121;52.8500;14.9079;23.7700
2024-03-29 16:00;73.8700;58.7335;51.1900;15.1365;22.6800
2024-03-29 17:00;71.1300;55.5687;49.6900;15.5613;21.4400
2024-03-29 18:00;71.1300;52.9873;48.2800;18.1427;22.8500
2024-03-29 19:00;68.3900;50.9135;46.9200;17.4765;21.4700
2024-03-29 20:00;65.9100;49.3982;45.6100;16.5118;20.3000
2024-03-29 21:00;65.9100;49.1161;44.3400;16.7939;21.5700
2024-03-29 22:00;65.9100;48.7274;43.1200;17.1826;22.7900
2024-03-29 23:00;60.9400;48.9837;41.9600;11.9563;18.9800
2024-03-30 00:00;60.9400;48.7922;40.8500;12.1478;20.0900
2024-03-30 01:00;58.4600;48.9156;39.8100;9.5444;18.6500
2024-03-30 02:00;58.4600;47.7888;38.8300;10.6712;19.6300
2024-03-30 03:00;55.9800;47.2682;37.9100;8.7118;18.0700
2024-03-30 04:00;55.9800;45.7063;37.0500;10.2737;18.9300
2024-03-30 05:00;55.9800;44.6208;36.2400;11.3592;19.7400
2024-03-30 06:00;55.9800;43.2861;35.4900;12.6939;20.4900
2024-03-30 07:00;53.7600;42.1742;34.7700;11.5858;18.9900
2024-03-30 08:00;53.7600;40.8311;34.1000;12.9289;19.6600
2024-03-30 09:00;51.5400;39.1054;33.4600;12.4346;18.0800
2024-03-30 10:00;51.5400;36.8004;32.8500;14.7396;18.6900
2024-03-30 11:00;47.0900;34.2467;32.2700;12.8433;14.8200
2024-03-30 12:00;49.3100;31.6248;31.7100;17.6852;17.6000
2024-03-30 13:00;47.0900;29.1672;31.1700;17.9228;15.9200
2024-03-30 14:00;44.8700;27.5066;30.6600;17.3634;14.2100
2024-03-30 15:00;44.8700;25.4366;30.1600;19.4334;14.7100
2024-03-30 16:00;44.8700;24.1771;29.6800;20.6929;15.1900
2024-03-30 17:00;40.9400;23.5802;29.2100;17.3598;11.7300
2024-03-30 18:00;35.0400;23.8706;28.7600;11.1694;6.2800
2024-03-30 19:00;31.6100;24.0999;28.3200;7.5101;3.2900
2024-03-30 20:00;29.9000;24.5487;27.8900;5.3513;2.0100
2024-03-30 21:00;26.4700;24.6271;27.4700;1.8429;-1.0000
2024-03-30 22:00;26.4700;24.7130;27.0700;1.7570;-0.6000
2024-03-30 23:00;26.4700;24.5490;26.6800;1.9210;-0.2100
2024-03-31 00:00;26.4700;24.3172;26.3100;2.1528;0.1600
2024-03-31 01:00;33.3300;24.2782;25.9500;9.0518;7.3800
2024-03-31 02:00;40.9400;24.2826;25.6000;16.6574;15.3400
2024-03-31 03:00;42.9000;25.0345;25.2800;17.8655;17.6200
2024-03-31 04:00;42.9000;24.6976;24.9800;18.2024;17.9200
2024-03-31 05:00;42.9000;25.1772;24.7100;17.7228;18.1900
2024-03-31 06:00;42.9000;24.6673;24.4800;18.2327;18.4200
2024-03-31 07:00;42.9000;25.3209;24.3200;17.5791;18.5800
2024-03-31 08:00;40.9400;24.7691;24.2100;16.1709;16.7300
2024-03-31 09:00;35.0400;24.4299;24.1600;10.6101;10.8800
2024-03-31 10:00;29.9000;23.0291;24.1300;6.8709;5.7700
2024-03-31 11:00;25.0100;22.2809;24.1000;2.7291;0.9100
2024-03-31 12:00;23.5400;21.6480;24.0400;1.8920;-0.5000
2024-03-31 13:00;23.5400;21.8125;23.9300;1.7275;-0.3900
2024-03-31 14:00;22.0800;22.1017;23.7800;-0.0217;-1.7000
2024-03-31 15:00;19.1500;21.9158;23.6100;-2.7658;-4.4600
2024-03-31 16:00;17.9300;21.2087;23.4800;-3.2787;-5.5500
2024-03-31 17:00;16.7100;21.9442;23.4800;-5.2342;-6.7700
2024-03-31 18:00;16.7100;22.4173;23.7300;-5.7073;-7.0200
2024-03-31 19:00;17.9300;23.7575;24.2900;-5.8275;-6.3600
2024-03-31 20:00;19.1500;24.3205;25.1000;-5.1705;-5.9500
2024-03-31 21:00;19.1500;25.6612;25.9700;-6.5112;-6.8200
2024-03-31 22:00;17.9300;25.4980;26.7000;-7.5680;-8.7700
2024-03-31 23:00;20.6100;25.7069;27.1500;-5.0969;-6.5400
2024-04-01 00:00;19.1500;25.0590;27.2900;-5.9090;-8.1400
2024-04-01 01:00;22.0800;24.1887;27.1500;-2.1087;-5.0700
2024-04-01 02:00;20.6100;23.6714;26.8200;-3.0614;-6.2100
2024-04-01 03:00;20.6100;23.1603;26.3600;-2.5503;-5.7500
2024-04-01 04:00;25.0100;22.9075;25.8500;2.1025;-0.8400
2024-04-01 05:00;28.1800;22.6407;25.3200;5.5393;2.8600
2024-04-01 06:00;26.4700;23.0717;24.8100;3.3983;1.6600
2024-04-01 07:00;23.5400;23.2588;24.3300;0.2812;-0.7900
2024-04-01 08:00;22.0800;24.6552;23.9300;-2.5752;-1.8500
2024-04-01 09:00;19.1500;26.0517;23.6200;-6.9017;-4.4700
2024-04-01 10:00;16.7100;29.2535;23.4900;-12.5435;-6.7800
2024-04-01 11:00;16.7100;32.5915;23.6200;-15.8815;-6.9100
2024-04-01 12:00;16.7100;37.8505;24.3000;-21.1405;-7.5900
2024-04-01 13:00;15.5000;43.5190;26.3400;-28.0190;-10.8400
2024-04-01 14:00;17.9300;51.1504;31.3900;-33.2204;-13.4600
2024-04-01 15:00;17.9300;61.6858;40.9500;-43.7558;-23.0200
2024-04-01 16:00;19.1500;71.6219;54.3400;-52.4719;-35.1900
2024-04-01 17:00;38.9700;80.0271;68.4500;-41.0571;-29.4800
2024-04-01 18:00;60.9400;83.5333;79.4500;-22.5933;-18.5100
2024-04-01 19:00;63.4300;84.5314;85.1100;-21.1014;-21.6800
2024-04-01 20:00;65.9100;82.1159;85.6500;-16.2059;-19.7400
2024-04-01 21:00;60.9400;77.8544;82.6200;-16.9144;-21.6800
2024-04-01 22:00;60.9400;72.8999;77.7700;-11.9599;-16.8300
2024-04-01 23:00;65.9100;69.5497;72.2700;-3.6397;-6.3600
2024-04-02 00:00;65.9100;65.9149;66.8700;-0.0049;-0.9600
2024-04-02 01:00;63.4300;63.7512;61.9000;-0.3212;1.5300
2024-04-02 02:00;63.4300;61.3319;57.4500;2.0981;5.9800
2024-04-02 03:00;60.9400;58.7047;53.5300;2.2353;7.4100
2024-04-02 04:00;60.9400;57.0752;50.1100;3.8648;10.8300
2024-04-02 05:00;58.4600;55.2680;47.1400;3.1920;11.3200
2024-04-02 06:00;49.3100;54.6001;44.5800;-5.2901;4.7300
2024-04-02 07:00;42.9000;52.8241;42.3700;-9.9241;0.5300
2024-04-02 08:00;40.9400;51.4767;40.4600;-10.5367;0.4800
2024-04-02 09:00;35.0400;49.5365;38.7900;-14.4965;-3.7500
2024-04-02 10:00;33.3300;47.5469;37.3300;-14.2169;-4.0000
2024-04-02 11:00;28.1800;45.3677;36.0400;-17.1877;-7.8600
2024-04-02 12:00;26.4700;42.9427;34.9000;-16.4727;-8.4300
2024-04-02 13:00;25.0100;40.7376;33.8900;-15.7276;-8.8800
2024-04-02 14:00;23.5400;38.9377;32.9900;-15.3977;-9.4500
2024-04-02 15:00;22.0800;37.5249;32.1800;-15.4449;-10.1000
2024-04-02 16:00;20.6100;36.8478;31.4700;-16.2378;-10.8600
2024-04-02 17:00;20.6100;35.9203;30.8400;-15.3103;-10.2300
2024-04-02 18:00;22.0800;35.7908;30.2800;-13.7108;-8.2000
2024-04-02 19:00;22.0800;35.8968;29.7800;-13.8168;-7.7000
2024-04-02 20:00;22.0800;36.5926;29.3400;-14.5126;-7.2600
2024-04-02 21:00;23.5400;36.7056;28.9400;-13.1656;-5.4000
2024-04-02 22:00;23.5400;36.5867;28.5700;-13.0467;-5.0300
2024-04-02 23:00;20.6100;36.2271;28.2100;-15.6171;-7.6000
2024-04-03 00:00;31.6100;36.4562;27.8600;-4.8462;3.7500
2024-04-03 01:00;37.0100;35.9999;27.5100;1.0101;9.5000
2024-04-03 02:00;38.9700;35.4506;27.1600;3.5194;11.8100
2024-04-03 03:00;38.9700;34.0957;26.8100;4.8743;12.1600
2024-04-03 04:00;38.9700;33.4586;26.4700;5.5114;12.5000
2024-04-03 05:00;37.0100;32.2565;26.1200;4.7535;10.8900
2024-04-03 06:00;35.0400;31.9482;25.7800;3.0918;9.2600
2024-04-03 07:00;29.9000;30.5693;25.4400;-0.6693;4.4600
2024-04-03 08:00;25.0100;30.2715;25.1000;-5.2615;-0.0900
2024-04-03 09:00;20.6100;29.0155;24.7700;-8.4055;-4.1600
2024-04-03 10:00;19.1500;28.2574;24.4500;-9.1074;-5.3000
2024-04-03 11:00;17.9300;27.0128;24.1300;-9.0828;-6.2000
2024-04-03 12:00;16.7100;24.9612;23.8200;-8.2512;-7.1100
2024-04-03 13:00;15.5000;22.9244;23.5200;-7.4244;-8.0200
2024-04-03 14:00;16.7100;21.0093;23.2200;-4.2993;-6.5100
2024-04-03 15:00;16.7100;19.7044;22.9400;-2.9944;-6.2300
2024-04-03 16:00;16.7100;18.7364;22.6600;-2.0264;-5.9500
2024-04-03 17:00;16.7100;18.0692;22.3900;-1.3592;-5.6800
2024-04-03 18:00;16.7100;17.7767;22.1300;-1.0667;-5.4200
2024-04-03 19:00;16.7100;17.8311;21.8700;-1.1211;-5.1600
2024-04-03 20:00;16.7100;18.4229;21.6200;-1.7129;-4.9100
2024-04-03 21:00;16.7100;18.6962;21.3800;-1.9862;-4.6700
2024-04-03 22:00;16.7100;19.1731;21.1400;-2.4631;-4.4300
2024-04-03 23:00;16.7100;19.2953;20.9100;-2.5853;-4.2000
2024-04-04 00:00;15.5000;19.5532;20.6800;-4.0532;-5.1800
2024-04-04 01:00;15.5000;19.2017;20.4600;-3.7017;-4.9600
2024-04-04 02:00;16.7100;19.4265;20.2400;-2.7165;-3.5300
2024-04-04 03:00;17.9300;19.4442;20.0300;-1.5142;-2.1000
2024-04-04 04:00;16.7100;19.4091;19.8200;-2.6991;-3.1100
2024-04-04 05:00;16.7100;19.0980;19.6300;-2.3880;-2.9200
2024-04-04 06:00;15.5000;19.0033;19.4300;-3.5033;-3.9300
2024-04-04 07:00;15.5000;18.8592;19.2500;-3.3592;-3.7500
2024-04-04 08:00;16.7100;18.4582;19.0700;-1.7482;-2.3600
2024-04-04 09:00;16.7100;17.0563;18.9000;-0.3463;-2.1900
2024-04-04 10:00;14.2800;15.3579;18.7300;-1.0779;-4.4500
2024-04-04 11:00;14.2800;13.7355;18.5700;0.5445;-4.2900
2024-04-04 12:00;14.2800;12.2006;18.4100;2.0794;-4.1300
2024-04-04 13:00;12.0800;11.0096;18.2500;1.0704;-6.1700
2024-04-04 14:00;11.1000;10.0077;18.1000;1.0923;-7.0000
2024-04-04 15:00;11.1000;9.2158;17.9500;1.8842;-6.8500
2024-04-04 16:00;11.1000;8.7221;17.8000;2.3779;-6.7000
2024-04-04 17:00;11.1000;8.2647;17.6500;2.8353;-6.5500
2024-04-04 18:00;11.1000;8.3867;17.5000;2.7133;-6.4000
2024-04-04 19:00;11.1000;8.5913;17.3500;2.5087;-6.2500
2024-04-04 20:00;12.0800;9.4591;17.2100;2.6209;-5.1300
2024-04-04 21:00;12.0800;10.1589;17.0600;1.9211;-4.9800
2024-04-04 22:00;12.0800;10.8784;16.9200;1.2016;-4.8400
2024-04-04 23:00;13.0600;11.2264;16.7700;1.8336;-3.7100
2024-04-05 00:00;13.0600;11.6308;16.6300;1.4292;-3.5700
2024-04-05 01:00;17.9300;11.6319;16.4900;6.2981;1.4400
2024-04-05 02:00;28.1800;11.9065;16.3600;16.2735;11.8200
2024-04-05 03:00;28.1800;11.9279;16.2200;16.2521;11.9600
2024-04-05 04:00;28.1800;12.0226;16.0900;16.1574;12.0900
2024-04-05 05:00;28.1800;11.9990;15.9700;16.1810;12.2100
2024-04-05 06:00;28.1800;12.2081;15.8400;15.9719;12.3400
2024-04-05 07:00;25.0100;12.0079;15.7300;13.0021;9.2800
2024-04-05 08:00;20.6100;11.4897;15.6100;9.1203;5.0000
2024-04-05 09:00;17.9300;10.3167;15.5000;7.6133;2.4300
2024-04-05 10:00;14.2800;8.5120;15.3900;5.7680;-1.1100
2024-04-05 11:00;12.0800;7.0415;15.2900;5.0385;-3.2100
2024-04-05 12:00;11.1000;5.9489;15.1800;5.1511;-4.0800
2024-04-05 13:00;11.1000;4.9858;15.0800;6.1142;-3.9800
2024-04-05 14:00;9.1500;4.5278;14.9800;4.6222;-5.8300
2024-04-05 15:00;8.1700;4.0980;14.8900;4.0720;-6.7200
2024-04-05 16:00;8.1700;3.8249;14.7900;4.3451;-6.6200
2024-04-05 17:00;8.1700;3.6677;14.6900;4.5023;-6.5200
2024-04-05 18:00;8.1700;3.7941;14.6000;4.3759;-6.4300
2024-04-05 19:00;9.1500;4.0228;14.5000;5.1272;-5.3500
2024-04-05 20:00;9.1500;4.4536;14.4100;4.6964;-5.2600
2024-04-05 21:00;9.1500;5.0687;14.3100;4.0813;-5.1600
2024-04-05 22:00;9.1500;5.5602;14.2100;3.5898;-5.0600
2024-04-05 23:00;9.1500;6.2412;14.1100;2.9088;-4.9600
2024-04-06 00:00;9.1500;6.6501;14.0100;2.4999;-4.8600
2024-04-06 01:00;8.1700;7.0745;13.9200;1.0955;-5.7500
2024-04-06 02:00;8.1700;7.1893;13.8200;0.9807;-5.6500
2024-04-06 03:00;8.1700;7.2049;13.7300;0.9651;-5.5600
2024-04-06 04:00;8.1700;7.1849;13.6300;0.9851;-5.4600
2024-04-06 05:00;9.1500;7.4564;13.5400;1.6936;-4.3900
2024-04-06 06:00;8.1700;7.7776;13.4600;0.3924;-5.2900
2024-04-06 07:00;8.1700;7.9143;13.3700;0.2557;-5.2000
2024-04-06 08:00;7.4300;7.7277;13.2900;-0.2977;-5.8600
2024-04-06 09:00;7.4300;6.6752;13.2100;0.7548;-5.7800
2024-04-06 10:00;7.4300;5.2334;13.1400;2.1966;-5.7100
2024-04-06 11:00;6.6900;4.3871;13.0700;2.3029;-6.3800
2024-04-06 12:00;6.6900;3.5467;12.9900;3.1433;-6.3000
2024-04-06 13:00;6.6900;2.9497;12.9200;3.7403;-6.2300
2024-04-06 14:00;5.9500;2.4705;12.8600;3.4795;-6.9100
2024-04-06 15:00;5.9500;2.1421;12.7900;3.8079;-6.8400
2024-04-06 16:00;5.9500;1.9337;12.7200;4.0163;-6.7700
2024-04-06 17:00;5.2100;1.8653;12.6600;3.3447;-7.4500
2024-04-06 18:00;5.2100;1.8667;12.5900;3.3433;-7.3800
2024-04-06 19:00;5.9500;1.9771;12.5200;3.9729;-6.5700
2024-04-06 20:00;5.9500;2.2128;12.4600;3.7372;-6.5100
2024-04-06 21:00;6.6900;2.5651;12.3900;4.1249;-5.7000
2024-04-06 22:00;6.6900;2.9676;12.3200;3.7224;-5.6300
2024-04-06 23:00;6.6900;3.2494;12.2500;3.4406;-5.5600
2024-04-07 00:00;5.9500;3.6577;12.1800;2.2923;-6.2300
2024-04-07 01:00;5.9500;4.0284;12.1100;1.9216;-6.1600
2024-04-07 02:00;5.9500;4.2401;12.0400;1.7099;-6.0900
2024-04-07 03:00;5.9500;4.4179;11.9700;1.5321;-6.0200
2024-04-07 04:00;5.2100;4.5571;11.9000;0.6529;-6.6900
2024-04-07 05:00;4.4700;4.6206;11.8300;-0.1506;-7.3600
2024-04-07 06:00;5.9500;4.6817;11.7600;1.2683;-5.8100
2024-04-07 07:00;6.6900;4.7206;11.7000;1.9694;-5.0100
2024-04-07 08:00;5.9500;4.4673;11.6400;1.4827;-5.6900
2024-04-07 09:00;5.9500;3.7468;11.5800;2.2032;-5.6300
2024-04-07 10:00;5.9500;3.0859;11.5300;2.8641;-5.5800
2024-04-07 11:00;5.2100;2.4554;11.4700;2.7546;-6.2600
2024-04-07 12:00;5.2100;2.0070;11.4200;3.2030;-6.2100
2024-04-07 13:00;4.4700;1.7311;11.3700;2.7389;-6.9000
2024-04-07 14:00;4.4700;1.5740;11.3200;2.8960;-6.8500
2024-04-07 15:00;4.4700;1.4319;11.2700;3.0381;-6.8000
2024-04-07 16:00;4.4700;1.3613;11.2200;3.1087;-6.7500
2024-04-07 17:00;3.9600;1.3154;11.1700;2.6446;-7.2100
2024-04-07 18:00;4.4700;1.3192;11.1200;3.1508;-6.6500
2024-04-07 19:00;4.4700;1.3863;11.0700;3.0837;-6.6000
2024-04-07 20:00;4.4700;1.5204;11.0200;2.9496;-6.5500
2024-04-07 21:00;4.4700;1.6623;10.9700;2.8077;-6.5000
2024-04-07 22:00;4.4700;1.8003;10.9100;2.6697;-6.4400
2024-04-07 23:00;4.4700;1.9562;10.8600;2.5138;-6.3900
2024-04-08 00:00;3.9600;2.0776;10.8100;1.8824;-6.8500
2024-04-08 01:00;4.4700;2.2320;10.7500;2.2380;-6.2800
2024-04-08 02:00;4.4700;2.3402;10.7000;2.1298;-6.2300
2024-04-08 03:00;4.4700;2.4403;10.6500;2.0297;-6.1800
2024-04-08 04:00;4.4700;2.4789;10.5900;1.9911;-6.1200
2024-04-08 05:00;3.9600;2.5049;10.5400;1.4551;-6.5800
2024-04-08 06:00;3.9600;2.5275;10.4900;1.4325;-6.5300
2024-04-08 07:00;3.4500;2.5211;10.4400;0.9289;-6.9900
2024-04-08 08:00;3.9600;2.3914;10.3900;1.5686;-6.4300
2024-04-08 09:00;5.2100;2.0324;10.3400;3.1776;-5.1300
2024-04-08 10:00;5.2100;1.7717;10.3000;3.4383;-5.0900
2024-04-08 11:00;4.4700;1.5786;10.2600;2.8914;-5.7900
2024-04-08 12:00;3.9600;1.4154;10.2100;2.5446;-6.2500
2024-04-08 13:00;3.9600;1.3118;10.1700;2.6482;-6.2100
2024-04-08 14:00;3.9600;1.2946;10.1300;2.6654;-6.1700
2024-04-08 15:00;3.9600;1.2946;10.0900;2.6654;-6.1300
2024-04-08 16:00;3.9600;1.2946;10.0500;2.6654;-6.0900
2024-04-08 17:00;3.9600;1.2946;10.0100;2.6654;-6.0500
2024-04-08 18:00;4.4700;1.2946;9.9700;3.1754;-5.5000
2024-04-08 19:00;4.4700;1.2946;9.9400;3.1754;-5.4700
2024-04-08 20:00;4.4700;1.2946;9.9000;3.1754;-5.4300
2024-04-08 21:00;4.4700;1.2946;9.8600;3.1754;-5.3900
2024-04-08 22:00;4.4700;1.3069;9.8200;3.1631;-5.3500
2024-04-08 23:00;4.4700;1.3747;9.7700;3.0953;-5.3000
2024-04-09 00:00;4.4700;1.4496;9.7300;3.0204;-5.2600
2024-04-09 01:00;3.9600;1.5253;9.6900;2.4347;-5.7300
2024-04-09 02:00;4.4700;1.5861;9.6500;2.8839;-5.1800
2024-04-09 03:00;12.0800;1.6105;9.6100;10.4695;2.4700
2024-04-09 04:00;19.1500;1.6271;9.5700;17.5229;9.5800
2024-04-09 05:00;19.1500;1.6279;9.5200;17.5221;9.6300
2024-04-09 06:00;20.6100;1.6066;9.4800;19.0034;11.1300
2024-04-09 07:00;19.1500;1.5800;9.4400;17.5700;9.7100
2024-04-09 08:00;16.7100;1.5446;9.4100;15.1654;7.3000
2024-04-09 09:00;14.2800;1.4517;9.3700;12.8283;4.9100
2024-04-09 10:00;11.1000;1.3714;9.3300;9.7286;1.7700
2024-04-09 11:00;9.1500;1.3014;9.3000;7.8486;-0.1500
2024-04-09 12:00;7.4300;1.2946;9.2600;6.1354;-1.8300
2024-04-09 13:00;6.6900;1.2946;9.2300;5.3954;-2.5400
2024-04-09 14:00;5.2100;1.2946;9.2000;3.9154;-3.9900
2024-04-09 15:00;4.4700;1.2946;9.1700;3.1754;-4.7000
2024-04-09 16:00;3.9600;1.2946;9.1300;2.6654;-5.1700
2024-04-09 17:00;3.9600;1.2946;9.1000;2.6654;-5.1400
2024-04-09 18:00;3.9600;1.2946;9.0700;2.6654;-5.1100
2024-04-09 19:00;3.4500;1.2946;9.0400;2.1554;-5.5900
2024-04-09 20:00;3.4500;1.2946;9.0100;2.1554;-5.5600
2024-04-09 21:00;3.4500;1.2946;8.9800;2.1554;-5.5300
2024-04-09 22:00;2.9300;1.3035;8.9500;1.6265;-6.0200
2024-04-09 23:00;2.9300;1.3385;8.9200;1.5915;-5.9900
2024-04-10 00:00;2.9300;1.4055;8.8900;1.5245;-5.9600
2024-04-10 01:00;2.9300;1.4608;8.8600;1.4692;-5.9300
2024-04-10 02:00;2.9300;1.5200;8.8200;1.4100;-5.8900
2024-04-10 03:00;2.4200;1.5263;8.7900;0.8937;-6.3700
2024-04-10 04:00;2.9300;1.5832;8.7600;1.3468;-5.8300
2024-04-10 05:00;2.9300;1.6903;8.7300;1.2397;-5.8000
2024-04-10 06:00;2.9300;1.8418;8.7000;1.0882;-5.7700
2024-04-10 07:00;2.9300;2.0715;8.6800;0.8585;-5.7500
2024-04-10 08:00;2.9300;2.2353;8.6500;0.6947;-5.7200
2024-04-10 09:00;2.4200;2.3234;8.6300;0.0966;-6.2100
2024-04-10 10:00;2.4200;2.4011;8.6100;0.0189;-6.1900
2024-04-10 11:00;2.4200;2.5827;8.5900;-0.1627;-6.1700
2024-04-10 12:00;1.9100;2.6152;8.5800;-0.7052;-6.6700
2024-04-10 13:00;1.9100;2.7326;8.5800;-0.8226;-6.6700
2024-04-10 14:00;1.6200;2.6580;8.5900;-1.0380;-6.9700
2024-04-10 15:00;1.3200;2.5109;8.6200;-1.1909;-7.3000
2024-04-10 16:00;1.3200;2.3528;8.6700;-1.0328;-7.3500
2024-04-10 17:00;1.6200;2.3438;8.7400;-0.7238;-7.1200
2024-04-10 18:00;17.9300;2.5367;8.8400;15.3933;9.0900
2024-04-10 19:00;44.8700;2.7387;8.9700;42.1313;35.9000
2024-04-10 20:00;47.0900;3.0209;9.1800;44.0691;37.9100
2024-04-10 21:00;47.0900;3.3311;9.4700;43.7589;37.6200
2024-04-10 22:00;47.0900;3.5751;9.8400;43.5149;37.2500
2024-04-10 23:00;47.0900;3.7286;10.2700;43.3614;36.8200
2024-04-11 00:00;47.0900;3.8253;10.7200;43.2647;36.3700
2024-04-11 01:00;47.0900;3.8393;11.1600;43.2507;35.9300
2024-04-11 02:00;47.0900;4.1245;11.5300;42.9655;35.5600
2024-04-11 03:00;49.3100;4.1104;11.8200;45.1996;37.4900
2024-04-11 04:00;49.3100;4.0842;12.0100;45.2258;37.3000
2024-04-11 05:00;49.3100;3.9858;12.0800;45.3242;37.2300
2024-04-11 06:00;49.3100;4.0111;12.0600;45.2989;37.2500
2024-04-11 07:00;49.3100;4.0357;11.9600;45.2743;37.3500
2024-04-11 08:00;47.0900;4.0118;11.8100;43.0782;35.2800
2024-04-11 09:00;47.0900;3.7368;11.6300;43.3532;35.4600
2024-04-11 10:00;44.8700;3.2705;11.4300;41.5995;33.4400
2024-04-11 11:00;44.8700;2.8521;11.2400;42.0179;33.6300
2024-04-11 12:00;42.9000;2.5228;11.0600;40.3772;31.8400
2024-04-11 13:00;42.9000;2.1773;10.8900;40.7227;32.0100
2024-04-11 14:00;44.8700;1.9417;10.7400;42.9283;34.1300
2024-04-11 15:00;42.9000;1.8148;10.6000;41.0852;32.3000
2024-04-11 16:00;47.0900;1.7449;10.4900;45.3451;36.6000
2024-04-11 17:00;51.5400;1.7297;10.3800;49.8103;41.1600
2024-04-11 18:00;51.5400;1.6987;10.3000;49.8413;41.2400
2024-04-11 19:00;51.5400;1.7388;10.2200;49.8012;41.3200
2024-04-11 20:00;53.7600;1.8226;10.1500;51.9374;43.6100
2024-04-11 21:00;53.7600;1.9591;10.0900;51.8009;43.6700
2024-04-11 22:00;51.5400;2.0666;10.0400;49.4734;41.5000
2024-04-11 23:00;40.9400;2.1284;9.9900;38.8116;30.9500
2024-04-12 00:00;33.3300;2.1725;9.9300;31.1575;23.4000
2024-04-12 01:00;28.1800;2.2064;9.8800;25.9736;18.3000
2024-04-12 02:00;26.4700;2.2392;9.8300;24.2308;16.6400
2024-04-12 03:00;25.0100;2.2705;9.7800;22.7395;15.2300
2024-04-12 04:00;20.6100;2.3016;9.7300;18.3084;10.8800
2024-04-12 05:00;16.7100;2.3207;9.6800;14.3893;7.0300
2024-04-12 06:00;14.2800;2.3358;9.6300;11.9442;4.6500
2024-04-12 07:00;12.0800;2.3138;9.5800;9.7662;2.5000
2024-04-12 08:00;9.1500;2.2006;9.5300;6.9494;-0.3800
2024-04-12 09:00;9.1500;1.9122;9.4900;7.2378;-0.3400
2024-04-12 10:00;6.6900;1.7042;9.4500;4.9858;-2.7600
2024-04-12 11:00;5.2100;1.5604;9.4100;3.6496;-4.2000
2024-04-12 12:00;4.4700;1.3889;9.3700;3.0811;-4.9000
2024-04-12 13:00;3.4500;1.3130;9.3300;2.1370;-5.8800
2024-04-12 14:00;3.4500;1.2946;9.3000;2.1554;-5.8500
2024-04-12 15:00;2.9300;1.2946;9.2600;1.6354;-6.3300
2024-04-12 16:00;2.9300;1.2946;9.2300;1.6354;-6.3000
2024-04-12 17:00;2.9300;1.2946;9.2000;1.6354;-6.2700
2024-04-12 18:00;3.4500;1.2946;9.1600;2.1554;-5.7100
2024-04-12 19:00;3.4500;1.2946;9.1300;2.1554;-5.6800
2024-04-12 20:00;3.9600;1.2946;9.1000;2.6654;-5.1400
2024-04-12 21:00;3.9600;1.2946;9.0700;2.6654;-5.1100
2024-04-12 22:00;3.9600;1.3085;9.0400;2.6515;-5.0800
2024-04-12 23:00;3.9600;1.3638;9.0000;2.5962;-5.0400
2024-04-13 00:00;3.9600;1.4351;8.9700;2.5249;-5.0100
2024-04-13 01:00;3.9600;1.5162;8.9400;2.4438;-4.9800
2024-04-13 02:00;3.4500;1.5919;8.9000;1.8581;-5.4500
2024-04-13 03:00;3.9600;1.6367;8.8700;2.3233;-4.9100
2024-04-13 04:00;3.4500;1.6690;8.8300;1.7810;-5.3800
2024-04-13 05:00;3.4500;1.6694;8.8000;1.7806;-5.3500
2024-04-13 06:00;3.4500;1.6816;8.7700;1.7684;-5.3200
2024-04-13 07:00;3.4500;1.6804;8.7400;1.7696;-5.2900
2024-04-13 08:00;3.4500;1.6213;8.7100;1.8287;-5.2600
2024-04-13 09:00;3.4500;1.4755;8.6800;1.9745;-5.2300
2024-04-13 10:00;3.4500;1.3324;8.6500;2.1176;-5.2000
2024-04-13 11:00;2.4200;1.2946;8.6200;1.1254;-6.2000
2024-04-13 12:00;1.9100;1.2946;8.5900;0.6154;-6.6800
2024-04-13 13:00;1.6200;1.2946;8.5600;0.3254;-6.9400
2024-04-13 14:00;1.3200;1.2946;8.5300;0.0254;-7.2100
2024-04-13 15:00;1.0300;1.2946;8.5100;-0.2646;-7.4800
2024-04-13 16:00;1.0300;1.2946;8.4800;-0.2646;-7.4500
2024-04-13 17:00;0.4400;1.2946;8.4600;-0.8546;-8.0200
2024-04-13 18:00;0.4400;1.2946;8.4300;-0.8546;-7.9900
2024-04-13 19:00;0.7300;1.2946;8.4000;-0.5646;-7.6700
2024-04-13 20:00;0.7300;1.2946;8.3800;-0.5646;-7.6500
2024-04-13 21:00;0.4400;1.2946;8.3500;-0.8546;-7.9100
2024-04-13 22:00;0.4400;1.2946;8.3300;-0.8546;-7.8900
2024-04-13 23:00;0.4400;1.2946;8.3000;-0.8546;-7.8600
2024-04-14 00:00;0.4400;1.2946;8.2700;-0.8546;-7.8300
2024-04-14 01:00;0.4400;1.2946;8.2400;-0.8546;-7.8000
2024-04-14 02:00;0.4400;1.2946;8.2200;-0.8546;-7.7800
2024-04-14 03:00;0.4300;1.2949;8.1900;-0.8649;-7.7600
2024-04-14 04:00;0.4300;1.3009;8.1600;-0.8709;-7.7300
2024-04-14 05:00;0.4300;1.3033;8.1300;-0.8733;-7.7000
2024-04-14 06:00;0.4400;1.3074;8.1000;-0.8674;-7.6600
2024-04-14 07:00;0.4400;1.3184;8.0800;-0.8784;-7.6400
2024-04-14 08:00;0.4400;1.3055;8.0500;-0.8655;-7.6100
2024-04-14 09:00;0.7300;1.2946;8.0200;-0.5646;-7.2900
2024-04-14 10:00;0.4400;1.2946;8.0000;-0.8546;-7.5600
2024-04-14 11:00;0.4300;1.2946;7.9700;-0.8646;-7.5400
2024-04-14 12:00;0.4300;1.2946;7.9500;-0.8646;-7.5200
2024-04-14 13:00;0.4300;1.2946;7.9300;-0.8646;-7.5000
2024-04-14 14:00;0.4200;1.2946;7.9000;-0.8746;-7.4800
2024-04-14 15:00;0.4200;1.2946;7.8800;-0.8746;-7.4600
2024-04-14 16:00;0.4100;1.2946;7.8600;-0.8846;-7.4500
2024-04-14 17:00;0.4000;1.2946;7.8300;-0.8946;-7.4300
2024-04-14 18:00;0.4000;1.2946;7.8100;-0.8946;-7.4100
2024-04-14 19:00;0.4000;1.2946;7.7900;-0.8946;-7.3900
2024-04-14 20:00;0.3900;1.2946;7.7700;-0.9046;-7.3800
2024-04-14 21:00;0.3900;1.2946;7.7400;-0.9046;-7.3500
2024-04-14 22:00;0.3800;1.2946;7.7200;-0.9146;-7.3400
2024-04-14 23:00;0.3800;1.2946;7.7000;-0.9146;-7.3200
2024-04-15 00:00;0.3800;1.2946;7.6800;-0.9146;-7.3000
2024-04-15 01:00;0.3800;1.2946;7.6500;-0.9146;-7.2700
2024-04-15 02:00;0.3800;1.2946;7.6300;-0.9146;-7.2500
2024-04-15 03:00;0.3700;1.2946;7.6100;-0.9246;-7.2400
2024-04-15 04:00;0.3700;1.2946;7.5800;-0.9246;-7.2100
2024-04-15 05:00;0.3700;1.2946;7.5600;-0.9246;-7.1900
2024-04-15 06:00;0.3700;1.2946;7.5300;-0.9246;-7.1600
2024-04-15 07:00;0.3700;1.2946;7.5100;-0.9246;-7.1400
2024-04-15 08:00;0.3800;1.2946;7.4900;-0.9146;-7.1100
2024-04-15 09:00;0.3800;1.2946;7.4700;-0.9146;-7.0900
2024-04-15 10:00;0.3800;1.2946;7.4400;-0.9146;-7.0600
2024-04-15 11:00;0.3700;1.2946;7.4200;-0.9246;-7.0500
2024-04-15 12:00;0.3700;1.2946;7.4000;-0.9246;-7.0300
2024-04-15 13:00;0.3500;1.2946;7.3800;-0.9446;-7.0300
2024-04-15 14:00;0.3300;1.2946;7.3600;-0.9646;-7.0300
2024-04-15 15:00;0.3200;1.2946;7.3400;-0.9746;-7.0200
2024-04-15 16:00;0.3100;1.2946;7.3300;-0.9846;-7.0200
2024-04-15 17:00;0.3100;1.2946;7.3100;-0.9846;-7.0000
2024-04-15 18:00;0.3100;1.2946;7.2900;-0.9846;-6.9800
2024-04-15 19:00;0.3000;1.2946;7.2700;-0.9946;-6.9700
2024-04-15 20:00;0.3000;1.2946;7.2500;-0.9946;-6.9500
2024-04-15 21:00;0.3100;1.2946;7.2300;-0.9846;-6.9200
2024-04-15 22:00;0.3100;1.2946;7.2200;-0.9846;-6.9100
2024-04-15 23:00;0.3100;1.2946;7.2000;-0.9846;-6.8900
2024-04-16 00:00;0.3100;1.2946;7.1800;-0.9846;-6.8700
2024-04-16 01:00;0.3100;1.2946;7.1600;-0.9846;-6.8500
2024-04-16 02:00;0.3100;1.2946;7.1400;-0.9846;-6.8300
2024-04-16 03:00;0.3100;1.2946;7.1200;-0.9846;-6.8100
2024-04-16 04:00;0.3000;1.2946;7.1100;-0.9946;-6.8100
2024-04-16 05:00;0.3000;1.2946;7.0900;-0.9946;-6.7900
2024-04-16 06:00;0.3100;1.2946;7.0700;-0.9846;-6.7600
2024-04-16 07:00;0.3200;1.2946;7.0500;-0.9746;-6.7300
2024-04-16 08:00;0.3200;1.2946;7.0400;-0.9746;-6.7200
2024-04-16 09:00;0.3200;1.2946;7.0200;-0.9746;-6.7000
2024-04-16 10:00;0.3200;1.2946;7.0000;-0.9746;-6.6800
2024-04-16 11:00;0.3100;1.2946;6.9900;-0.9846;-6.6800
2024-04-16 12:00;0.3100;1.2946;6.9700;-0.9846;-6.6600
2024-04-16 13:00;0.2900;1.2946;6.9500;-1.0046;-6.6600
2024-04-16 14:00;0.2900;1.2946;6.9400;-1.0046;-6.6500
2024-04-16 15:00;0.2900;1.2946;6.9200;-1.0046;-6.6300
2024-04-16 16:00;0.3000;1.2946;6.9000;-0.9946;-6.6000
2024-04-16 17:00;0.3200;1.2946;6.8900;-0.9746;-6.5700
2024-04-16 18:00;0.3400;1.2946;6.8700;-0.9546;-6.5300
2024-04-16 19:00;0.3300;1.2946;6.8600;-0.9646;-6.5300
2024-04-16 20:00;0.3300;1.2946;6.8400;-0.9646;-6.5100
2024-04-16 21:00;0.3300;1.2946;6.8200;-0.9646;-6.4900
2024-04-16 22:00;0.3300;1.2946;6.8100;-0.9646;-6.4800
2024-04-16 23:00;0.3200;1.2946;6.7900;-0.9746;-6.4700
2024-04-17 00:00;0.3300;1.2946;6.7800;-0.9646;-6.4500
2024-04-17 01:00;0.3200;1.3191;6.7600;-0.9991;-6.4400
2024-04-17 02:00;0.3200;1.3623;6.7500;-1.0423;-6.4300
2024-04-17 03:00;0.3300;1.3902;6.7300;-1.0602;-6.4000
2024-04-17 04:00;0.3300;1.4099;6.7200;-1.0799;-6.3900
2024-04-17 05:00;0.3300;1.4191;6.7100;-1.0891;-6.3800
2024-04-17 06:00;0.3300;1.4259;6.6900;-1.0959;-6.3600
2024-04-17 07:00;0.3300;1.4393;6.6800;-1.1093;-6.3500
2024-04-17 08:00;0.3400;1.4098;6.6600;-1.0698;-6.3200
2024-04-17 09:00;0.3500;1.3555;6.6500;-1.0055;-6.3000
2024-04-17 10:00;0.3500;1.3006;6.6400;-0.9506;-6.2900
2024-04-17 11:00;0.3500;1.2946;6.6200;-0.9446;-6.2700
2024-04-17 12:00;0.3500;1.2946;6.6100;-0.9446;-6.2600
2024-04-17 13:00;0.3400;1.2946;6.6000;-0.9546;-6.2600
2024-04-17 14:00;0.3300;1.2946;6.5900;-0.9646;-6.2600
2024-04-17 15:00;0.3300;1.2946;6.5700;-0.9646;-6.2400
2024-04-17 16:00;0.3200;1.2946;6.5600;-0.9746;-6.2400
2024-04-17 17:00;0.3200;1.2946;6.5500;-0.9746;-6.2300
2024-04-17 18:00;0.3200;1.2946;6.5400;-0.9746;-6.2200
2024-04-17 19:00;0.3200;1.2946;6.5300;-0.9746;-6.2100
2024-04-17 20:00;0.3100;1.2946;6.5100;-0.9846;-6.2000
2024-04-17 21:00;0.3100;1.2946;6.5000;-0.9846;-6.1900
2024-04-17 22:00;0.3100;1.2946;6.4900;-0.9846;-6.1800
2024-04-17 23:00;0.3200;1.2946;6.4800;-0.9746;-6.1600
2024-04-18 00:00;0.3300;1.3018;6.4700;-0.9718;-6.1400
2024-04-18 01:00;0.3400;1.3125;6.4500;-0.9725;-6.1100
2024-04-18 02:00;0.3400;1.3382;6.4400;-0.9982;-6.1000
2024-04-18 03:00;0.3500;1.3718;6.4300;-1.0218;-6.0800
2024-04-18 04:00;0.3500;1.3916;6.4200;-1.0416;-6.0700
2024-04-18 05:00;0.3400;1.4066;6.4100;-1.0666;-6.0700
2024-04-18 06:00;0.3500;1.4510;6.4000;-1.1010;-6.0500
2024-04-18 07:00;0.3500;1.4997;6.3900;-1.1497;-6.0400
2024-04-18 08:00;0.3600;1.4713;6.3800;-1.1113;-6.0200
2024-04-18 09:00;0.3700;1.3740;6.3700;-1.0040;-6.0000
2024-04-18 10:00;0.3700;1.3007;6.3600;-0.9307;-5.9900
2024-04-18 11:00;0.3700;1.2946;6.3500;-0.9246;-5.9800
2024-04-18 12:00;0.3700;1.2946;6.3400;-0.9246;-5.9700
2024-04-18 13:00;0.3700;1.2946;6.3300;-0.9246;-5.9600
2024-04-18 14:00;0.3600;1.2946;6.3200;-0.9346;-5.9600
2024-04-18 15:00;0.3600;1.3071;6.3200;-0.9471;-5.9600
2024-04-18 16:00;0.3500;1.4218;6.3200;-1.0718;-5.9700
2024-04-18 17:00;0.3600;1.7462;6.3400;-1.3862;-5.9800
2024-04-18 18:00;0.3700;2.0627;6.3700;-1.6927;-6.0000
2024-04-18 19:00;0.3700;2.5104;6.4100;-2.1404;-6.0400
2024-04-18 20:00;0.3800;3.1175;6.4800;-2.7375;-6.1000
2024-04-18 21:00;0.3800;3.7557;6.6000;-3.3757;-6.2200
2024-04-18 22:00;0.3900;4.2739;6.8000;-3.8839;-6.4100
2024-04-18 23:00;0.3900;4.9935;7.1000;-4.6035;-6.7100
2024-04-19 00:00;0.3900;5.4464;7.5000;-5.0564;-7.1100
2024-04-19 01:00;0.3900;5.6977;7.9900;-5.3077;-7.6000
2024-04-19 02:00;0.3900;5.8763;8.5300;-5.4863;-8.1400
2024-04-19 03:00;0.4000;6.0918;9.0800;-5.6918;-8.6800
2024-04-19 04:00;0.4200;6.2291;9.5800;-5.8091;-9.1600
2024-04-19 05:00;0.7300;6.3271;10.0100;-5.5971;-9.2800
2024-04-19 06:00;2.4200;6.2509;10.3500;-3.8309;-7.9300
2024-04-19 07:00;3.9600;6.1743;10.6100;-2.2143;-6.6500
2024-04-19 08:00;4.4700;5.8331;10.7900;-1.3631;-6.3200
2024-04-19 09:00;3.9600;5.1675;10.9000;-1.2075;-6.9400
2024-04-19 10:00;3.4500;4.4794;10.9700;-1.0294;-7.5200
2024-04-19 11:00;3.4500;4.1099;11.0100;-0.6599;-7.5600
2024-04-19 12:00;2.9300;3.6727;11.0200;-0.7427;-8.0900
2024-04-19 13:00;2.4200;3.2874;11.0100;-0.8674;-8.5900
2024-04-19 14:00;1.9100;2.9373;10.9900;-1.0273;-9.0800
2024-04-19 15:00;1.6200;2.5373;10.9500;-0.9173;-9.3300
2024-04-19 16:00;1.3200;2.2347;10.9000;-0.9147;-9.5800
2024-04-19 17:00;1.0300;2.0979;10.8400;-1.0679;-9.8100
2024-04-19 18:00;0.7300;2.0653;10.7700;-1.3353;-10.0400
2024-04-19 19:00;0.7300;2.0962;10.6900;-1.3662;-9.9600
2024-04-19 20:00;0.7300;2.3598;10.6000;-1.6298;-9.8700
2024-04-19 21:00;0.7300;2.6815;10.5100;-1.9515;-9.7800
2024-04-19 22:00;0.4400;3.0347;10.4300;-2.5947;-9.9900
2024-04-19 23:00;0.4400;3.2642;10.3400;-2.8242;-9.9000
2024-04-20 00:00;0.4400;3.4238;10.2600;-2.9838;-9.8200
2024-04-20 01:00;0.4300;3.5339;10.1800;-3.1039;-9.7500
2024-04-20 02:00;0.4300;3.5840;10.1000;-3.1540;-9.6700
2024-04-20 03:00;0.4300;3.4538;10.0300;-3.0238;-9.6000
2024-04-20 04:00;0.4300;3.4569;9.9700;-3.0269;-9.5400
2024-04-20 05:00;0.4200;3.4418;9.9100;-3.0218;-9.4900
2024-04-20 06:00;0.4200;3.4023;9.8600;-2.9823;-9.4400
2024-04-20 07:00;0.4200;3.4583;9.8100;-3.0383;-9.3900
2024-04-20 08:00;0.4200;3.3072;9.7600;-2.8872;-9.3400
2024-04-20 09:00;0.4200;2.9567;9.7200;-2.5367;-9.3000
2024-04-20 10:00;0.4200;2.5521;9.6700;-2.1321;-9.2500
2024-04-20 11:00;0.4200;2.2582;9.6300;-1.8382;-9.2100
2024-04-20 12:00;0.4100;2.0621;9.5900;-1.6521;-9.1800
2024-04-20 13:00;0.4000;1.9411;9.5500;-1.5411;-9.1500
2024-04-20 14:00;0.4000;1.8766;9.5200;-1.4766;-9.1200
2024-04-20 15:00;0.3900;1.8337;9.4800;-1.4437;-9.0900
2024-04-20 16:00;0.3800;1.8521;9.4500;-1.4721;-9.0700
2024-04-20 17:00;0.3700;1.8525;9.4100;-1.4825;-9.0400
2024-04-20 18:00;0.3600;1.9700;9.3800;-1.6100;-9.0200
2024-04-20 19:00;0.3500;2.4521;9.3500;-2.1021;-9.0000
2024-04-20 20:00;0.3500;2.8537;9.3200;-2.5037;-8.9700
2024-04-20 21:00;0.3400;3.1806;9.2900;-2.8406;-8.9500
2024-04-20 22:00;0.3300;3.3660;9.2600;-3.0360;-8.9300
2024-04-20 23:00;0.3300;3.5328;9.2300;-3.2028;-8.9000
2024-04-21 00:00;0.3300;3.6937;9.2000;-3.3637;-8.8700
2024-04-21 01:00;0.3200;3.7530;9.1700;-3.4330;-8.8500
2024-04-21 02:00;0.3200;3.8430;9.1500;-3.5230;-8.8300
2024-04-21 03:00;0.3200;3.7264;9.1200;-3.4064;-8.8000
2024-04-21 04:00;0.3200;3.6445;9.1000;-3.3245;-8.7800
2024-04-21 05:00;0.3200;3.4837;9.0900;-3.1637;-8.7700
2024-04-21 06:00;0.3200;3.4025;9.0800;-3.0825;-8.7600
2024-04-21 07:00;0.3100;3.0792;9.0800;-2.7692;-8.7700
2024-04-21 08:00;0.3200;2.8131;9.0800;-2.4931;-8.7600
2024-04-21 09:00;0.3300;2.7396;9.0700;-2.4096;-8.7400
2024-04-21 10:00;0.3200;2.7139;9.0700;-2.3939;-8.7500
2024-04-21 11:00;0.3200;2.6932;9.0600;-2.3732;-8.7400
2024-04-21 12:00;0.3200;2.3404;9.0500;-2.0204;-8.7300
2024-04-21 13:00;0.3200;1.9517;9.0200;-1.6317;-8.7000
2024-04-21 14:00;0.3200;1.8671;9.0000;-1.5471;-8.6800
2024-04-21 15:00;0.3100;1.8930;8.9700;-1.5830;-8.6600
2024-04-21 16:00;0.3200;1.9695;8.9400;-1.6495;-8.6200
2024-04-21 17:00;0.3200;2.0357;8.9100;-1.7157;-8.5900
2024-04-21 18:00;0.3200;2.2230;8.8800;-1.9030;-8.5600
2024-04-21 19:00;0.3200;2.5928;8.8600;-2.2728;-8.5400
2024-04-21 20:00;0.3200;2.9281;8.8400;-2.6081;-8.5200
2024-04-21 21:00;0.3200;3.1560;8.8200;-2.8360;-8.5000
2024-04-21 22:00;0.3200;3.1145;8.8100;-2.7945;-8.4900
2024-04-21 23:00;0.3200;3.1179;8.8000;-2.7979;-8.4800
2024-04-22 00:00;0.3200;3.0383;8.7800;-2.7183;-8.4600
2024-04-22 01:00;0.3100;2.8110;8.7700;-2.5010;-8.4600
2024-04-22 02:00;0.3100;2.6907;8.7600;-2.3807;-8.4500
2024-04-22 03:00;0.3100;2.8196;8.7600;-2.5096;-8.4500
2024-04-22 04:00;0.3100;2.9484;8.7700;-2.6384;-8.4600
2024-04-22 05:00;0.3100;3.0732;8.7900;-2.7632;-8.4800
2024-04-22 06:00;0.3200;3.5435;8.8100;-3.2235;-8.4900
2024-04-22 07:00;0.3200;3.7419;8.8500;-3.4219;-8.5300
2024-04-22 08:00;0.3300;4.0927;8.8800;-3.7627;-8.5500
2024-04-22 09:00;0.3500;4.4198;8.9200;-4.0698;-8.5700
2024-04-22 10:00;0.3500;6.3829;8.9800;-6.0329;-8.6300
2024-04-22 11:00;0.3600;9.3741;9.1100;-9.0141;-8.7500
2024-04-22 12:00;0.3800;12.1215;9.4800;-11.7415;-9.1000
2024-04-22 13:00;0.3800;14.7304;10.4900;-14.3504;-10.1100
2024-04-22 14:00;0.3900;16.8263;12.8600;-16.4363;-12.4700
2024-04-22 15:00;0.4000;19.2578;17.1300;-18.8578;-16.7300
2024-04-22 16:00;0.4100;22.0378;22.9800;-21.6278;-22.5700
2024-04-22 17:00;0.4400;26.9392;29.2700;-26.4992;-28.8300
2024-04-22 18:00;4.4700;31.5534;34.8600;-27.0834;-30.3900
2024-04-22 19:00;9.1500;35.5937;39.6500;-26.4437;-30.5000
2024-04-22 20:00;22.0800;40.8244;44.5700;-18.7444;-22.4900
2024-04-22 21:00;31.6100;50.2431;50.4600;-18.6331;-18.8500
2024-04-22 22:00;44.8700;58.5889;56.6900;-13.7189;-11.8200
2024-04-22 23:00;63.4300;65.6477;61.8300;-2.2177;1.6000
2024-04-23 00:00;60.9400;69.4455;64.7300;-8.5055;-3.7900
2024-04-23 01:00;55.9800;70.8282;65.1300;-14.8482;-9.1500
2024-04-23 02:00;49.3100;69.7752;63.4800;-20.4652;-14.1700
2024-04-23 03:00;44.8700;66.8265;60.5700;-21.9565;-15.7000
2024-04-23 04:00;40.9400;65.2146;57.0100;-24.2746;-16.0700
2024-04-23 05:00;37.0100;62.6927;53.2500;-25.6827;-16.2400
2024-04-23 06:00;35.0400;60.3184;49.5200;-25.2784;-14.4800
2024-04-23 07:00;31.6100;56.5851;45.9800;-24.9751;-14.3700
2024-04-23 08:00;29.9000;53.6776;42.6800;-23.7776;-12.7800
2024-04-23 09:00;29.9000;50.3395;39.6700;-20.4395;-9.7700
2024-04-23 10:00;28.1800;49.4137;36.9900;-21.2337;-8.8100
2024-04-23 11:00;25.0100;49.4615;34.7400;-24.4515;-9.7300
2024-04-23 12:00;23.5400;47.2829;33.1000;-23.7429;-9.5600
2024-04-23 13:00;22.0800;48.5131;32.3900;-26.4331;-10.3100
2024-04-23 14:00;22.0800;46.7288;32.9400;-24.6488;-10.8600
2024-04-23 15:00;20.6100;53.7172;34.9200;-33.1072;-14.3100
2024-04-23 16:00;20.6100;58.7355;38.2600;-38.1255;-17.6500
2024-04-23 17:00;20.6100;65.9408;42.8000;-45.3308;-22.1900
2024-04-23 18:00;22.0800;74.3641;48.1700;-52.2841;-26.0900
2024-04-23 19:00;25.0100;77.9734;53.6400;-52.9634;-28.6300
2024-04-23 20:00;29.9000;79.1426;58.2800;-49.2426;-28.3800
2024-04-23 21:00;37.0100;79.6539;61.3600;-42.6439;-24.3500
2024-04-23 22:00;38.9700;77.8150;62.6500;-38.8450;-23.6800
2024-04-23 23:00;38.9700;76.0056;62.3500;-37.0356;-23.3800
2024-04-24 00:00;40.9400;73.2196;60.8600;-32.2796;-19.9200
2024-04-24 01:00;37.0100;70.7683;58.6500;-33.7583;-21.6400
2024-04-24 02:00;35.0400;68.3864;56.0200;-33.3464;-20.9800
2024-04-24 03:00;35.0400;66.6476;53.2200;-31.6076;-18.1800
2024-04-24 04:00;33.3300;64.1732;50.3900;-30.8432;-17.0600
2024-04-24 05:00;31.6100;62.6691;47.6200;-31.0591;-16.0100
2024-04-24 06:00;29.9000;60.2604;44.9700;-30.3604;-15.0700
2024-04-24 07:00;28.1800;58.1549;42.4800;-29.9749;-14.3000
2024-04-24 08:00;26.4700;55.6621;40.1800;-29.1921;-13.7100
2024-04-24 09:00;25.0100;53.6472;38.0800;-28.6372;-13.0700
2024-04-24 10:00;23.5400;51.4181;36.1900;-27.8781;-12.6500
2024-04-24 11:00;23.5400;49.5414;34.4900;-26.0014;-10.9500
2024-04-24 12:00;23.5400;45.8100;32.9600;-22.2700;-9.4200
2024-04-24 13:00;22.0800;44.5986;31.5800;-22.5186;-9.5000
2024-04-24 14:00;20.6100;41.3451;30.3600;-20.7351;-9.7500
2024-04-24 15:00;17.9300;40.5993;29.3000;-22.6693;-11.3700
2024-04-24 16:00;16.7100;40.5987;28.4100;-23.8887;-11.7000
2024-04-24 17:00;15.5000;39.8840;27.7300;-24.3840;-12.2300
2024-04-24 18:00;15.5000;39.6468;27.3000;-24.1468;-11.8000
2024-04-24 19:00;16.7100;39.1802;27.1000;-22.4702;-10.3900
2024-04-24 20:00;16.7100;38.5092;27.0800;-21.7992;-10.3700
2024-04-24 21:00;16.7100;38.6536;27.1400;-21.9436;-10.4300
2024-04-24 22:00;16.7100;38.4524;27.1800;-21.7424;-10.4700
2024-04-24 23:00;16.7100;38.4156;27.1000;-21.7056;-10.3900
2024-04-25 00:00;16.7100;38.6627;26.8900;-21.9527;-10.1800
2024-04-25 01:00;16.7100;38.8516;26.5600;-22.1416;-9.8500
2024-04-25 02:00;17.9300;38.8691;26.1400;-20.9391;-8.2100
2024-04-25 03:00;17.9300;38.3421;25.6700;-20.4121;-7.7400
2024-04-25 04:00;17.9300;37.5896;25.1900;-19.6596;-7.2600
2024-04-25 05:00;17.9300;36.8526;24.7200;-18.9226;-6.7900
2024-04-25 06:00;16.7100;36.4857;24.2600;-19.7757;-7.5500
2024-04-25 07:00;16.7100;35.9494;23.8300;-19.2394;-7.1200
2024-04-25 08:00;15.5000;35.6535;23.4400;-20.1535;-7.9400
2024-04-25 09:00;15.5000;34.5995;23.0600;-19.0995;-7.5600
2024-04-25 10:00;14.2800;33.6724;22.7100;-19.3924;-8.4300
2024-04-25 11:00;13.0600;32.2075;22.3800;-19.1475;-9.3200
2024-04-25 12:00;13.0600;30.1153;22.0700;-17.0553;-9.0100
2024-04-25 13:00;13.0600;28.0204;21.7800;-14.9604;-8.7200
2024-04-25 14:00;12.0800;25.8166;21.5000;-13.7366;-9.4200
2024-04-25 15:00;12.0800;24.2395;21.2400;-12.1595;-9.1600
2024-04-25 16:00;12.0800;22.9585;20.9800;-10.8785;-8.9000
2024-04-25 17:00;12.0800;21.8739;20.7400;-9.7939;-8.6600
2024-04-25 18:00;12.0800;21.2563;20.5000;-9.1763;-8.4200
2024-04-25 19:00;11.1000;21.0667;20.2700;-9.9667;-9.1700
2024-04-25 20:00;11.1000;21.6359;20.0500;-10.5359;-8.9500
2024-04-25 21:00;11.1000;21.8059;19.8400;-10.7059;-8.7400
2024-04-25 22:00;11.1000;22.4817;19.6300;-11.3817;-8.5300
2024-04-25 23:00;11.1000;22.8005;19.4300;-11.7005;-8.3300
2024-04-26 00:00;11.1000;23.6166;19.2400;-12.5166;-8.1400
2024-04-26 01:00;11.1000;23.7688;19.0600;-12.6688;-7.9600
2024-04-26 02:00;11.1000;24.3729;18.8800;-13.2729;-7.7800
2024-04-26 03:00;12.0800;24.4469;18.7000;-12.3669;-6.6200
2024-04-26 04:00;12.0800;24.2973;18.5300;-12.2173;-6.4500
2024-04-26 05:00;12.0800;24.1498;18.3700;-12.0698;-6.2900
2024-04-26 06:00;11.1000;24.0797;18.2100;-12.9797;-7.1100
2024-04-26 07:00;11.1000;23.7212;18.0500;-12.6212;-6.9500
2024-04-26 08:00;11.1000;22.9456;17.9000;-11.8456;-6.8000
2024-04-26 09:00;10.1300;21.9135;17.7500;-11.7835;-7.6200
2024-04-26 10:00;10.1300;20.2753;17.6100;-10.1453;-7.4800
2024-04-26 11:00;8.1700;18.3221;17.4700;-10.1521;-9.3000
2024-04-26 12:00;8.1700;15.5953;17.3300;-7.4253;-9.1600
2024-04-26 13:00;8.1700;13.8433;17.1900;-5.6733;-9.0200
2024-04-26 14:00;8.1700;11.9946;17.0600;-3.8246;-8.8900
2024-04-26 15:00;7.4300;11.1816;16.9300;-3.7516;-9.5000
2024-04-26 16:00;7.4300;11.1219;16.8000;-3.6919;-9.3700
2024-04-26 17:00;8.1700;11.4375;16.6800;-3.2675;-8.5100
2024-04-26 18:00;7.4300;11.4312;16.5500;-4.0012;-9.1200
2024-04-26 19:00;8.1700;11.5552;16.4300;-3.3852;-8.2600
2024-04-26 20:00;8.1700;12.2710;16.3000;-4.1010;-8.1300
2024-04-26 21:00;8.1700;12.7637;16.1800;-4.5937;-8.0100
2024-04-26 22:00;8.1700;13.2241;16.0600;-5.0541;-7.8900
2024-04-26 23:00;8.1700;13.3954;15.9500;-5.2254;-7.7800
2024-04-27 00:00;8.1700;13.6862;15.8300;-5.5162;-7.6600
2024-04-27 01:00;7.4300;13.7706;15.7300;-6.3406;-8.3000
2024-04-27 02:00;7.4300;13.6459;15.6300;-6.2159;-8.2000
2024-04-27 03:00;7.4300;13.8587;15.5400;-6.4287;-8.1100
2024-04-27 04:00;7.4300;13.8770;15.4500;-6.4470;-8.0200
2024-04-27 05:00;7.4300;13.9952;15.3600;-6.5652;-7.9300
2024-04-27 06:00;8.1700;13.7643;15.2700;-5.5943;-7.1000
2024-04-27 07:00;8.1700;13.4445;15.1800;-5.2745;-7.0100
2024-04-27 08:00;8.1700;13.0685;15.0900;-4.8985;-6.9200
2024-04-27 09:00;8.1700;12.8136;15.0000;-4.6436;-6.8300
2024-04-27 10:00;8.1700;12.4219;14.9100;-4.2519;-6.7400
2024-04-27 11:00;7.4300;12.1236;14.8200;-4.6936;-7.3900
2024-04-27 12:00;7.4300;11.5485;14.7300;-4.1185;-7.3000
2024-04-27 13:00;6.6900;10.4239;14.6400;-3.7339;-7.9500
2024-04-27 14:00;6.6900;9.5402;14.5500;-2.8502;-7.8600
2024-04-27 15:00;6.6900;9.1917;14.4700;-2.5017;-7.7800
2024-04-27 16:00;6.6900;8.9148;14.4100;-2.2248;-7.7200
2024-04-27 17:00;6.6900;8.6307;14.3500;-1.9407;-7.6600
2024-04-27 18:00;6.6900;8.3729;14.3100;-1.6829;-7.6200
2024-04-27 19:00;6.6900;8.4198;14.2900;-1.7298;-7.6000
2024-04-27 20:00;6.6900;8.8638;14.2700;-2.1738;-7.5800
2024-04-27 21:00;6.6900;9.0109;14.2600;-2.3209;-7.5700
2024-04-27 22:00;6.6900;9.3218;14.2400;-2.6318;-7.5500
2024-04-27 23:00;6.6900;9.5431;14.2100;-2.8531;-7.5200
2024-04-28 00:00;6.6900;9.8586;14.1700;-3.1686;-7.4800
2024-04-28 01:00;6.6900;9.8748;14.1200;-3.1848;-7.4300
2024-04-28 02:00;6.6900;9.9329;14.0500;-3.2429;-7.3600
2024-04-28 03:00;5.9500;9.7724;13.9800;-3.8224;-8.0300
2024-04-28 04:00;5.9500;9.6937;13.9100;-3.7437;-7.9600
2024-04-28 05:00;5.9500;9.8750;13.8300;-3.9250;-7.8800
2024-04-28 06:00;6.6900;9.9592;13.7500;-3.2692;-7.0600
2024-04-28 07:00;6.6900;9.8494;13.6700;-3.1594;-6.9800
2024-04-28 08:00;6.6900;9.0322;13.5900;-2.3422;-6.9000
2024-04-28 09:00;6.6900;7.9581;13.5100;-1.2681;-6.8200
2024-04-28 10:00;6.6900;6.7779;13.4300;-0.0879;-6.7400
2024-04-28 11:00;5.9500;5.4158;13.3500;0.5342;-7.4000
2024-04-28 12:00;5.9500;4.3630;13.2600;1.5870;-7.3100
2024-04-28 13:00;4.4700;3.7241;13.1800;0.7459;-8.7100
2024-04-28 14:00;4.4700;3.1548;13.1000;1.3152;-8.6300
2024-04-28 15:00;4.4700;2.8255;13.0300;1.6445;-8.5600
2024-04-28 16:00;4.4700;2.6286;12.9500;1.8414;-8.4800
2024-04-28 17:00;4.4700;2.5701;12.8700;1.8999;-8.4000
2024-04-28 18:00;4.4700;2.7043;12.8000;1.7657;-8.3300
2024-04-28 19:00;5.2100;2.8803;12.7200;2.3297;-7.5100
2024-04-28 20:00;5.9500;3.2687;12.6500;2.6813;-6.7000
2024-04-28 21:00;5.9500;3.7051;12.5800;2.2449;-6.6300
2024-04-28 22:00;5.2100;4.0541;12.5000;1.1559;-7.2900
2024-04-28 23:00;5.9500;4.3134;12.4300;1.6366;-6.4800
2024-04-29 00:00;5.9500;4.6715;12.3600;1.2785;-6.4100
2024-04-29 01:00;5.9500;4.8617;12.3000;1.0883;-6.3500
2024-04-29 02:00;5.2100;5.0031;12.2300;0.2069;-7.0200
2024-04-29 03:00;5.2100;5.0833;12.1600;0.1267;-6.9500
2024-04-29 04:00;5.2100;5.1411;12.1000;0.0689;-6.8900
2024-04-29 05:00;5.2100;5.0787;12.0400;0.1313;-6.8300
2024-04-29 06:00;5.2100;5.1019;11.9800;0.1081;-6.7700
2024-04-29 07:00;5.2100;5.0948;11.9200;0.1152;-6.7100
2024-04-29 08:00;5.9500;4.8910;11.8600;1.0590;-5.9100
2024-04-29 09:00;5.2100;4.4150;11.8000;0.7950;-6.5900
2024-04-29 10:00;5.2100;3.7353;11.7400;1.4747;-6.5300
2024-04-29 11:00;4.4700;3.3130;11.6800;1.1570;-7.2100
2024-04-29 12:00;3.9600;2.9519;11.6300;1.0081;-7.6700
2024-04-29 13:00;3.4500;2.6181;11.5700;0.8319;-8.1200
2024-04-29 14:00;3.4500;2.3140;11.5100;1.1360;-8.0600
2024-04-29 15:00;3.4500;2.0888;11.4500;1.3612;-8.0000
2024-04-29 16:00;3.4500;1.9712;11.4000;1.4788;-7.9500
2024-04-29 17:00;3.4500;1.9060;11.3400;1.5440;-7.8900
2024-04-29 18:00;2.9300;1.9019;11.2900;1.0281;-8.3600
2024-04-29 19:00;3.4500;1.9135;11.2400;1.5365;-7.7900
2024-04-29 20:00;3.4500;2.0797;11.1800;1.3703;-7.7300
2024-04-29 21:00;3.4500;2.3415;11.1300;1.1085;-7.6800
2024-04-29 22:00;3.4500;2.6498;11.0800;0.8002;-7.6300
2024-04-29 23:00;3.4500;2.9295;11.0300;0.5205;-7.5800
2024-04-30 00:00;3.4500;3.2601;10.9900;0.1899;-7.5400
2024-04-30 01:00;3.4500;3.4297;10.9400;0.0203;-7.4900
2024-04-30 02:00;3.4500;3.6590;10.9000;-0.2090;-7.4500
2024-04-30 03:00;2.9300;3.8526;10.8500;-0.9226;-7.9200
2024-04-30 04:00;2.9300;3.9780;10.8100;-1.0480;-7.8800
2024-04-30 05:00;2.4200;4.0970;10.7700;-1.6770;-8.3500
2024-04-30 06:00;2.4200;4.2239;10.7200;-1.8039;-8.3000
2024-04-30 07:00;2.9300;4.1355;10.6700;-1.2055;-7.7400
2024-04-30 08:00;3.4500;3.7217;10.6200;-0.2717;-7.1700
2024-04-30 09:00;3.9600;3.1193;10.5800;0.8407;-6.6200
2024-04-30 10:00;3.4500;2.5651;10.5300;0.8849;-7.0800
2024-04-30 11:00;2.9300;2.0903;10.4800;0.8397;-7.5500
2024-04-30 12:00;2.4200;1.7790;10.4300;0.6410;-8.0100
2024-04-30 13:00;1.9100;1.6072;10.3800;0.3028;-8.4700
2024-04-30 14:00;1.9100;1.4574;10.3300;0.4526;-8.4200
2024-04-30 15:00;1.6200;1.3910;10.2900;0.2290;-8.6700
2024-04-30 16:00;1.9100;1.3259;10.2400;0.5841;-8.3300
2024-04-30 17:00;1.6200;1.3136;10.2000;0.3064;-8.5800
2024-04-30 18:00;1.9100;1.3149;10.1500;0.5951;-8.2400
2024-04-30 19:00;2.4200;1.3621;10.1100;1.0579;-7.6900
2024-04-30 20:00;2.9300;1.4374;10.0700;1.4926;-7.1400
2024-04-30 21:00;2.4200;1.5876;10.0200;0.8324;-7.6000
2024-04-30 22:00;2.4200;1.6890;9.9800;0.7310;-7.5600
2024-04-30 23:00;1.9100;1.7955;9.9400;0.1145;-8.0300
2024-05-01 00:00;1.9100;1.8720;9.8900;0.0380;-7.9800
2024-05-01 01:00;1.9100;1.9796;9.8500;-0.0696;-7.9400
2024-05-01 02:00;1.9100;2.0276;9.8000;-0.1176;-7.8900
2024-05-01 03:00;1.9100;2.0179;9.7600;-0.1079;-7.8500
2024-05-01 04:00;2.4200;2.0588;9.7200;0.3612;-7.3000
2024-05-01 05:00;2.9300;2.1299;9.6700;0.8001;-6.7400
2024-05-01 06:00;3.9600;2.2776;9.6300;1.6824;-5.6700
2024-05-01 07:00;3.9600;2.5817;9.5900;1.3783;-5.6300
2024-05-01 08:00;3.9600;3.2260;9.5600;0.7340;-5.6000
2024-05-01 09:00;3.9600;3.8188;9.5400;0.1412;-5.5800
2024-05-01 10:00;3.9600;4.5736;9.5200;-0.6136;-5.5600
2024-05-01 11:00;3.4500;5.3176;9.5200;-1.8676;-6.0700
2024-05-01 12:00;2.9300;5.3848;9.5300;-2.4548;-6.6000
2024-05-01 13:00;2.9300;5.3107;9.5500;-2.3807;-6.6200
2024-05-01 14:00;2.4200;5.4197;9.6200;-2.9997;-7.2000
2024-05-01 15:00;2.4200;5.6887;9.7800;-3.2687;-7.3600
2024-05-01 16:00;2.4200;6.0389;10.0600;-3.6189;-7.6400
2024-05-01 17:00;2.4200;6.6066;10.4800;-4.1866;-8.0600
2024-05-01 18:00;2.4200;10.1681;11.0300;-7.7481;-8.6100
2024-05-01 19:00;2.9300;17.9875;11.7800;-15.0575;-8.8500
2024-05-01 20:00;3.9600;22.7100;13.3100;-18.7500;-9.3500
2024-05-01 21:00;5.2100;25.2787;17.1400;-20.0687;-11.9300
2024-05-01 22:00;6.6900;29.3020;24.8000;-22.6120;-18.1100
2024-05-01 23:00;13.0600;33.0679;36.1000;-20.0079;-23.0400
2024-05-02 00:00;17.9300;40.0898;48.7900;-22.1598;-30.8600
2024-05-02 01:00;16.7100;43.8750;59.7300;-27.1650;-43.0200
2024-05-02 02:00;19.1500;47.8386;66.9800;-28.6886;-47.8300
2024-05-02 03:00;23.5400;47.2457;70.1800;-23.7057;-46.6400
2024-05-02 04:00;28.1800;45.9898;69.9900;-17.8098;-41.8100
2024-05-02 05:00;31.6100;43.9418;67.4400;-12.3318;-35.8300
2024-05-02 06:00;33.3300;43.0668;63.5800;-9.7368;-30.2500
2024-05-02 07:00;33.3300;40.9829;59.1600;-7.6529;-25.8300
2024-05-02 08:00;31.6100;39.6424;54.7700;-8.0324;-23.1600
2024-05-02 09:00;31.6100;37.7269;50.7400;-6.1169;-19.1300
2024-05-02 10:00;28.1800;38.1388;47.1900;-9.9588;-19.0100
2024-05-02 11:00;28.1800;38.4842;44.1400;-10.3042;-15.9600
2024-05-02 12:00;26.4700;40.3402;41.5800;-13.8702;-15.1100
2024-05-02 13:00;26.4700;40.2858;39.5100;-13.8158;-13.0400
2024-05-02 14:00;25.0100;42.8409;37.9400;-17.8309;-12.9300
2024-05-02 15:00;22.0800;44.4524;36.8800;-22.3724;-14.8000
2024-05-02 16:00;23.5400;46.6269;36.3100;-23.0869;-12.7700
2024-05-02 17:00;22.0800;47.7142;36.1800;-25.6342;-14.1000
2024-05-02 18:00;22.0800;49.1085;36.4100;-27.0285;-14.3300
2024-05-02 19:00;23.5400;52.3930;36.9300;-28.8530;-13.3900
2024-05-02 20:00;28.1800;52.0772;37.6700;-23.8972;-9.4900
2024-05-02 21:00;31.6100;54.5957;38.5200;-22.9857;-6.9100
2024-05-02 22:00;33.3300;54.0793;39.3300;-20.7493;-6.0000
2024-05-02 23:00;37.0100;56.4539;39.9000;-19.4439;-2.8900
2024-05-03 00:00;38.9700;56.3654;40.1000;-17.3954;-1.1300
2024-05-03 01:00;38.9700;54.8761;39.8600;-15.9061;-0.8900
2024-05-03 02:00;38.9700;53.7999;39.2100;-14.8299;-0.2400
2024-05-03 03:00;38.9700;52.2281;38.2400;-13.2581;0.7300
2024-05-03 04:00;37.0100;50.9487;37.0500;-13.9387;-0.0400
2024-05-03 05:00;37.0100;49.2794;35.7600;-12.2694;1.2500
2024-05-03 06:00;35.0400;47.8420;34.4300;-12.8020;0.6100
2024-05-03 07:00;35.0400;46.4736;33.1400;-11.4336;1.9000
2024-05-03 08:00;33.3300;44.3870;31.9000;-11.0570;1.4300
2024-05-03 09:00;31.6100;41.5583;30.7500;-9.9483;0.8600
2024-05-03 10:00;29.9000;38.2065;29.6900;-8.3065;0.2100
2024-05-03 11:00;28.1800;35.0943;28.7100;-6.9143;-0.5300
2024-05-03 12:00;28.1800;30.8635;27.8200;-2.6835;0.3600
2024-05-03 13:00;26.4700;28.0415;27.0100;-1.5715;-0.5400
2024-05-03 14:00;26.4700;25.0551;26.2600;1.4149;0.2100
2024-05-03 15:00;25.0100;24.1759;25.5800;0.8341;-0.5700
2024-05-03 16:00;25.0100;23.2989;24.9500;1.7111;0.0600
2024-05-03 17:00;23.5400;23.3787;24.3800;0.1613;-0.8400
2024-05-03 18:00;22.0800;22.6594;23.8400;-0.5794;-1.7600
2024-05-03 19:00;23.5400;23.2023;23.3500;0.3377;0.1900
2024-05-03 20:00;23.5400;22.7205;22.8900;0.8195;0.6500
2024-05-03 21:00;23.5400;23.2945;22.4700;0.2455;1.0700
2024-05-03 22:00;22.0800;22.8651;22.0900;-0.7851;-0.0100
2024-05-03 23:00;22.0800;24.1679;21.7500;-2.0879;0.3300
2024-05-04 00:00;20.6100;23.9648;21.4400;-3.3548;-0.8300
2024-05-04 01:00;20.6100;24.5196;21.1600;-3.9096;-0.5500
2024-05-04 02:00;20.6100;24.1756;20.9500;-3.5656;-0.3400
2024-05-04 03:00;20.6100;24.7175;20.8200;-4.1075;-0.2100
2024-05-04 04:00;20.6100;25.1067;20.7800;-4.4967;-0.1700
2024-05-04 05:00;19.1500;25.3098;20.8300;-6.1598;-1.6800
2024-05-04 06:00;19.1500;25.0959;20.9100;-5.9459;-1.7600
2024-05-04 07:00;20.6100;24.6898;20.9900;-4.0798;-0.3800
2024-05-04 08:00;20.6100;23.8928;21.0100;-3.2828;-0.4000
2024-05-04 09:00;19.1500;21.7854;20.9600;-2.6354;-1.8100
2024-05-04 10:00;17.9300;19.7103;20.8400;-1.7803;-2.9100
2024-05-04 11:00;17.9300;17.4009;20.6500;0.5291;-2.7200
2024-05-04 12:00;16.7100;15.5407;20.4200;1.1693;-3.7100
2024-05-04 13:00;15.5000;13.8221;20.1700;1.6779;-4.6700
2024-05-04 14:00;15.5000;12.8508;19.9000;2.6492;-4.4000
2024-05-04 15:00;14.2800;11.6157;19.6400;2.6643;-5.3600
2024-05-04 16:00;15.5000;11.1548;19.3800;4.3452;-3.8800
2024-05-04 17:00;14.2800;10.4656;19.1300;3.8144;-4.8500
2024-05-04 18:00;14.2800;10.3721;18.8900;3.9079;-4.6100
2024-05-04 19:00;14.2800;10.2969;18.6600;3.9831;-4.3800
2024-05-04 20:00;14.2800;10.7039;18.4400;3.5761;-4.1600
2024-05-04 21:00;14.2800;11.2092;18.2300;3.0708;-3.9500
2024-05-04 22:00;15.5000;11.8671;18.0200;3.6329;-2.5200
2024-05-04 23:00;15.5000;12.2670;17.8200;3.2330;-2.3200
2024-05-05 00:00;15.5000;12.9449;17.6300;2.5551;-2.1300
2024-05-05 01:00;14.2800;13.1832;17.4500;1.0968;-3.1700
2024-05-05 02:00;14.2800;13.2726;17.2700;1.0074;-2.9900
2024-05-05 03:00;14.2800;13.0424;17.1000;1.2376;-2.8200
2024-05-05 04:00;14.2800;13.1789;16.9300;1.1011;-2.6500
2024-05-05 05:00;13.0600;13.1172;16.7700;-0.0572;-3.7100
2024-05-05 06:00;13.0600;13.1665;16.6200;-0.1065;-3.5600
2024-05-05 07:00;13.0600;12.9063;16.4700;0.1537;-3.4100
2024-05-05 08:00;11.1000;11.7297;16.3300;-0.6297;-5.2300
2024-05-05 09:00;11.1000;10.1721;16.1900;0.9279;-5.0900
2024-05-05 10:00;12.0800;8.8702;16.0600;3.2098;-3.9800
2024-05-05 11:00;11.1000;7.5774;15.9300;3.5226;-4.8300
2024-05-05 12:00;10.1300;6.7606;15.8100;3.3694;-5.6800
2024-05-05 13:00;11.1000;5.8916;15.6900;5.2084;-4.5900
2024-05-05 14:00;10.1300;5.6187;15.5700;4.5113;-5.4400
2024-05-05 15:00;10.1300;5.2290;15.4500;4.9010;-5.3200
2024-05-05 16:00;10.1300;5.0401;15.3400;5.0899;-5.2100
2024-05-05 17:00;9.1500;4.8094;15.2200;4.3406;-6.0700
2024-05-05 18:00;9.1500;4.9173;15.1100;4.2327;-5.9600
2024-05-05 19:00;9.1500;4.9605;15.0000;4.1895;-5.8500
2024-05-05 20:00;9.1500;5.4004;14.8900;3.7496;-5.7400
2024-05-05 21:00;8.1700;5.7296;14.7700;2.4404;-6.6000
2024-05-05 22:00;7.4300;6.3050;14.6600;1.1250;-7.2300
2024-05-05 23:00;6.6900;6.6485;14.5500;0.0415;-7.8600
2024-05-06 00:00;6.6900;6.8480;14.4400;-0.1580;-7.7500
2024-05-06 01:00;7.4300;6.9852;14.3300;0.4448;-6.9000
2024-05-06 02:00;7.4300;7.1752;14.2200;0.2548;-6.7900
2024-05-06 03:00;6.6900;7.1208;14.1100;-0.4308;-7.4200
2024-05-06 04:00;6.6900;7.1198;14.0100;-0.4298;-7.3200
2024-05-06 05:00;7.4300;7.0160;13.9100;0.4140;-6.4800
2024-05-06 06:00;6.6900;6.9189;13.8100;-0.2289;-7.1200
2024-05-06 07:00;7.4300;6.8371;13.7100;0.5929;-6.2800
2024-05-06 08:00;7.4300;6.0470;13.6200;1.3830;-6.1900
2024-05-06 09:00;6.6900;5.2501;13.5300;1.4399;-6.8400
2024-05-06 10:00;5.9500;4.9826;13.4400;0.9674;-7.4900
2024-05-06 11:00;5.9500;4.7854;13.3600;1.1646;-7.4100
2024-05-06 12:00;6.6900;4.5475;13.2800;2.1425;-6.5900
2024-05-06 13:00;5.9500;4.2269;13.2000;1.7231;-7.2500
2024-05-06 14:00;6.6900;3.9511;13.1200;2.7389;-6.4300
2024-05-06 15:00;6.6900;3.5472;13.0400;3.1428;-6.3500
2024-05-06 16:00;5.9500;3.2446;12.9600;2.7054;-7.0100
2024-05-06 17:00;5.9500;2.9683;12.8900;2.9817;-6.9400
2024-05-06 18:00;5.9500;2.8666;12.8100;3.0834;-6.8600
2024-05-06 19:00;5.9500;2.8685;12.7400;3.0815;-6.7900
2024-05-06 20:00;5.9500;3.0152;12.6700;2.9348;-6.7200
2024-05-06 21:00;6.6900;3.1898;12.5900;3.5002;-5.9000
2024-05-06 22:00;5.9500;3.3368;12.5200;2.6132;-6.5700
2024-05-06 23:00;5.9500;3.4538;12.4500;2.4962;-6.5000
2024-05-07 00:00;5.9500;3.5147;12.3700;2.4353;-6.4200
2024-05-07 01:00;5.9500;3.5787;12.3000;2.3713;-6.3500
2024-05-07 02:00;5.9500;3.6338;12.2300;2.3162;-6.2800
2024-05-07 03:00;5.2100;3.8061;12.1600;1.4039;-6.9500
2024-05-07 04:00;5.2100;3.9411;12.0900;1.2689;-6.8800
2024-05-07 05:00;5.2100;4.1780;12.0200;1.0320;-6.8100
2024-05-07 06:00;5.9500;4.4382;11.9500;1.5118;-6.0000
2024-05-07 07:00;5.9500;4.8858;11.8900;1.0642;-5.9400
2024-05-07 08:00;6.6900;5.2307;11.8300;1.4593;-5.1400
2024-05-07 09:00;6.6900;5.2785;11.7800;1.4115;-5.0900
2024-05-07 10:00;6.6900;5.3088;11.7300;1.3812;-5.0400
2024-05-07 11:00;6.6900;5.9821;11.6800;0.7079;-4.9900
2024-05-07 12:00;5.9500;7.4816;11.6600;-1.5316;-5.7100
2024-05-07 13:00;5.9500;8.5380;11.6500;-2.5880;-5.7000
2024-05-07 14:00;5.9500;10.9768;11.6600;-5.0268;-5.7100
2024-05-07 15:00;5.9500;12.5593;11.7000;-6.6093;-5.7500
2024-05-07 16:00;5.2100;14.5372;11.8000;-9.3272;-6.5900
2024-05-07 17:00;4.4700;17.1894;12.0400;-12.7194;-7.5700
2024-05-07 18:00;4.4700;20.5102;12.5100;-16.0402;-8.0400
2024-05-07 19:00;5.2100;21.8931;13.2900;-16.6831;-8.0800
2024-05-07 20:00;5.9500;23.6562;14.4400;-17.7062;-8.4900
2024-05-07 21:00;6.6900;25.1185;15.9600;-18.4285;-9.2700
2024-05-07 22:00;6.6900;26.8227;17.7600;-20.1327;-11.0700
2024-05-07 23:00;8.1700;27.5128;19.6700;-19.3428;-11.5000
2024-05-08 00:00;11.1000;27.4067;21.4500;-16.3067;-10.3500
2024-05-08 01:00;12.0800;25.8431;22.8600;-13.7631;-10.7800
2024-05-08 02:00;13.0600;25.1861;23.7800;-12.1261;-10.7200
2024-05-08 03:00;15.5000;24.1063;24.2200;-8.6063;-8.7200
2024-05-08 04:00;16.7100;23.5310;24.2400;-6.8210;-7.5300
2024-05-08 05:00;17.9300;22.5444;23.9700;-4.6144;-6.0400
2024-05-08 06:00;17.9300;22.1185;23.5200;-4.1885;-5.5900
2024-05-08 07:00;16.7100;21.3910;22.9700;-4.6810;-6.2600
2024-05-08 08:00;16.7100;20.2300;22.3700;-3.5200;-5.6600
2024-05-08 09:00;15.5000;18.6719;21.7700;-3.1719;-6.2700
2024-05-08 10:00;14.2800;17.0450;21.1700;-2.7650;-6.8900
2024-05-08 11:00;13.0600;15.3496;20.6100;-2.2896;-7.5500
2024-05-08 12:00;13.0600;13.4822;20.0800;-0.4222;-7.0200
2024-05-08 13:00;11.1000;11.6541;19.5900;-0.5541;-8.4900
2024-05-08 14:00;10.1300;10.0940;19.1500;0.0360;-9.0200
2024-05-08 15:00;10.1300;9.2566;18.7400;0.8734;-8.6100
2024-05-08 16:00;10.1300;8.6722;18.3700;1.4578;-8.2400
2024-05-08 17:00;9.1500;8.2610;18.0300;0.8890;-8.8800
2024-05-08 18:00;9.1500;7.9796;17.7200;1.1704;-8.5700
2024-05-08 19:00;9.1500;8.0877;17.4500;1.0623;-8.3000
2024-05-08 20:00;10.1300;8.2415;17.1900;1.8885;-7.0600
2024-05-08 21:00;9.1500;8.5480;16.9500;0.6020;-7.8000
2024-05-08 22:00;9.1500;8.3783;16.7300;0.7717;-7.5800
2024-05-08 23:00;9.1500;8.5889;16.5300;0.5611;-7.3800
2024-05-09 00:00;9.1500;8.7351;16.3300;0.4149;-7.1800
2024-05-09 01:00;9.1500;8.8827;16.1500;0.2673;-7.0000
2024-05-09 02:00;9.1500;8.8959;15.9800;0.2541;-6.8300
2024-05-09 03:00;9.1500;8.6974;15.8200;0.4526;-6.6700
2024-05-09 04:00;9.1500;8.4989;15.6600;0.6511;-6.5100
2024-05-09 05:00;10.1300;8.2698;15.5100;1.8602;-5.3800
2024-05-09 06:00;10.1300;8.1337;15.3700;1.9963;-5.2400
2024-05-09 07:00;11.1000;7.8165;15.2400;3.2835;-4.1400
2024-05-09 08:00;9.1500;7.6838;15.1100;1.4662;-5.9600
2024-05-09 09:00;9.1500;7.3657;14.9800;1.7843;-5.8300
2024-05-09 10:00;8.1700;6.8498;14.8600;1.3202;-6.6900
2024-05-09 11:00;7.4300;6.4340;14.7500;0.9960;-7.3200
2024-05-09 12:00;7.4300;5.8540;14.6300;1.5760;-7.2000
2024-05-09 13:00;6.6900;5.3509;14.5200;1.3391;-7.8300
2024-05-09 14:00;6.6900;4.8443;14.4200;1.8457;-7.7300
2024-05-09 15:00;5.9500;4.4488;14.3100;1.5012;-8.3600
2024-05-09 16:00;5.9500;4.1515;14.2100;1.7985;-8.2600
2024-05-09 17:00;5.9500;4.1265;14.1100;1.8235;-8.1600
2024-05-09 18:00;5.9500;3.9883;14.0100;1.9617;-8.0600
2024-05-09 19:00;5.2100;4.0440;13.9100;1.1660;-8.7000
2024-05-09 20:00;5.9500;4.0727;13.8100;1.8773;-7.8600
2024-05-09 21:00;5.9500;4.1676;13.7100;1.7824;-7.7600
2024-05-09 22:00;5.9500;4.4647;13.6200;1.4853;-7.6700
2024-05-09 23:00;5.9500;4.8504;13.5200;1.0996;-7.5700
2024-05-10 00:00;5.9500;5.0799;13.4300;0.8701;-7.4800
2024-05-10 01:00;5.9500;5.3450;13.3300;0.6050;-7.3800
2024-05-10 02:00;5.9500;5.5307;13.2400;0.4193;-7.2900
2024-05-10 03:00;5.2100;5.7709;13.1500;-0.5609;-7.9400
2024-05-10 04:00;5.9500;5.7775;13.0600;0.1725;-7.1100
2024-05-10 05:00;5.2100;5.8275;12.9700;-0.6175;-7.7600
2024-05-10 06:00;5.9500;5.8362;12.8900;0.1138;-6.9400
2024-05-10 07:00;6.6900;5.7334;12.8000;0.9566;-6.1100
2024-05-10 08:00;6.6900;5.1403;12.7200;1.5497;-6.0300
2024-05-10 09:00;7.4300;4.3035;12.6400;3.1265;-5.2100
2024-05-10 10:00;5.9500;3.7292;12.5700;2.2208;-6.6200
2024-05-10 11:00;5.2100;3.2628;12.4900;1.9472;-7.2800
2024-05-10 12:00;4.4700;2.8314;12.4200;1.6386;-7.9500
2024-05-10 13:00;3.9600;2.6228;12.3500;1.3372;-8.3900
2024-05-10 14:00;3.4500;2.4171;12.2800;1.0329;-8.8300
2024-05-10 15:00;3.4500;2.2693;12.2100;1.1807;-8.7600
2024-05-10 16:00;3.4500;2.1471;12.1500;1.3029;-8.7000
2024-05-10 17:00;3.4500;2.0945;12.0800;1.3555;-8.6300
2024-05-10 18:00;3.4500;2.1004;12.0100;1.3496;-8.5600
2024-05-10 19:00;3.4500;2.1854;11.9500;1.2646;-8.5000
2024-05-10 20:00;3.4500;2.2770;11.8800;1.1730;-8.4300
2024-05-10 21:00;3.4500;2.4969;11.8200;0.9531;-8.3700
2024-05-10 22:00;3.4500;2.7783;11.7500;0.6717;-8.3000
2024-05-10 23:00;3.4500;3.0821;11.6800;0.3679;-8.2300
2024-05-11 00:00;2.9300;3.3706;11.6100;-0.4406;-8.6800
2024-05-11 01:00;2.4200;3.6721;11.5400;-1.2521;-9.1200
2024-05-11 02:00;1.9100;3.7628;11.4800;-1.8528;-9.5700
2024-05-11 03:00;2.4200;3.9216;11.4100;-1.5016;-8.9900
2024-05-11 04:00;2.4200;3.9852;11.3500;-1.5652;-8.9300
2024-05-11 05:00;2.9300;4.0759;11.2800;-1.1459;-8.3500
2024-05-11 06:00;3.9600;4.0965;11.2200;-0.1365;-7.2600
2024-05-11 07:00;3.4500;4.0255;11.1600;-0.5755;-7.7100
2024-05-11 08:00;3.9600;3.3992;11.1000;0.5608;-7.1400
2024-05-11 09:00;3.9600;2.8585;11.0400;1.1015;-7.0800
2024-05-11 10:00;3.4500;2.3761;10.9800;1.0739;-7.5300
2024-05-11 11:00;2.9300;2.0004;10.9300;0.9296;-8.0000
2024-05-11 12:00;2.4200;1.7721;10.8800;0.6479;-8.4600
2024-05-11 13:00;2.4200;1.6895;10.8300;0.7305;-8.4100
2024-05-11 14:00;1.9100;1.6049;10.7800;0.3051;-8.8700
2024-05-11 15:00;1.6200;1.5283;10.7300;0.0917;-9.1100
2024-05-11 16:00;1.6200;1.4355;10.6800;0.1845;-9.0600
2024-05-11 17:00;1.6200;1.3879;10.6300;0.2321;-9.0100
2024-05-11 18:00;1.0300;1.3748;10.5800;-0.3448;-9.5500
2024-05-11 19:00;1.3200;1.3936;10.5300;-0.0736;-9.2100
2024-05-11 20:00;1.3200;1.4383;10.4800;-0.1183;-9.1600
2024-05-11 21:00;1.3200;1.5388;10.4400;-0.2188;-9.1200
2024-05-11 22:00;1.6200;1.6148;10.3900;0.0052;-8.7700
2024-05-11 23:00;1.6200;1.7056;10.3400;-0.0856;-8.7200
2024-05-12 00:00;1.3200;1.8011;10.2800;-0.4811;-8.9600
2024-05-12 01:00;1.0300;1.8728;10.2300;-0.8428;-9.2000
2024-05-12 02:00;1.0300;1.9640;10.1800;-0.9340;-9.1500
2024-05-12 03:00;1.0300;2.0263;10.1300;-0.9963;-9.1000
2024-05-12 04:00;0.7300;2.0679;10.0800;-1.3379;-9.3500
2024-05-12 05:00;0.7300;2.1374;10.0300;-1.4074;-9.3000
2024-05-12 06:00;1.3200;2.1548;9.9800;-0.8348;-8.6600
2024-05-12 07:00;1.3200;2.1555;9.9300;-0.8355;-8.6100
2024-05-12 08:00;1.9100;1.9540;9.8900;-0.0440;-7.9800
2024-05-12 09:00;1.9100;1.6959;9.8400;0.2141;-7.9300
2024-05-12 10:00;1.9100;1.5011;9.8000;0.4089;-7.8900
2024-05-12 11:00;1.0300;1.3646;9.7500;-0.3346;-8.7200
2024-05-12 12:00;0.7300;1.2996;9.7100;-0.5696;-8.9800
2024-05-12 13:00;0.7300;1.2946;9.6700;-0.5646;-8.9400
2024-05-12 14:00;0.4400;1.2946;9.6300;-0.8546;-9.1900
2024-05-12 15:00;0.4400;1.2946;9.6000;-0.8546;-9.1600
2024-05-12 16:00;0.4400;1.2946;9.5600;-0.8546;-9.1200
2024-05-12 17:00;0.4400;1.2946;9.5200;-0.8546;-9.0800
2024-05-12 18:00;0.4400;1.2946;9.4800;-0.8546;-9.0400
2024-05-12 19:00;0.4400;1.2946;9.4500;-0.8546;-9.0100
2024-05-12 20:00;0.4400;1.2946;9.4100;-0.8546;-8.9700
2024-05-12 21:00;0.4400;1.2946;9.3700;-0.8546;-8.9300
2024-05-12 22:00;0.4400;1.3057;9.3300;-0.8657;-8.8900
2024-05-12 23:00;0.4400;1.3437;9.2900;-0.9037;-8.8500
2024-05-13 00:00;0.4400;1.3755;9.2500;-0.9355;-8.8100
2024-05-13 01:00;0.4400;1.4042;9.2100;-0.9642;-8.7700
2024-05-13 02:00;0.4400;1.4183;9.1700;-0.9783;-8.7300
2024-05-13 03:00;0.4400;1.4716;9.1400;-1.0316;-8.7000
2024-05-13 04:00;0.4300;1.5000;9.1000;-1.0700;-8.6700
2024-05-13 05:00;0.4300;1.5239;9.0600;-1.0939;-8.6300
2024-05-13 06:00;0.4300;1.5296;9.0200;-1.0996;-8.5900
2024-05-13 07:00;0.4300;1.5264;8.9800;-1.0964;-8.5500
2024-05-13 08:00;0.4400;1.4639;8.9500;-1.0239;-8.5100
2024-05-13 09:00;0.4400;1.3709;8.9100;-0.9309;-8.4700
2024-05-13 10:00;0.4400;1.3042;8.8800;-0.8642;-8.4400
2024-05-13 11:00;0.4400;1.2946;8.8400;-0.8546;-8.4000
2024-05-13 12:00;0.4300;1.2946;8.8100;-0.8646;-8.3800
2024-05-13 13:00;0.4300;1.2946;8.7800;-0.8646;-8.3500
2024-05-13 14:00;0.4200;1.2946;8.7400;-0.8746;-8.3200
2024-05-13 15:00;0.4100;1.2946;8.7100;-0.8846;-8.3000
2024-05-13 16:00;0.4100;1.2946;8.6800;-0.8846;-8.2700
2024-05-13 17:00;0.4000;1.2946;8.6500;-0.8946;-8.2500
2024-05-13 18:00;0.4000;1.2946;8.6200;-0.8946;-8.2200
2024-05-13 19:00;0.3900;1.2946;8.5900;-0.9046;-8.2000
2024-05-13 20:00;0.4000;1.2946;8.5700;-0.8946;-8.1700
2024-05-13 21:00;0.4200;1.3825;8.5700;-0.9625;-8.1500
2024-05-13 22:00;1.9100;1.4563;8.6000;0.4537;-6.6900
2024-05-13 23:00;3.4500;1.6509;8.6600;1.7991;-5.2100
2024-05-14 00:00;2.9300;1.6926;8.8000;1.2374;-5.8700
2024-05-14 01:00;3.9600;1.8052;9.1700;2.1548;-5.2100
2024-05-14 02:00;3.4500;1.8509;10.0800;1.5991;-6.6300
2024-05-14 03:00;3.4500;1.8955;11.6100;1.5545;-8.1600
2024-05-14 04:00;3.9600;1.8867;13.4600;2.0733;-9.5000
2024-05-14 05:00;5.9500;1.9215;15.1300;4.0285;-9.1800
2024-05-14 06:00;11.1000;1.9469;16.1500;9.1531;-5.0500
2024-05-14 07:00;13.0600;1.9618;16.3800;11.0982;-3.3200
2024-05-14 08:00;13.0600;1.8270;15.9900;11.2330;-2.9300
2024-05-14 09:00;10.1300;1.6525;15.2300;8.4775;-5.1000
2024-05-14 10:00;8.1700;1.5363;14.3400;6.6337;-6.1700
2024-05-14 11:00;7.4300;1.4104;13.4500;6.0196;-6.0200
2024-05-14 12:00;6.6900;1.3292;12.6400;5.3608;-5.9500
2024-05-14 13:00;5.2100;1.2991;11.9300;3.9109;-6.7200
2024-05-14 14:00;4.4700;1.2946;11.3300;3.1754;-6.8600
2024-05-14 15:00;4.4700;1.2946;10.8300;3.1754;-6.3600
2024-05-14 16:00;3.9600;1.2946;10.4300;2.6654;-6.4700
2024-05-14 17:00;3.9600;1.2946;10.1000;2.6654;-6.1400
2024-05-14 18:00;3.9600;1.2989;9.8500;2.6611;-5.8900
2024-05-14 19:00;4.4700;1.3201;9.6600;3.1499;-5.1900
2024-05-14 20:00;3.9600;1.3505;9.5100;2.6095;-5.5500
2024-05-14 21:00;3.9600;1.4042;9.3800;2.5558;-5.4200
2024-05-14 22:00;3.9600;1.4493;9.2800;2.5107;-5.3200
2024-05-14 23:00;3.4500;1.5180;9.1900;1.9320;-5.7400
2024-05-15 00:00;3.4500;1.5486;9.1100;1.9014;-5.6600
2024-05-15 01:00;3.4500;1.5762;9.0500;1.8738;-5.6000
2024-05-15 02:00;3.4500;1.5719;8.9900;1.8781;-5.5400
2024-05-15 03:00;3.4500;1.5740;8.9400;1.8760;-5.4900
2024-05-15 04:00;2.9300;1.5686;8.9000;1.3614;-5.9700
2024-05-15 05:00;3.4500;1.5739;8.8600;1.8761;-5.4100
2024-05-15 06:00;3.9600;1.5675;8.8300;2.3925;-4.8700
2024-05-15 07:00;3.9600;1.5437;8.8000;2.4163;-4.8400
2024-05-15 08:00;3.4500;1.4726;8.7700;1.9774;-5.3200
2024-05-15 09:00;2.9300;1.4191;8.7300;1.5109;-5.8000
2024-05-15 10:00;2.4200;1.3778;8.7000;1.0422;-6.2800
2024-05-15 11:00;1.9100;1.3275;8.6700;0.5825;-6.7600
2024-05-15 12:00;1.3200;1.2946;8.6400;0.0254;-7.3200
2024-05-15 13:00;0.7300;1.2946;8.6100;-0.5646;-7.8800
2024-05-15 14:00;0.7300;1.2946;8.5800;-0.5646;-7.8500
2024-05-15 15:00;0.4400;1.2946;8.5600;-0.8546;-8.1200
2024-05-15 16:00;0.4300;1.2946;8.5300;-0.8646;-8.1000
2024-05-15 17:00;0.4300;1.2946;8.5000;-0.8646;-8.0700
2024-05-15 18:00;0.4300;1.2946;8.4800;-0.8646;-8.0500
2024-05-15 19:00;0.4200;1.2946;8.4700;-0.8746;-8.0500
2024-05-15 20:00;0.4200;1.2946;8.4900;-0.8746;-8.0700
2024-05-15 21:00;0.4200;1.2946;8.5100;-0.8746;-8.0900
2024-05-15 22:00;0.4200;1.2946;8.5100;-0.8746;-8.0900
2024-05-15 23:00;0.4200;1.3041;8.5000;-0.8841;-8.0800
2024-05-16 00:00;0.4200;1.3324;8.4700;-0.9124;-8.0500
2024-05-16 01:00;0.4200;1.3686;8.4500;-0.9486;-8.0300
2024-05-16 02:00;0.4200;1.3849;8.4200;-0.9649;-8.0000
2024-05-16 03:00;0.4200;1.4022;8.4000;-0.9822;-7.9800
2024-05-16 04:00;0.4200;1.4046;8.3700;-0.9846;-7.9500
2024-05-16 05:00;0.4100;1.4189;8.3500;-1.0089;-7.9400
2024-05-16 06:00;0.4100;1.4064;8.3300;-0.9964;-7.9200
2024-05-16 07:00;0.4100;1.4012;8.3000;-0.9912;-7.8900
2024-05-16 08:00;0.4000;1.3750;8.2800;-0.9750;-7.8800
2024-05-16 09:00;0.4000;1.3472;8.2500;-0.9472;-7.8500
2024-05-16 10:00;0.3900;1.3098;8.2300;-0.9198;-7.8400
2024-05-16 11:00;0.3900;1.2957;8.2000;-0.9057;-7.8100
2024-05-16 12:00;0.3800;1.2946;8.1800;-0.9146;-7.8000
2024-05-16 13:00;0.3700;1.2946;8.1500;-0.9246;-7.7800
2024-05-16 14:00;0.3600;1.2946;8.1300;-0.9346;-7.7700
2024-05-16 15:00;0.3500;1.2946;8.1100;-0.9446;-7.7600
2024-05-16 16:00;0.3400;1.2946;8.1000;-0.9546;-7.7600
2024-05-16 17:00;0.3500;1.2946;8.1200;-0.9446;-7.7700
2024-05-16 18:00;0.3600;1.2946;8.1900;-0.9346;-7.8300
2024-05-16 19:00;0.3700;1.2946;8.3200;-0.9246;-7.9500
2024-05-16 20:00;0.3900;1.2946;8.5300;-0.9046;-8.1400
2024-05-16 21:00;0.4000;1.2969;8.8000;-0.8969;-8.4000
2024-05-16 22:00;0.4100;1.3293;9.0800;-0.9193;-8.6700
2024-05-16 23:00;0.4200;1.3867;9.3300;-0.9667;-8.9100
2024-05-17 00:00;0.4300;1.4213;9.5100;-0.9913;-9.0800
2024-05-17 01:00;1.0300;1.4398;9.6100;-0.4098;-8.5800
2024-05-17 02:00;2.4200;1.4667;9.6200;0.9533;-7.2000
2024-05-17 03:00;2.9300;1.4487;9.5500;1.4813;-6.6200
2024-05-17 04:00;2.9300;1.4459;9.4300;1.4841;-6.5000
2024-05-17 05:00;2.9300;1.4333;9.2800;1.4967;-6.3500
2024-05-17 06:00;3.4500;1.4242;9.1000;2.0258;-5.6500
2024-05-17 07:00;3.4500;1.4023;8.9200;2.0477;-5.4700
2024-05-17 08:00;3.4500;1.3448;8.7500;2.1052;-5.3000
2024-05-17 09:00;3.4500;1.3054;8.5900;2.1446;-5.1400
2024-05-17 10:00;1.9100;1.2946;8.4500;0.6154;-6.5400
2024-05-17 11:00;1.6200;1.2946;8.3200;0.3254;-6.7000
2024-05-17 12:00;1.0300;1.2946;8.2100;-0.2646;-7.1800
2024-05-17 13:00;0.4400;1.2946;8.1200;-0.8546;-7.6800
2024-05-17 14:00;0.4400;1.2946;8.0400;-0.8546;-7.6000
2024-05-17 15:00;0.4300;1.2946;7.9700;-0.8646;-7.5400
2024-05-17 16:00;0.4300;1.2946;7.9100;-0.8646;-7.4800
2024-05-17 17:00;0.4200;1.2946;7.8600;-0.8746;-7.4400
2024-05-17 18:00;0.4200;1.2946;7.8200;-0.8746;-7.4000
2024-05-17 19:00;0.4200;1.2946;7.7900;-0.8746;-7.3700
2024-05-17 20:00;0.4200;1.2946;7.7500;-0.8746;-7.3300
2024-05-17 21:00;0.4100;1.2946;7.7300;-0.8846;-7.3200
2024-05-17 22:00;0.4100;1.2946;7.7000;-0.8846;-7.2900
2024-05-17 23:00;0.4000;1.2946;7.6700;-0.8946;-7.2700
2024-05-18 00:00;0.4000;1.2946;7.6500;-0.8946;-7.2500
2024-05-18 01:00;0.4000;1.2946;7.6200;-0.8946;-7.2200
2024-05-18 02:00;0.4000;1.3126;7.6000;-0.9126;-7.2000
2024-05-18 03:00;0.3900;1.3453;7.5800;-0.9553;-7.1900
2024-05-18 04:00;0.3900;1.3805;7.5600;-0.9905;-7.1700
2024-05-18 05:00;0.3800;1.4031;7.5300;-1.0231;-7.1500
2024-05-18 06:00;0.3800;1.4423;7.5100;-1.0623;-7.1300
2024-05-18 07:00;0.3700;1.4305;7.4900;-1.0605;-7.1200
2024-05-18 08:00;0.3700;1.3457;7.4700;-0.9757;-7.1000
2024-05-18 09:00;0.3600;1.2946;7.4500;-0.9346;-7.0900
2024-05-18 10:00;0.3600;1.2946;7.4300;-0.9346;-7.0700
2024-05-18 11:00;0.3500;1.2946;7.4100;-0.9446;-7.0600
2024-05-18 12:00;0.3400;1.2946;7.3900;-0.9546;-7.0500
2024-05-18 13:00;0.3300;1.2946;7.3700;-0.9646;-7.0400
2024-05-18 14:00;0.3200;1.2946;7.3500;-0.9746;-7.0300
2024-05-18 15:00;0.3100;1.2946;7.3300;-0.9846;-7.0200
2024-05-18 16:00;0.3100;1.2946;7.3200;-0.9846;-7.0100
2024-05-18 17:00;0.3100;1.2946;7.3000;-0.9846;-6.9900
2024-05-18 18:00;0.3100;1.2946;7.2800;-0.9846;-6.9700
2024-05-18 19:00;0.3100;1.2946;7.2600;-0.9846;-6.9500
2024-05-18 20:00;0.3200;1.2946;7.2500;-0.9746;-6.9300
2024-05-18 21:00;0.3200;1.2946;7.2300;-0.9746;-6.9100
2024-05-18 22:00;0.3200;1.2946;7.2100;-0.9746;-6.8900
2024-05-18 23:00;0.3200;1.2946;7.1900;-0.9746;-6.8700
2024-05-19 00:00;0.3300;1.2946;7.1700;-0.9646;-6.8400
2024-05-19 01:00;0.3300;1.2946;7.1500;-0.9646;-6.8200
2024-05-19 02:00;0.3400;1.2946;7.1300;-0.9546;-6.7900
2024-05-19 03:00;0.3400;1.2946;7.1100;-0.9546;-6.7700
2024-05-19 04:00;0.3400;1.2946;7.0900;-0.9546;-6.7500
2024-05-19 05:00;0.3400;1.2946;7.0700;-0.9546;-6.7300
2024-05-19 06:00;0.3500;1.2946;7.0500;-0.9446;-6.7000
2024-05-19 07:00;0.3600;1.2946;7.0300;-0.9346;-6.6700
2024-05-19 08:00;0.3700;1.2946;7.0100;-0.9246;-6.6400
2024-05-19 09:00;0.3800;1.2946;7.0000;-0.9146;-6.6200
2024-05-19 10:00;0.3800;1.2946;6.9800;-0.9146;-6.6000
2024-05-19 11:00;0.3800;1.2946;6.9600;-0.9146;-6.5800
2024-05-19 12:00;0.3800;1.2946;6.9400;-0.9146;-6.5600
2024-05-19 13:00;0.3700;1.2946;6.9200;-0.9246;-6.5500
2024-05-19 14:00;0.3600;1.2946;6.9100;-0.9346;-6.5500
2024-05-19 15:00;0.3500;1.2946;6.8900;-0.9446;-6.5400
2024-05-19 16:00;0.3400;1.2946;6.8800;-0.9546;-6.5400
2024-05-19 17:00;0.3300;1.2946;6.8600;-0.9646;-6.5300
2024-05-19 18:00;0.3300;1.2946;6.8400;-0.9646;-6.5100
2024-05-19 19:00;0.3200;1.2946;6.8300;-0.9746;-6.5100
2024-05-19 20:00;0.3100;1.2946;6.8100;-0.9846;-6.5000
2024-05-19 21:00;0.3100;1.2946;6.8000;-0.9846;-6.4900
2024-05-19 22:00;0.3000;1.2946;6.7800;-0.9946;-6.4800
2024-05-19 23:00;0.3000;1.2946;6.7700;-0.9946;-6.4700
2024-05-20 00:00;0.3000;1.2946;6.7500;-0.9946;-6.4500
2024-05-20 01:00;0.3000;1.2946;6.7300;-0.9946;-6.4300
2024-05-20 02:00;0.3000;1.2946;6.7200;-0.9946;-6.4200
2024-05-20 03:00;0.3000;1.2946;6.7000;-0.9946;-6.4000
2024-05-20 04:00;0.2900;1.2946;6.6800;-1.0046;-6.3900
2024-05-20 05:00;0.2900;1.2946;6.6700;-1.0046;-6.3800
2024-05-20 06:00;0.3000;1.2946;6.6600;-0.9946;-6.3600
2024-05-20 07:00;0.3200;1.2946;6.7300;-0.9746;-6.4100
2024-05-20 08:00;0.3400;1.2946;7.0800;-0.9546;-6.7400
2024-05-20 09:00;0.3500;1.2946;8.0900;-0.9446;-7.7400
2024-05-20 10:00;0.3600;1.2946;10.0100;-0.9346;-9.6500
2024-05-20 11:00;0.3600;1.2946;12.6400;-0.9346;-12.2800
2024-05-20 12:00;0.3600;1.2946;15.2900;-0.9346;-14.9300
2024-05-20 13:00;0.3600;1.2946;17.1300;-0.9346;-16.7700
2024-05-20 14:00;0.3600;1.2946;17.8300;-0.9346;-17.4700
2024-05-20 15:00;0.3700;1.2946;17.5300;-0.9246;-17.1600
2024-05-20 16:00;0.3700;1.2946;16.6100;-0.9246;-16.2400
2024-05-20 17:00;0.3700;1.2946;15.4200;-0.9246;-15.0500
2024-05-20 18:00;0.3700;1.2946;14.2000;-0.9246;-13.8300
2024-05-20 19:00;0.3800;1.2946;13.0600;-0.9146;-12.6800
2024-05-20 20:00;0.3900;1.2946;12.0500;-0.9046;-11.6600
2024-05-20 21:00;0.4000;1.2946;11.2200;-0.8946;-10.8200
2024-05-20 22:00;0.4200;1.3309;10.6400;-0.9109;-10.2200
2024-05-20 23:00;0.4400;1.9099;10.5600;-1.4699;-10.1200
2024-05-21 00:00;2.9300;5.7708;11.6300;-2.8408;-8.7000
2024-05-21 01:00;7.4300;11.7076;14.5200;-4.2776;-7.0900
2024-05-21 02:00;12.0800;14.7007;20.1900;-2.6207;-8.1100
2024-05-21 03:00;38.9700;16.0678;29.3500;22.9022;9.6200
2024-05-21 04:00;65.9100;17.4608;40.6700;48.4492;25.2400
2024-05-21 05:00;63.4300;17.6556;50.9400;45.7744;12.4900
2024-05-21 06:00;63.4300;17.5096;57.3400;45.9204;6.0900
2024-05-21 07:00;58.4600;16.0863;59.1700;42.3737;-0.7100
2024-05-21 08:00;53.7600;15.1330;57.3900;38.6270;-3.6300
2024-05-21 09:00;47.0900;15.1772;53.6500;31.9128;-6.5600
2024-05-21 10:00;42.9000;15.1068;49.2500;27.7932;-6.3500
2024-05-21 11:00;37.0100;15.0732;45.0200;21.9368;-8.0100
2024-05-21 12:00;33.3300;14.6437;41.2500;18.6863;-7.9200
2024-05-21 13:00;29.9000;13.9348;37.9900;15.9652;-8.0900
2024-05-21 14:00;28.1800;13.3223;35.2200;14.8577;-7.0400
2024-05-21 15:00;26.4700;11.4505;32.8300;15.0195;-6.3600
2024-05-21 16:00;23.5400;11.2824;30.7200;12.2576;-7.1800
2024-05-21 17:00;20.6100;9.3956;28.8000;11.2144;-8.1900
2024-05-21 18:00;19.1500;9.6206;27.0300;9.5294;-7.8800
2024-05-21 19:00;19.1500;8.4066;25.3900;10.7434;-6.2400
2024-05-21 20:00;19.1500;8.5927;23.8900;10.5573;-4.7400
2024-05-21 21:00;19.1500;8.1252;22.5400;11.0248;-3.3900
2024-05-21 22:00;17.9300;7.9985;21.3300;9.9315;-3.4000
2024-05-21 23:00;15.5000;7.6777;20.2600;7.8223;-4.7600
2024-05-22 00:00;14.2800;7.3567;19.3300;6.9233;-5.0500
2024-05-22 01:00;13.0600;7.2182;18.5300;5.8418;-5.4700
2024-05-22 02:00;11.1000;6.9432;17.8300;4.1568;-6.7300
2024-05-22 03:00;12.0800;6.7161;17.2300;5.3639;-5.1500
2024-05-22 04:00;12.0800;6.4655;16.7100;5.6145;-4.6300
2024-05-22 05:00;11.1000;6.2267;16.2600;4.8733;-5.1600
2024-05-22 06:00;11.1000;6.0503;15.8600;5.0497;-4.7600
2024-05-22 07:00;11.1000;5.8398;15.5200;5.2602;-4.4200
2024-05-22 08:00;9.1500;5.3326;15.2100;3.8174;-6.0600
2024-05-22 09:00;8.1700;4.8981;14.9500;3.2719;-6.7800
2024-05-22 10:00;7.4300;4.3096;14.7100;3.1204;-7.2800
2024-05-22 11:00;6.6900;3.8980;14.5000;2.7920;-7.8100
2024-05-22 12:00;5.9500;3.4867;14.3100;2.4633;-8.3600
2024-05-22 13:00;6.6900;3.3872;14.1400;3.3028;-7.4500
2024-05-22 14:00;5.9500;3.1537;13.9800;2.7963;-8.0300
2024-05-22 15:00;5.2100;3.0351;13.8400;2.1749;-8.6300
2024-05-22 16:00;3.9600;2.8883;13.7200;1.0717;-9.7600
2024-05-22 17:00;4.4700;2.8946;13.6300;1.5754;-9.1600
2024-05-22 18:00;3.9600;3.0060;13.5700;0.9540;-9.6100
2024-05-22 19:00;3.4500;3.1653;13.5000;0.2847;-10.0500
2024-05-22 20:00;3.4500;3.4278;13.4000;0.0222;-9.9500
2024-05-22 21:00;2.9300;3.6334;13.2800;-0.7034;-10.3500
2024-05-22 22:00;2.9300;3.9228;13.1600;-0.9928;-10.2300
2024-05-22 23:00;2.4200;4.2176;13.0500;-1.7976;-10.6300
2024-05-23 00:00;1.9100;4.3451;12.9400;-2.4351;-11.0300
2024-05-23 01:00;1.6200;4.3822;12.8300;-2.7622;-11.2100
2024-05-23 02:00;1.6200;4.4649;12.7400;-2.8449;-11.1200
2024-05-23 03:00;1.0300;4.5310;12.6400;-3.5010;-11.6100
2024-05-23 04:00;0.7300;4.5577;12.5500;-3.8277;-11.8200
2024-05-23 05:00;0.7300;4.6260;12.4600;-3.8960;-11.7300
2024-05-23 06:00;0.7300;4.6498;12.3800;-3.9198;-11.6500
2024-05-23 07:00;1.0300;4.4876;12.3000;-3.4576;-11.2700
2024-05-23 08:00;1.3200;3.9228;12.2300;-2.6028;-10.9100
2024-05-23 09:00;0.7300;3.3369;12.1500;-2.6069;-11.4200
2024-05-23 10:00;0.4400;2.8779;12.0800;-2.4379;-11.6400
2024-05-23 11:00;0.4200;2.4806;12.0200;-2.0606;-11.6000
2024-05-23 12:00;0.4000;2.2566;11.9500;-1.8566;-11.5500
2024-05-23 13:00;0.4000;2.1365;11.8900;-1.7365;-11.4900
2024-05-23 14:00;0.4100;2.0444;11.8200;-1.6344;-11.4100
2024-05-23 15:00;0.4200;1.9505;11.7600;-1.5305;-11.3400
2024-05-23 16:00;0.4200;1.8997;11.7000;-1.4797;-11.2800
2024-05-23 17:00;0.4200;1.8756;11.6400;-1.4556;-11.2200
2024-05-23 18:00;0.4100;1.8785;11.5800;-1.4685;-11.1700
2024-05-23 19:00;0.4100;1.8411;11.5200;-1.4311;-11.1100
2024-05-23 20:00;0.4200;1.9608;11.4600;-1.5408;-11.0400
2024-05-23 21:00;0.4200;2.0912;11.4000;-1.6712;-10.9800
2024-05-23 22:00;0.4100;2.2941;11.3400;-1.8841;-10.9300
2024-05-23 23:00;0.4100;2.4348;11.2800;-2.0248;-10.8700
2024-05-24 00:00;0.4000;2.5961;11.2200;-2.1961;-10.8200
2024-05-24 01:00;0.4000;2.7279;11.1600;-2.3279;-10.7600
2024-05-24 02:00;0.4100;2.8910;11.1100;-2.4810;-10.7000
2024-05-24 03:00;0.4200;2.8584;11.0500;-2.4384;-10.6300
2024-05-24 04:00;0.4100;2.8905;10.9900;-2.4805;-10.5800
2024-05-24 05:00;0.4100;2.9181;10.9300;-2.5081;-10.5200
2024-05-24 06:00;0.4100;2.9242;10.8800;-2.5142;-10.4700
2024-05-24 07:00;0.4100;2.8147;10.8300;-2.4047;-10.4200
2024-05-24 08:00;0.4200;2.5442;10.7700;-2.1242;-10.3500
2024-05-24 09:00;0.4200;2.1614;10.7200;-1.7414;-10.3000
2024-05-24 10:00;0.4100;1.8892;10.6700;-1.4792;-10.2600
2024-05-24 11:00;0.4100;1.7041;10.6300;-1.2941;-10.2200
2024-05-24 12:00;0.4100;1.5841;10.5800;-1.1741;-10.1700
2024-05-24 13:00;0.4100;1.5028;10.5400;-1.0928;-10.1300
2024-05-24 14:00;0.4200;1.4352;10.4900;-1.0152;-10.0700
2024-05-24 15:00;0.4200;1.3889;10.4500;-0.9689;-10.0300
2024-05-24 16:00;0.4100;1.3777;10.4100;-0.9677;-10.0000
2024-05-24 17:00;0.4100;1.3325;10.3800;-0.9225;-9.9700
2024-05-24 18:00;0.4200;1.3328;10.3400;-0.9128;-9.9200
2024-05-24 19:00;0.4300;1.3298;10.2900;-0.8998;-9.8600
2024-05-24 20:00;0.4200;1.3971;10.2500;-0.9771;-9.8300
2024-05-24 21:00;0.4100;1.4848;10.2100;-1.0748;-9.8000
2024-05-24 22:00;0.4000;1.5718;10.1700;-1.1718;-9.7700
2024-05-24 23:00;0.4000;1.6685;10.1200;-1.2685;-9.7200
2024-05-25 00:00;0.4200;1.7652;10.0800;-1.3452;-9.6600
2024-05-25 01:00;0.4200;1.8391;10.0300;-1.4191;-9.6100
2024-05-25 02:00;0.4100;1.8967;9.9900;-1.4867;-9.5800
2024-05-25 03:00;0.4000;1.9374;9.9400;-1.5374;-9.5400
2024-05-25 04:00;0.4000;1.9523;9.9000;-1.5523;-9.5000
2024-05-25 05:00;0.4100;1.9339;9.8600;-1.5239;-9.4500
2024-05-25 06:00;0.4200;1.9135;9.8100;-1.4935;-9.3900
2024-05-25 07:00;0.4200;1.9070;9.7700;-1.4870;-9.3500
2024-05-25 08:00;0.4200;1.8202;9.7300;-1.4002;-9.3100
2024-05-25 09:00;0.4000;1.6917;9.6900;-1.2917;-9.2900
2024-05-25 10:00;0.4000;1.5395;9.6500;-1.1395;-9.2500
2024-05-25 11:00;0.4100;1.4049;9.6200;-0.9949;-9.2100
2024-05-25 12:00;0.4200;1.3827;9.5800;-0.9627;-9.1600
2024-05-25 13:00;0.4200;1.4326;9.5500;-1.0126;-9.1300
2024-05-25 14:00;0.4100;1.5503;9.5400;-1.1403;-9.1300
2024-05-25 15:00;0.4000;2.0452;9.5400;-1.6452;-9.1400
2024-05-25 16:00;0.4000;2.3986;9.5900;-1.9986;-9.1900
2024-05-25 17:00;0.4200;3.3194;9.6900;-2.8994;-9.2700
2024-05-25 18:00;0.4400;3.5194;9.8200;-3.0794;-9.3800
2024-05-25 19:00;0.4300;4.1279;10.0000;-3.6979;-9.5700
2024-05-25 20:00;1.6200;4.6695;10.1900;-3.0495;-8.5700
2024-05-25 21:00;4.4700;6.1637;10.4500;-1.6937;-5.9800
2024-05-25 22:00;6.6900;7.0970;10.8100;-0.4070;-4.1200
2024-05-25 23:00;7.4300;7.5895;11.3400;-0.1595;-3.9100
2024-05-26 00:00;7.4300;7.6927;12.0800;-0.2627;-4.6500
2024-05-26 01:00;5.9500;7.9175;13.0500;-1.9675;-7.1000
2024-05-26 02:00;5.2100;8.0405;14.2200;-2.8305;-9.0100
2024-05-26 03:00;3.4500;8.1527;15.4900;-4.7027;-12.0400
2024-05-26 04:00;2.9300;7.9739;16.7100;-5.0439;-13.7800
2024-05-26 05:00;2.9300;7.9310;17.7200;-5.0010;-14.7900
2024-05-26 06:00;2.9300;7.7821;18.4100;-4.8521;-15.4800
2024-05-26 07:00;2.9300;7.3391;18.7500;-4.4091;-15.8200
2024-05-26 08:00;2.4200;6.3945;18.7800;-3.9745;-16.3600
2024-05-26 09:00;2.4200;5.1447;18.5700;-2.7247;-16.1500
2024-05-26 10:00;1.9100;4.2246;18.2300;-2.3146;-16.3200
2024-05-26 11:00;1.6200;3.4905;17.8000;-1.8705;-16.1800
2024-05-26 12:00;1.6200;3.0984;17.3300;-1.4784;-15.7100
2024-05-26 13:00;1.6200;2.8227;16.8700;-1.2027;-15.2500
2024-05-26 14:00;1.3200;2.5063;16.4200;-1.1863;-15.1000
2024-05-26 15:00;0.7300;2.2694;15.9900;-1.5394;-15.2600
2024-05-26 16:00;0.4400;2.0846;15.6000;-1.6446;-15.1600
2024-05-26 17:00;0.4400;1.9580;15.2300;-1.5180;-14.7900
2024-05-26 18:00;0.4300;1.9240;14.8900;-1.4940;-14.4600
2024-05-26 19:00;0.4300;1.9441;14.5800;-1.5141;-14.1500
2024-05-26 20:00;0.4200;2.0261;14.2900;-1.6061;-13.8700
2024-05-26 21:00;0.4200;2.1577;14.0200;-1.7377;-13.6000
2024-05-26 22:00;0.4100;2.2433;13.7700;-1.8333;-13.3600
2024-05-26 23:00;0.4000;2.4039;13.5400;-2.0039;-13.1400
2024-05-27 00:00;0.4000;2.5460;13.3300;-2.1460;-12.9300
2024-05-27 01:00;0.3900;2.7291;13.1300;-2.3391;-12.7400
2024-05-27 02:00;0.3900;2.8437;12.9400;-2.4537;-12.5500
2024-05-27 03:00;0.4100;2.9744;12.7700;-2.5644;-12.3600
2024-05-27 04:00;0.4200;3.0198;12.6100;-2.5998;-12.1900
2024-05-27 05:00;0.4200;3.0493;12.4600;-2.6293;-12.0400
2024-05-27 06:00;0.4100;3.0521;12.3200;-2.6421;-11.9100
2024-05-27 07:00;0.4000;2.9015;12.1900;-2.5015;-11.7900
2024-05-27 08:00;0.4000;2.5846;12.0700;-2.1846;-11.6700
2024-05-27 09:00;0.4100;2.1239;11.9500;-1.7139;-11.5400
2024-05-27 10:00;0.4200;1.8190;11.8500;-1.3990;-11.4300
2024-05-27 11:00;0.4100;1.6187;11.7500;-1.2087;-11.3400
2024-05-27 12:00;0.4100;1.4857;11.6500;-1.0757;-11.2400
2024-05-27 13:00;0.4100;1.4146;11.5600;-1.0046;-11.1500
2024-05-27 14:00;0.4200;1.3686;11.4700;-0.9486;-11.0500
2024-05-27 15:00;0.4200;1.3260;11.3800;-0.9060;-10.9600
2024-05-27 16:00;0.4200;1.3057;11.3000;-0.8857;-10.8800
2024-05-27 17:00;0.4200;1.3060;11.2200;-0.8860;-10.8000
2024-05-27 18:00;0.4200;1.3200;11.1400;-0.9000;-10.7200
2024-05-27 19:00;0.4100;1.3430;11.0600;-0.9330;-10.6500
2024-05-27 20:00;0.4000;1.3676;10.9900;-0.9676;-10.5900
2024-05-27 21:00;0.4100;1.5233;10.9300;-1.1133;-10.5200
2024-05-27 22:00;0.4100;1.5783;10.8900;-1.1683;-10.4800
2024-05-27 23:00;0.4200;1.6367;10.8700;-1.2167;-10.4500
2024-05-28 00:00;0.4100;1.6895;10.8600;-1.2795;-10.4500
2024-05-28 01:00;0.4000;1.7409;10.8600;-1.3409;-10.4600
2024-05-28 02:00;0.4000;1.7451;10.8300;-1.3451;-10.4300
2024-05-28 03:00;0.4100;1.7638;10.7900;-1.3538;-10.3800
2024-05-28 04:00;0.4200;1.7523;10.7200;-1.3323;-10.3000
2024-05-28 05:00;0.4200;1.7768;10.6400;-1.3568;-10.2200
2024-05-28 06:00;0.4100;1.7795;10.5400;-1.3695;-10.1300
2024-05-28 07:00;0.4000;1.7772;10.4500;-1.3772;-10.0500
2024-05-28 08:00;0.4000;1.7181;10.3600;-1.3181;-9.9600
2024-05-28 09:00;0.4200;1.6349;10.2700;-1.2149;-9.8500
2024-05-28 10:00;0.4200;1.5381;10.1900;-1.1181;-9.7700
2024-05-28 11:00;0.4200;1.4682;10.1100;-1.0482;-9.6900
2024-05-28 12:00;0.4100;1.3792;10.0400;-0.9692;-9.6300
2024-05-28 13:00;0.4000;1.3236;9.9800;-0.9236;-9.5800
2024-05-28 14:00;0.4100;1.3032;9.9200;-0.8932;-9.5100
2024-05-28 15:00;0.4200;1.3049;9.8700;-0.8849;-9.4500
2024-05-28 16:00;0.4200;1.3832;9.8200;-0.9632;-9.4000
2024-05-28 17:00;0.4200;1.4312;9.7700;-1.0112;-9.3500
2024-05-28 18:00;0.4200;1.4795;9.7300;-1.0595;-9.3100
2024-05-28 19:00;0.4200;1.4089;9.7100;-0.9889;-9.2900
2024-05-28 20:00;0.4100;1.4558;9.7300;-1.0458;-9.3200
2024-05-28 21:00;0.4100;1.4904;9.8200;-1.0804;-9.4100
2024-05-28 22:00;0.4100;1.5638;9.9800;-1.1538;-9.5700
2024-05-28 23:00;0.4100;1.5711;10.2100;-1.1611;-9.8000
2024-05-29 00:00;0.4200;1.6027;10.4700;-1.1827;-10.0500
2024-05-29 01:00;0.4200;1.6198;10.7100;-1.1998;-10.2900
2024-05-29 02:00;0.4100;1.6432;10.8700;-1.2332;-10.4600
2024-05-29 03:00;0.4000;1.6530;10.9500;-1.2530;-10.5500
2024-05-29 04:00;0.4000;1.6588;10.9300;-1.2588;-10.5300
2024-05-29 05:00;0.4100;1.6615;10.8300;-1.2515;-10.4200
2024-05-29 06:00;0.4200;1.6774;10.6900;-1.2574;-10.2700
2024-05-29 07:00;0.4200;1.6605;10.5300;-1.2405;-10.1100
2024-05-29 08:00;0.4000;1.5789;10.3500;-1.1789;-9.9500
2024-05-29 09:00;0.4000;1.4506;10.1800;-1.0506;-9.7800
2024-05-29 10:00;0.4000;1.3469;10.0100;-0.9469;-9.6100
2024-05-29 11:00;0.4100;1.3014;9.8600;-0.8914;-9.4500
2024-05-29 12:00;0.4200;1.2946;9.7300;-0.8746;-9.3100
2024-05-29 13:00;0.4200;1.2946;9.6100;-0.8746;-9.1900
2024-05-29 14:00;0.4100;1.2946;9.5100;-0.8846;-9.1000
2024-05-29 15:00;0.4000;1.2946;9.4200;-0.8946;-9.0200
2024-05-29 16:00;0.4100;1.2946;9.3400;-0.8846;-8.9300
2024-05-29 17:00;0.4200;1.2946;9.2700;-0.8746;-8.8500
2024-05-29 18:00;0.4300;1.2946;9.2100;-0.8646;-8.7800
2024-05-29 19:00;0.4200;1.2946;9.1500;-0.8746;-8.7300
2024-05-29 20:00;0.4000;1.2946;9.1000;-0.8946;-8.7000
2024-05-29 21:00;0.3900;1.2946;9.0500;-0.9046;-8.6600
2024-05-29 22:00;0.4000;1.2996;9.0100;-0.8996;-8.6100
2024-05-29 23:00;0.4100;1.3125;8.9700;-0.9025;-8.5600
2024-05-30 00:00;0.4200;1.3570;8.9300;-0.9370;-8.5100
2024-05-30 01:00;0.4100;1.4040;8.8900;-0.9940;-8.4800
2024-05-30 02:00;0.4000;1.4519;8.8600;-1.0519;-8.4600
2024-05-30 03:00;0.4000;1.4728;8.8200;-1.0728;-8.4200
2024-05-30 04:00;0.4000;1.4977;8.7900;-1.0977;-8.3900
2024-05-30 05:00;0.4100;1.5178;8.7700;-1.1078;-8.3600
2024-05-30 06:00;0.4100;1.5320;8.7500;-1.1220;-8.3400
2024-05-30 07:00;0.4000;1.4948;8.7300;-1.0948;-8.3300
2024-05-30 08:00;0.3800;1.4019;8.7100;-1.0219;-8.3300
2024-05-30 09:00;0.3700;1.3071;8.7000;-0.9371;-8.3300
2024-05-30 10:00;0.3700;1.2946;8.6900;-0.9246;-8.3200
2024-05-30 11:00;0.3900;1.2946;8.6700;-0.9046;-8.2800
2024-05-30 12:00;0.4000;1.2946;8.6500;-0.8946;-8.2500
2024-05-30 13:00;0.4100;1.2946;8.6400;-0.8846;-8.2300
2024-05-30 14:00;0.4200;1.2946;8.6200;-0.8746;-8.2000
2024-05-30 15:00;0.4200;1.2946;8.6000;-0.8746;-8.1800
2024-05-30 16:00;0.4100;1.2946;8.5700;-0.8846;-8.1600
2024-05-30 17:00;0.4100;1.2946;8.5500;-0.8846;-8.1400
2024-05-30 18:00;0.4100;1.2946;8.5300;-0.8846;-8.1200
2024-05-30 19:00;0.4100;1.2946;8.5000;-0.8846;-8.0900
2024-05-30 20:00;0.4100;1.2946;8.4700;-0.8846;-8.0600
2024-05-30 21:00;0.4100;1.2946;8.4500;-0.8846;-8.0400
2024-05-30 22:00;0.4100;1.2946;8.4200;-0.8846;-8.0100
2024-05-30 23:00;0.4000;1.2946;8.3900;-0.8946;-7.9900
2024-05-31 00:00;0.4000;1.2946;8.3600;-0.8946;-7.9600
2024-05-31 01:00;0.4100;1.2965;8.3300;-0.8865;-7.9200
2024-05-31 02:00;0.4100;1.3180;8.3000;-0.9080;-7.8900
2024-05-31 03:00;0.4000;1.3709;8.2800;-0.9709;-7.8800
2024-05-31 04:00;0.4000;1.4412;8.2500;-1.0412;-7.8500
2024-05-31 05:00;0.4100;1.5189;8.2300;-1.1089;-7.8200
2024-05-31 06:00;0.4100;1.6499;8.2100;-1.2399;-7.8000
2024-05-31 07:00;0.4100;1.8249;8.1900;-1.4149;-7.7800
2024-05-31 08:00;0.4100;2.0196;8.1800;-1.6096;-7.7700
2024-05-31 09:00;0.4000;2.1991;8.1800;-1.7991;-7.7800
2024-05-31 10:00;0.4100;2.1429;8.1800;-1.7329;-7.7700
2024-05-31 11:00;0.4200;2.0234;8.2100;-1.6034;-7.7900
2024-05-31 12:00;0.4200;1.8647;8.2700;-1.4447;-7.8500
2024-05-31 13:00;0.4100;1.8094;8.4000;-1.3994;-7.9900
2024-05-31 14:00;0.4300;2.1619;8.6300;-1.7319;-8.2000
2024-05-31 15:00;0.4400;3.6385;9.1200;-3.1985;-8.6800
2024-05-31 16:00;1.6200;5.2835;10.2600;-3.6635;-8.6400
2024-05-31 17:00;2.4200;5.1315;12.3300;-2.7115;-9.9100
2024-05-31 18:00;1.6200;5.9057;15.1400;-4.2857;-13.5200
2024-05-31 19:00;0.4400;6.2046;18.3500;-5.7646;-17.9100
2024-05-31 20:00;0.4300;7.1173;21.4400;-6.6873;-21.0100
2024-05-31 21:00;0.4300;7.4483;23.9300;-7.0183;-23.5000
2024-05-31 22:00;0.4400;7.4713;25.4800;-7.0313;-25.0400
2024-05-31 23:00;1.3200;7.8445;25.9700;-6.5245;-24.6500
2024-06-01 00:00;2.9300;7.6117;25.5700;-4.6817;-22.6400
2024-06-01 01:00;4.4700;7.4417;24.5500;-2.9717;-20.0800
2024-06-01 02:00;5.2100;6.8726;23.2200;-1.6626;-18.0100
2024-06-01 03:00;4.4700;6.7014;21.8000;-2.2314;-17.3300
2024-06-01 04:00;4.4700;6.4594;20.4500;-1.9894;-15.9800
2024-06-01 05:00;5.2100;6.1324;19.2300;-0.9224;-14.0200
2024-06-01 06:00;5.9500;5.7818;18.1500;0.1682;-12.2000
2024-06-01 07:00;6.6900;5.3309;17.2100;1.3591;-10.5200
2024-06-01 08:00;6.6900;4.4701;16.4000;2.2199;-9.7100
2024-06-01 09:00;5.9500;3.5739;15.7000;2.3761;-9.7500
2024-06-01 10:00;5.2100;2.9204;15.0900;2.2896;-9.8800
2024-06-01 11:00;4.4700;2.4410;14.5600;2.0290;-10.0900
2024-06-01 12:00;3.9600;2.0449;14.0900;1.9151;-10.1300
2024-06-01 13:00;3.4500;1.9011;13.6900;1.5489;-10.2400
2024-06-01 14:00;2.9300;1.7510;13.3300;1.1790;-10.4000
2024-06-01 15:00;1.9100;1.6661;13.0200;0.2439;-11.1100
2024-06-01 16:00;1.9100;1.5908;12.7500;0.3192;-10.8400
2024-06-01 17:00;1.6200;1.5553;12.5200;0.0647;-10.9000
2024-06-01 18:00;1.0300;1.5289;12.3100;-0.4989;-11.2800
2024-06-01 19:00;1.0300;1.5778;12.1200;-0.5478;-11.0900
2024-06-01 20:00;1.0300;1.6934;11.9600;-0.6634;-10.9300
2024-06-01 21:00;0.7300;1.7855;11.8100;-1.0555;-11.0800
2024-06-01 22:00;0.4400;1.8950;11.6800;-1.4550;-11.2400
2024-06-01 23:00;0.4400;2.0594;11.5600;-1.6194;-11.1200
2024-06-02 00:00;0.4400;2.2577;11.4600;-1.8177;-11.0200
2024-06-02 01:00;0.4400;2.3464;11.3600;-1.9064;-10.9200
2024-06-02 02:00;0.4300;2.4743;11.2800;-2.0443;-10.8500
2024-06-02 03:00;0.4300;2.6124;11.2100;-2.1824;-10.7800
2024-06-02 04:00;0.4200;2.6566;11.1500;-2.2366;-10.7300
2024-06-02 05:00;0.4100;2.7085;11.1000;-2.2985;-10.6900
2024-06-02 06:00;0.4000;2.7397;11.0700;-2.3397;-10.6700
2024-06-02 07:00;0.3900;2.6654;11.0400;-2.2754;-10.6500
2024-06-02 08:00;0.3800;2.2953;11.0100;-1.9153;-10.6300
2024-06-02 09:00;0.3800;1.9358;10.9800;-1.5558;-10.6000
2024-06-02 10:00;0.4000;1.7253;10.9500;-1.3253;-10.5500
2024-06-02 11:00;0.4100;1.6095;10.9100;-1.1995;-10.5000
2024-06-02 12:00;0.4200;1.4783;10.8600;-1.0583;-10.4400
2024-06-02 13:00;0.4200;1.3909;10.8100;-0.9709;-10.3900
2024-06-02 14:00;0.4200;1.3564;10.7600;-0.9364;-10.3400
2024-06-02 15:00;0.4200;1.3261;10.7100;-0.9061;-10.2900
2024-06-02 16:00;0.4200;1.3241;10.6600;-0.9041;-10.2400
2024-06-02 17:00;0.4200;1.3559;10.6000;-0.9359;-10.1800
2024-06-02 18:00;0.4100;1.4026;10.5500;-0.9926;-10.1400
2024-06-02 19:00;0.4100;1.4460;10.5000;-1.0360;-10.0900
2024-06-02 20:00;0.4000;1.5012;10.4500;-1.1012;-10.0500
2024-06-02 21:00;0.3900;1.5890;10.3900;-1.1990;-10.0000
2024-06-02 22:00;0.3900;1.6399;10.3400;-1.2499;-9.9500
2024-06-02 23:00;0.3800;1.7055;10.2900;-1.3255;-9.9100
2024-06-03 00:00;0.3800;1.7660;10.2400;-1.3860;-9.8600
2024-06-03 01:00;0.3800;1.8200;10.1900;-1.4400;-9.8100
2024-06-03 02:00;0.3700;1.8675;10.1300;-1.4975;-9.7600
2024-06-03 03:00;0.3600;1.8738;10.0800;-1.5138;-9.7200
2024-06-03 04:00;0.3500;1.8840;10.0300;-1.5340;-9.6800
2024-06-03 05:00;0.3500;1.8869;9.9800;-1.5369;-9.6300
2024-06-03 06:00;0.3600;1.8705;9.9400;-1.5105;-9.5800
2024-06-03 07:00;0.3800;1.8699;9.8900;-1.4899;-9.5100
2024-06-03 08:00;0.3800;1.7900;9.8500;-1.4100;-9.4700
2024-06-03 09:00;0.3900;1.6594;9.8100;-1.2694;-9.4200
2024-06-03 10:00;0.4000;1.5325;9.7800;-1.1325;-9.3800
2024-06-03 11:00;0.3900;1.4360;9.7400;-1.0460;-9.3500
2024-06-03 12:00;0.3900;1.3934;9.7100;-1.0034;-9.3200
2024-06-03 13:00;0.3800;1.4013;9.6800;-1.0213;-9.3000
2024-06-03 14:00;0.3700;1.4197;9.6400;-1.0497;-9.2700
2024-06-03 15:00;0.3700;1.5592;9.6100;-1.1892;-9.2400
2024-06-03 16:00;0.3700;1.6787;9.5800;-1.3087;-9.2100
2024-06-03 17:00;0.3700;1.7629;9.5400;-1.3929;-9.1700
2024-06-03 18:00;0.3800;1.7241;9.5100;-1.3441;-9.1300
2024-06-03 19:00;0.3900;1.7064;9.4800;-1.3164;-9.0900
2024-06-03 20:00;0.4000;1.7550;9.4600;-1.3550;-9.0600
2024-06-03 21:00;0.4000;1.8498;9.4300;-1.4498;-9.0300
2024-06-03 22:00;0.4000;1.9133;9.4200;-1.5133;-9.0200
2024-06-03 23:00;0.4000;1.9912;9.4200;-1.5912;-9.0200
2024-06-04 00:00;0.4000;2.0419;9.4400;-1.6419;-9.0400
2024-06-04 01:00;0.4000;2.1163;9.4800;-1.7163;-9.0800
2024-06-04 02:00;0.4000;2.2006;9.5500;-1.8006;-9.1500
2024-06-04 03:00;0.4000;2.2031;9.6500;-1.8031;-9.2500
2024-06-04 04:00;0.4000;2.2040;9.7700;-1.8040;-9.3700
2024-06-04 05:00;0.4000;2.2112;9.9000;-1.8112;-9.5000
2024-06-04 06:00;0.3900;2.2347;10.0400;-1.8447;-9.6500
2024-06-04 07:00;0.3900;2.1305;10.1700;-1.7405;-9.7800
2024-06-04 08:00;0.3900;1.9299;10.2800;-1.5399;-9.8900
2024-06-04 09:00;0.3900;1.7205;10.3700;-1.3305;-9.9800
2024-06-04 10:00;0.3900;1.5835;10.4200;-1.1935;-10.0300
2024-06-04 11:00;0.3900;1.4414;10.4300;-1.0514;-10.0400
2024-06-04 12:00;0.3900;1.3359;10.4200;-0.9459;-10.0300
2024-06-04 13:00;0.3900;1.2994;10.3700;-0.9094;-9.9800
2024-06-04 14:00;0.3900;1.2946;10.3100;-0.9046;-9.9200
2024-06-04 15:00;0.3900;1.2946;10.2400;-0.9046;-9.8500
2024-06-04 16:00;0.3900;1.2946;10.1600;-0.9046;-9.7700
2024-06-04 17:00;0.3900;1.2946;10.0900;-0.9046;-9.7000
2024-06-04 18:00;0.3900;1.2946;10.0200;-0.9046;-9.6300
2024-06-04 19:00;0.3900;1.2946;9.9500;-0.9046;-9.5600
2024-06-04 20:00;0.3900;1.2946;9.8900;-0.9046;-9.5000
2024-06-04 21:00;0.3800;1.2946;9.8300;-0.9146;-9.4500
2024-06-04 22:00;0.3800;1.3004;9.7700;-0.9204;-9.3900
2024-06-04 23:00;0.3800;1.3506;9.7200;-0.9706;-9.3400
2024-06-05 00:00;0.3700;1.4002;9.6700;-1.0302;-9.3000
2024-06-05 01:00;0.3700;1.4431;9.6200;-1.0731;-9.2500
2024-06-05 02:00;0.3700;1.4841;9.5700;-1.1141;-9.2000
2024-06-05 03:00;0.3700;1.5267;9.5200;-1.1567;-9.1500
2024-06-05 04:00;0.3600;1.5635;9.4700;-1.2035;-9.1100
2024-06-05 05:00;0.3600;1.5977;9.4200;-1.2377;-9.0600
2024-06-05 06:00;0.3700;1.6067;9.3800;-1.2367;-9.0100
2024-06-05 07:00;0.3700;1.5763;9.3400;-1.2063;-8.9700
2024-06-05 08:00;0.3800;1.4596;9.3100;-1.0796;-8.9300
2024-06-05 09:00;0.3800;1.3323;9.2800;-0.9523;-8.9000
2024-06-05 10:00;0.3900;1.2946;9.2500;-0.9046;-8.8600
2024-06-05 11:00;0.3900;1.2946;9.2300;-0.9046;-8.8400
2024-06-05 12:00;0.3900;1.2946;9.2100;-0.9046;-8.8200
2024-06-05 13:00;0.3900;1.2946;9.1900;-0.9046;-8.8000
2024-06-05 14:00;0.3900;1.2946;9.1800;-0.9046;-8.7900
2024-06-05 15:00;0.3900;1.2946;9.1600;-0.9046;-8.7700
2024-06-05 16:00;0.3800;1.2946;9.1300;-0.9146;-8.7500
2024-06-05 17:00;0.3800;1.2946;9.1100;-0.9146;-8.7300
2024-06-05 18:00;0.3800;1.2946;9.0800;-0.9146;-8.7000
2024-06-05 19:00;0.3800;1.2946;9.0600;-0.9146;-8.6800
2024-06-05 20:00;0.3800;1.2946;9.0300;-0.9146;-8.6500
2024-06-05 21:00;0.3800;1.2946;9.0000;-0.9146;-8.6200
2024-06-05 22:00;0.3700;1.2946;8.9600;-0.9246;-8.5900
2024-06-05 23:00;0.3700;1.2946;8.9300;-0.9246;-8.5600
2024-06-06 00:00;0.3700;1.2946;8.9000;-0.9246;-8.5300
2024-06-06 01:00;0.3700;1.2946;8.8700;-0.9246;-8.5000
2024-06-06 02:00;0.3600;1.2946;8.8300;-0.9346;-8.4700
2024-06-06 03:00;0.3600;1.2946;8.8000;-0.9346;-8.4400
2024-06-06 04:00;0.3500;1.2946;8.7700;-0.9446;-8.4200
2024-06-06 05:00;0.3500;1.3012;8.7300;-0.9512;-8.3800
2024-06-06 06:00;0.3500;1.3047;8.7000;-0.9547;-8.3500
2024-06-06 07:00;0.3500;1.3020;8.6700;-0.9520;-8.3200
2024-06-06 08:00;0.3500;1.2946;8.6400;-0.9446;-8.2900
2024-06-06 09:00;0.3400;1.2946;8.6100;-0.9546;-8.2700
2024-06-06 10:00;0.3500;1.2946;8.5800;-0.9446;-8.2300
2024-06-06 11:00;0.3500;1.2946;8.5500;-0.9446;-8.2000
2024-06-06 12:00;0.3600;1.2946;8.5200;-0.9346;-8.1600
2024-06-06 13:00;0.3600;1.2946;8.4900;-0.9346;-8.1300
2024-06-06 14:00;0.3600;1.2946;8.4600;-0.9346;-8.1000
2024-06-06 15:00;0.3600;1.2946;8.4400;-0.9346;-8.0800
2024-06-06 16:00;0.3500;1.2946;8.4100;-0.9446;-8.0600
2024-06-06 17:00;0.3600;1.2946;8.3800;-0.9346;-8.0200
2024-06-06 18:00;0.3600;1.2946;8.3600;-0.9346;-8.0000
2024-06-06 19:00;0.3500;1.2946;8.3300;-0.9446;-7.9800
2024-06-06 20:00;0.3500;1.2946;8.3000;-0.9446;-7.9500
2024-06-06 21:00;0.3400;1.2946;8.2800;-0.9546;-7.9400
2024-06-06 22:00;0.3300;1.2946;8.2500;-0.9646;-7.9200
2024-06-06 23:00;0.3200;1.2946;8.2300;-0.9746;-7.9100
2024-06-07 00:00;0.3100;1.2946;8.2000;-0.9846;-7.8900
2024-06-07 01:00;0.3100;1.2946;8.1700;-0.9846;-7.8600
2024-06-07 02:00;0.3100;1.2946;8.1500;-0.9846;-7.8400
2024-06-07 03:00;0.3100;1.2946;8.1200;-0.9846;-7.8100
2024-06-07 04:00;0.3000;1.2946;8.0900;-0.9946;-7.7900
2024-06-07 05:00;0.3000;1.2946;8.0700;-0.9946;-7.7700
2024-06-07 06:00;0.3000;1.2946;8.0400;-0.9946;-7.7400
2024-06-07 07:00;0.3000;1.2946;8.0100;-0.9946;-7.7100
2024-06-07 08:00;0.3100;1.2946;7.9900;-0.9846;-7.6800
2024-06-07 09:00;0.3200;1.2946;7.9600;-0.9746;-7.6400
2024-06-07 10:00;0.3200;1.2946;7.9400;-0.9746;-7.6200
2024-06-07 11:00;0.3200;1.2946;7.9100;-0.9746;-7.5900
2024-06-07 12:00;0.3100;1.2946;7.8900;-0.9846;-7.5800
2024-06-07 13:00;0.3100;1.2946;7.8700;-0.9846;-7.5600
2024-06-07 14:00;0.3100;1.2946;7.8400;-0.9846;-7.5300
2024-06-07 15:00;0.3100;1.2946;7.8200;-0.9846;-7.5100
2024-06-07 16:00;0.3100;1.2946;7.8000;-0.9846;-7.4900
2024-06-07 17:00;0.3100;1.2946;7.7700;-0.9846;-7.4600
2024-06-07 18:00;0.3100;1.2946;7.7500;-0.9846;-7.4400
2024-06-07 19:00;0.3100;1.2946;7.7300;-0.9846;-7.4200
2024-06-07 20:00;0.3000;1.2946;7.7100;-0.9946;-7.4100
2024-06-07 21:00;0.3100;1.2946;7.6900;-0.9846;-7.3800
2024-06-07 22:00;0.3100;1.2946;7.6600;-0.9846;-7.3500
2024-06-07 23:00;0.3200;1.2946;7.6400;-0.9746;-7.3200
2024-06-08 00:00;0.3300;1.2946;7.6200;-0.9646;-7.2900
2024-06-08 01:00;0.3400;1.2946;7.6000;-0.9546;-7.2600
2024-06-08 02:00;0.3600;1.2946;7.5700;-0.9346;-7.2100
2024-06-08 03:00;0.3700;1.2946;7.5500;-0.9246;-7.1800
2024-06-08 04:00;0.3700;1.2946;7.5300;-0.9246;-7.1600
2024-06-08 05:00;0.3700;1.2946;7.5000;-0.9246;-7.1300
2024-06-08 06:00;0.3700;1.2946;7.4800;-0.9246;-7.1100
2024-06-08 07:00;0.3700;1.2946;7.4600;-0.9246;-7.0900
2024-06-08 08:00;0.3700;1.2946;7.4400;-0.9246;-7.0700
2024-06-08 09:00;0.3700;1.2946;7.4200;-0.9246;-7.0500
2024-06-08 10:00;0.3700;1.2946;7.3900;-0.9246;-7.0200
2024-06-08 11:00;0.3600;1.2946;7.3700;-0.9346;-7.0100
2024-06-08 12:00;0.3600;1.2946;7.3500;-0.9346;-6.9900
2024-06-08 13:00;0.3500;1.2946;7.3300;-0.9446;-6.9800
2024-06-08 14:00;0.3400;1.2946;7.3100;-0.9546;-6.9700
2024-06-08 15:00;0.3300;1.2946;7.2900;-0.9646;-6.9600
2024-06-08 16:00;0.3200;1.2946;7.2700;-0.9746;-6.9500
2024-06-08 17:00;0.3100;1.2946;7.2500;-0.9846;-6.9400
2024-06-08 18:00;0.3000;1.2946;7.2300;-0.9946;-6.9300
2024-06-08 19:00;0.3000;1.2946;7.2200;-0.9946;-6.9200
2024-06-08 20:00;0.3000;1.2946;7.2000;-0.9946;-6.9000
2024-06-08 21:00;0.3000;1.2946;7.1800;-0.9946;-6.8800
2024-06-08 22:00;0.3000;1.2946;7.1600;-0.9946;-6.8600
2024-06-08 23:00;0.3000;1.2946;7.1400;-0.9946;-6.8400
2024-06-09 00:00;0.3000;1.2946;7.1200;-0.9946;-6.8200
2024-06-09 01:00;0.3000;1.2946;7.1000;-0.9946;-6.8000
2024-06-09 02:00;0.2900;1.2946;7.0800;-1.0046;-6.7900
2024-06-09 03:00;0.2900;1.2946;7.0600;-1.0046;-6.7700
2024-06-09 04:00;0.2900;1.2946;7.0400;-1.0046;-6.7500
2024-06-09 05:00;0.2800;1.2946;7.0200;-1.0146;-6.7400
2024-06-09 06:00;0.2700;1.2946;7.0000;-1.0246;-6.7300
2024-06-09 07:00;0.2700;1.2946;6.9800;-1.0246;-6.7100
2024-06-09 08:00;0.2800;1.2946;6.9600;-1.0146;-6.6800
2024-06-09 09:00;0.2800;1.2946;6.9400;-1.0146;-6.6600
2024-06-09 10:00;0.2800;1.2946;6.9200;-1.0146;-6.6400
2024-06-09 11:00;0.2900;1.2946;6.9100;-1.0046;-6.6200
2024-06-09 12:00;0.3100;1.2946;6.8900;-0.9846;-6.5800
2024-06-09 13:00;0.3300;1.2946;6.8700;-0.9646;-6.5400
2024-06-09 14:00;0.3500;1.2946;6.8500;-0.9446;-6.5000
2024-06-09 15:00;0.3700;1.2946;6.8300;-0.9246;-6.4600
2024-06-09 16:00;0.3700;1.2946;6.8200;-0.9246;-6.4500
2024-06-09 17:00;0.3700;1.2946;6.8000;-0.9246;-6.4300
2024-06-09 18:00;0.3700;1.2946;6.7800;-0.9246;-6.4100
2024-06-09 19:00;0.3700;1.2946;6.7700;-0.9246;-6.4000
2024-06-09 20:00;0.3700;1.2946;6.7500;-0.9246;-6.3800
2024-06-09 21:00;0.3600;1.2946;6.7300;-0.9346;-6.3700
2024-06-09 22:00;0.3500;1.2946;6.7100;-0.9446;-6.3600
2024-06-09 23:00;0.3500;1.2946;6.7000;-0.9446;-6.3500
2024-06-10 00:00;0.3300;1.2946;6.6800;-0.9646;-6.3500
2024-06-10 01:00;0.3200;1.2946;6.6600;-0.9746;-6.3400
2024-06-10 02:00;0.3200;1.2946;6.6500;-0.9746;-6.3300
2024-06-10 03:00;0.3200;1.2946;6.6400;-0.9746;-6.3200
2024-06-10 04:00;0.3200;1.2946;6.6400;-0.9746;-6.3200
2024-06-10 05:00;0.3300;1.2946;6.6500;-0.9646;-6.3200
2024-06-10 06:00;0.3300;1.2946;6.6700;-0.9646;-6.3400
2024-06-10 07:00;0.3300;1.2946;6.7000;-0.9646;-6.3700
2024-06-10 08:00;0.3300;1.2946;6.7400;-0.9646;-6.4100
2024-06-10 09:00;0.3200;1.2946;6.8100;-0.9746;-6.4900
2024-06-10 10:00;0.3100;1.2946;6.9000;-0.9846;-6.5900
2024-06-10 11:00;0.3100;1.2946;7.0300;-0.9846;-6.7200
2024-06-10 12:00;0.3100;1.2946;7.2100;-0.9846;-6.9000
2024-06-10 13:00;0.3100;1.2946;7.4400;-0.9846;-7.1300
2024-06-10 14:00;0.3100;1.2946;7.6900;-0.9846;-7.3800
2024-06-10 15:00;0.3100;1.2946;7.9600;-0.9846;-7.6500
2024-06-10 16:00;0.3000;1.2946;8.2200;-0.9946;-7.9200
2024-06-10 17:00;0.2900;1.2946;8.4600;-1.0046;-8.1700
2024-06-10 18:00;0.2900;1.2946;8.6500;-1.0046;-8.3600
2024-06-10 19:00;0.2900;1.2946;8.8000;-1.0046;-8.5100
2024-06-10 20:00;0.2800;1.2946;8.9100;-1.0146;-8.6300
2024-06-10 21:00;0.2600;1.2946;8.9700;-1.0346;-8.7100
2024-06-10 22:00;0.2600;1.2946;9.0000;-1.0346;-8.7400
2024-06-10 23:00;0.2600;1.2946;9.0000;-1.0346;-8.7400
2024-06-11 00:00;0.2700;1.2946;8.9700;-1.0246;-8.7000
2024-06-11 01:00;0.2800;1.2946;8.9300;-1.0146;-8.6500
2024-06-11 02:00;0.2900;1.2946;8.8800;-1.0046;-8.5900
2024-06-11 03:00;0.2900;1.2946;8.8200;-1.0046;-8.5300
2024-06-11 04:00;0.3000;1.2946;8.7600;-0.9946;-8.4600
2024-06-11 05:00;0.3000;1.2946;8.7000;-0.9946;-8.4000
2024-06-11 06:00;0.3000;1.2946;8.6500;-0.9946;-8.3500
2024-06-11 07:00;0.2900;1.2946;8.5900;-1.0046;-8.3000
2024-06-11 08:00;0.2900;1.2946;8.5300;-1.0046;-8.2400
2024-06-11 09:00;0.2800;1.2946;8.4800;-1.0146;-8.2000
2024-06-11 10:00;0.2600;1.2946;8.4300;-1.0346;-8.1700
2024-06-11 11:00;0.2500;1.2946;8.3800;-1.0446;-8.1300
2024-06-11 12:00;0.2500;1.2946;8.3400;-1.0446;-8.0900
2024-06-11 13:00;0.2700;1.2946;8.2900;-1.0246;-8.0200
2024-06-11 14:00;0.2800;1.2946;8.2500;-1.0146;-7.9700
2024-06-11 15:00;0.2800;1.2946;8.2100;-1.0146;-7.9300
2024-06-11 16:00;0.2800;1.2946;8.1700;-1.0146;-7.8900
2024-06-11 17:00;0.2800;1.2946;8.1300;-1.0146;-7.8500
2024-06-11 18:00;0.2800;1.2946;8.0900;-1.0146;-7.8100
2024-06-11 19:00;0.2700;1.2946;8.0500;-1.0246;-7.7800
2024-06-11 20:00;0.2700;1.2946;8.0100;-1.0246;-7.7400
2024-06-11 21:00;0.2700;1.2946;7.9700;-1.0246;-7.7000
2024-06-11 22:00;0.2600;1.2946;7.9400;-1.0346;-7.6800
2024-06-11 23:00;0.2400;1.2946;7.9000;-1.0546;-7.6600
2024-06-12 00:00;0.2500;1.2946;7.8600;-1.0446;-7.6100
2024-06-12 01:00;0.2500;1.2946;7.8300;-1.0446;-7.5800
2024-06-12 02:00;0.2500;1.2946;7.7900;-1.0446;-7.5400
2024-06-12 03:00;0.2600;1.2946;7.7500;-1.0346;-7.4900
2024-06-12 04:00;0.2700;1.2946;7.7200;-1.0246;-7.4500
2024-06-12 05:00;0.2700;1.2946;7.6800;-1.0246;-7.4100
2024-06-12 06:00;0.2600;1.2946;7.6500;-1.0346;-7.3900
2024-06-12 07:00;0.2600;1.2946;7.6200;-1.0346;-7.3600
2024-06-12 08:00;0.2500;1.2946;7.5800;-1.0446;-7.3300
2024-06-12 09:00;0.2400;1.2946;7.5500;-1.0546;-7.3100
2024-06-12 10:00;0.2300;1.2946;7.5200;-1.0646;-7.2900
2024-06-12 11:00;0.2400;1.2946;7.4900;-1.0546;-7.2500
2024-06-12 12:00;0.2400;1.2946;7.4600;-1.0546;-7.2200
2024-06-12 13:00;0.2400;1.2946;7.4400;-1.0546;-7.2000
2024-06-12 14:00;0.2300;1.2946;7.4100;-1.0646;-7.1800
2024-06-12 15:00;0.2200;1.2946;7.3800;-1.0746;-7.1600
2024-06-12 16:00;0.2000;1.2946;7.3600;-1.0946;-7.1600
2024-06-12 17:00;0.1600;1.2946;7.3300;-1.1346;-7.1700
2024-06-12 18:00;0.1500;1.2946;7.3000;-1.1446;-7.1500
2024-06-12 19:00;0.1600;1.2946;7.2800;-1.1346;-7.1200
2024-06-12 20:00;0.1900;1.2946;7.2500;-1.1046;-7.0600
2024-06-12 21:00;0.2000;1.2946;7.2300;-1.0946;-7.0300
2024-06-12 22:00;0.1900;1.2946;7.2000;-1.1046;-7.0100
2024-06-12 23:00;0.1700;1.2946;7.1800;-1.1246;-7.0100
2024-06-13 00:00;0.1700;1.2946;7.1500;-1.1246;-6.9800
2024-06-13 01:00;0.1800;1.2946;7.1300;-1.1146;-6.9500
2024-06-13 02:00;0.1800;1.2946;7.1000;-1.1146;-6.9200
2024-06-13 03:00;0.1900;1.2946;7.0800;-1.1046;-6.8900
2024-06-13 04:00;0.2000;1.2946;7.0500;-1.0946;-6.8500
2024-06-13 05:00;0.1900;1.2946;7.0300;-1.1046;-6.8400
2024-06-13 06:00;0.1800;1.2946;7.0000;-1.1146;-6.8200
2024-06-13 07:00;0.1800;1.2946;6.9800;-1.1146;-6.8000
2024-06-13 08:00;0.1800;1.2946;6.9600;-1.1146;-6.7800
2024-06-13 09:00;0.1700;1.2946;6.9300;-1.1246;-6.7600
2024-06-13 10:00;0.1500;1.2946;6.9100;-1.1446;-6.7600
2024-06-13 11:00;0.1600;1.2946;6.8900;-1.1346;-6.7300
2024-06-13 12:00;0.1600;1.2946;6.8700;-1.1346;-6.7100
2024-06-13 13:00;0.1500;1.2946;6.8500;-1.1446;-6.7000
2024-06-13 14:00;0.1500;1.2946;6.8300;-1.1446;-6.6800
2024-06-13 15:00;0.1600;1.2946;6.8100;-1.1346;-6.6500
2024-06-13 16:00;0.1600;1.2946;6.8000;-1.1346;-6.6400
2024-06-13 17:00;0.1400;1.2946;6.7900;-1.1546;-6.6500
2024-06-13 18:00;0.1400;1.2946;6.8000;-1.1546;-6.6600
2024-06-13 19:00;0.1500;1.2946;6.8500;-1.1446;-6.7000
2024-06-13 20:00;0.1500;1.2946;6.9500;-1.1446;-6.8000
2024-06-13 21:00;0.1500;1.2946;7.1200;-1.1446;-6.9700
2024-06-13 22:00;0.1500;1.2946;7.3400;-1.1446;-7.1900
2024-06-13 23:00;0.1500;1.2946;7.5700;-1.1446;-7.4200
2024-06-14 00:00;0.1500;1.2946;7.7700;-1.1446;-7.6200
2024-06-14 01:00;0.1700;1.2946;7.9000;-1.1246;-7.7300
2024-06-14 02:00;0.2300;1.2946;7.9600;-1.0646;-7.7300
2024-06-14 03:00;0.2600;1.2946;7.9500;-1.0346;-7.6900
2024-06-14 04:00;0.2800;1.2946;7.8800;-1.0146;-7.6000
2024-06-14 05:00;0.3000;1.2946;7.7700;-0.9946;-7.4700
2024-06-14 06:00;0.3200;1.2946;7.6400;-0.9746;-7.3200
2024-06-14 07:00;0.3300;1.2946;7.5100;-0.9646;-7.1800
2024-06-14 08:00;0.3400;1.2946;7.3800;-0.9546;-7.0400
2024-06-14 09:00;0.3400;1.2946;7.2600;-0.9546;-6.9200
2024-06-14 10:00;0.3400;1.2946;7.1500;-0.9546;-6.8100
2024-06-14 11:00;0.3400;1.2946;7.0500;-0.9546;-6.7100
2024-06-14 12:00;0.3400;1.2946;6.9700;-0.9546;-6.6300
2024-06-14 13:00;0.3400;1.2946;6.9000;-0.9546;-6.5600
2024-06-14 14:00;0.3400;1.2946;6.8400;-0.9546;-6.5000
2024-06-14 15:00;0.3400;1.2946;6.7900;-0.9546;-6.4500
2024-06-14 16:00;0.3300;1.2946;6.7400;-0.9646;-6.4100
2024-06-14 17:00;0.3300;1.2946;6.7000;-0.9646;-6.3700
2024-06-14 18:00;0.3200;1.2946;6.6700;-0.9746;-6.3500
2024-06-14 19:00;0.3100;1.2946;6.6400;-0.9846;-6.3300
2024-06-14 20:00;0.3000;1.2946;6.6200;-0.9946;-6.3200
2024-06-14 21:00;0.2900;1.2946;6.5900;-1.0046;-6.3000
2024-06-14 22:00;0.2900;1.2946;6.5700;-1.0046;-6.2800
2024-06-14 23:00;0.2900;1.2946;6.5500;-1.0046;-6.2600
2024-06-15 00:00;0.2800;1.2946;6.5300;-1.0146;-6.2500
2024-06-15 01:00;0.2700;1.2946;6.5000;-1.0246;-6.2300
2024-06-15 02:00;0.2700;1.2946;6.4800;-1.0246;-6.2100
2024-06-15 03:00;0.2800;1.2946;6.4600;-1.0146;-6.1800
2024-06-15 04:00;0.2700;1.2946;6.4400;-1.0246;-6.1700
2024-06-15 05:00;0.2600;1.2946;6.4200;-1.0346;-6.1600
2024-06-15 06:00;0.2600;1.2946;6.4100;-1.0346;-6.1500
2024-06-15 07:00;0.2500;1.2946;6.3900;-1.0446;-6.1400
2024-06-15 08:00;0.2500;1.2946;6.3700;-1.0446;-6.1200
2024-06-15 09:00;0.2400;1.2946;6.3500;-1.0546;-6.1100
2024-06-15 10:00;0.2300;1.2946;6.3300;-1.0646;-6.1000
2024-06-15 11:00;0.2200;1.2946;6.3100;-1.0746;-6.0900
2024-06-15 12:00;0.2100;1.2946;6.3000;-1.0846;-6.0900
2024-06-15 13:00;0.2000;1.2946;6.2800;-1.0946;-6.0800
2024-06-15 14:00;0.1800;1.2946;6.2700;-1.1146;-6.0900
2024-06-15 15:00;0.1600;1.2946;6.2500;-1.1346;-6.0900
2024-06-15 16:00;0.1500;1.2946;6.2300;-1.1446;-6.0800
2024-06-15 17:00;0.1600;1.2946;6.2200;-1.1346;-6.0600
2024-06-15 18:00;0.1600;1.2946;6.2000;-1.1346;-6.0400
2024-06-15 19:00;0.1600;1.2946;6.1900;-1.1346;-6.0300
2024-06-15 20:00;0.1900;1.2946;6.1700;-1.1046;-5.9800
2024-06-15 21:00;0.2200;1.2946;6.1600;-1.0746;-5.9400
2024-06-15 22:00;0.2300;1.2946;6.1400;-1.0646;-5.9100
2024-06-15 23:00;0.2300;1.2946;6.1300;-1.0646;-5.9000
2024-06-16 00:00;0.2300;1.2946;6.1100;-1.0646;-5.8800
2024-06-16 01:00;0.2400;1.2946;6.1000;-1.0546;-5.8600
2024-06-16 02:00;0.2400;1.2946;6.0800;-1.0546;-5.8400
2024-06-16 03:00;0.2500;1.2946;6.0700;-1.0446;-5.8200
2024-06-16 04:00;0.2600;1.2946;6.0500;-1.0346;-5.7900
2024-06-16 05:00;0.2700;1.2946;6.0300;-1.0246;-5.7600
2024-06-16 06:00;0.2600;1.2946;6.0200;-1.0346;-5.7600
2024-06-16 07:00;0.2700;1.2946;6.0000;-1.0246;-5.7300
2024-06-16 08:00;0.2700;1.2946;5.9900;-1.0246;-5.7200
2024-06-16 09:00;0.2600;1.2946;5.9700;-1.0346;-5.7100
2024-06-16 10:00;0.2600;1.2946;5.9600;-1.0346;-5.7000
2024-06-16 11:00;0.2600;1.2946;5.9400;-1.0346;-5.6800
2024-06-16 12:00;0.2600;1.2946;5.9300;-1.0346;-5.6700
2024-06-16 13:00;0.2700;1.2946;5.9100;-1.0246;-5.6400
2024-06-16 14:00;0.2600;1.2946;5.9000;-1.0346;-5.6400
2024-06-16 15:00;0.2500;1.2946;5.8900;-1.0446;-5.6400
2024-06-16 16:00;0.2500;1.2946;5.8700;-1.0446;-5.6200
2024-06-16 17:00;0.2600;1.2946;5.8600;-1.0346;-5.6000
2024-06-16 18:00;0.2600;1.2946;5.8500;-1.0346;-5.5900
2024-06-16 19:00;0.2600;1.2946;5.8300;-1.0346;-5.5700
2024-06-16 20:00;0.2600;1.2946;5.8200;-1.0346;-5.5600
2024-06-16 21:00;0.2500;1.2946;5.8100;-1.0446;-5.5600
2024-06-16 22:00;0.2400;1.2946;5.7900;-1.0546;-5.5500
2024-06-16 23:00;0.2300;1.2946;5.7800;-1.0646;-5.5500
2024-06-17 00:00;0.2300;1.2946;5.7700;-1.0646;-5.5400
2024-06-17 01:00;0.2300;1.2946;5.7500;-1.0646;-5.5200
2024-06-17 02:00;0.2300;1.2946;5.7400;-1.0646;-5.5100
2024-06-17 03:00;0.2400;1.2946;5.7300;-1.0546;-5.4900
2024-06-17 04:00;0.2400;1.2946;5.7100;-1.0546;-5.4700
2024-06-17 05:00;0.2400;1.2946;5.7000;-1.0546;-5.4600
2024-06-17 06:00;0.2300;1.2946;5.6900;-1.0646;-5.4600
2024-06-17 07:00;0.2200;1.2946;5.6700;-1.0746;-5.4500
2024-06-17 08:00;0.2200;1.2946;5.6600;-1.0746;-5.4400
2024-06-17 09:00;0.2100;1.2946;5.6500;-1.0846;-5.4400
2024-06-17 10:00;0.2000;1.2946;5.6400;-1.0946;-5.4400
2024-06-17 11:00;0.2000;1.2946;5.6200;-1.0946;-5.4200
2024-06-17 12:00;0.2000;1.2946;5.6100;-1.0946;-5.4100
2024-06-17 13:00;0.2000;1.2946;5.6000;-1.0946;-5.4000
2024-06-17 14:00;0.1900;1.2946;5.5900;-1.1046;-5.4000
2024-06-17 15:00;0.1800;1.2946;5.5800;-1.1146;-5.4000
2024-06-17 16:00;0.1700;1.2946;5.5600;-1.1246;-5.3900
2024-06-17 17:00;0.1700;1.2946;5.5500;-1.1246;-5.3800
2024-06-17 18:00;0.1700;1.2946;5.5400;-1.1246;-5.3700
2024-06-17 19:00;0.1800;1.2946;5.5300;-1.1146;-5.3500
2024-06-17 20:00;0.1800;1.2946;5.5200;-1.1146;-5.3400
2024-06-17 21:00;0.1800;1.2946;5.5100;-1.1146;-5.3300
2024-06-17 22:00;0.1700;1.2946;5.5000;-1.1246;-5.3300
2024-06-17 23:00;0.1700;1.2946;5.4900;-1.1246;-5.3200
2024-06-18 00:00;0.1700;1.2946;5.4800;-1.1246;-5.3100
2024-06-18 01:00;0.1700;1.2946;5.4600;-1.1246;-5.2900
2024-06-18 02:00;0.1900;1.2946;5.4500;-1.1046;-5.2600
2024-06-18 03:00;0.2200;1.2946;5.4400;-1.0746;-5.2200
2024-06-18 04:00;0.2400;1.2946;5.4300;-1.0546;-5.1900
2024-06-18 05:00;0.2400;1.2946;5.4200;-1.0546;-5.1800
2024-06-18 06:00;0.2300;1.2946;5.4000;-1.0646;-5.1700
2024-06-18 07:00;0.2300;1.2946;5.3900;-1.0646;-5.1600
2024-06-18 08:00;0.2200;1.2946;5.3800;-1.0746;-5.1600
2024-06-18 09:00;0.2200;1.2946;5.3700;-1.0746;-5.1500
2024-06-18 10:00;0.2100;1.2946;5.3600;-1.0846;-5.1500
2024-06-18 11:00;0.2000;1.2946;5.3400;-1.0946;-5.1400
2024-06-18 12:00;0.2000;1.2946;5.3300;-1.0946;-5.1300
2024-06-18 13:00;0.2000;1.2946;5.3200;-1.0946;-5.1200
2024-06-18 14:00;0.2000;1.2946;5.3100;-1.0946;-5.1100
2024-06-18 15:00;0.1900;1.2946;5.3000;-1.1046;-5.1100
2024-06-18 16:00;0.1800;1.2946;5.2900;-1.1146;-5.1100
2024-06-18 17:00;0.1700;1.2946;5.2800;-1.1246;-5.1100
2024-06-18 18:00;0.1800;1.2946;5.2700;-1.1146;-5.0900
2024-06-18 19:00;0.1800;1.2946;5.2600;-1.1146;-5.0800
2024-06-18 20:00;0.1800;1.2946;5.2500;-1.1146;-5.0700
2024-06-18 21:00;0.1800;1.2946;5.2400;-1.1146;-5.0600
2024-06-18 22:00;0.1800;1.2946;5.2200;-1.1146;-5.0400
2024-06-18 23:00;0.1800;1.2946;5.2100;-1.1146;-5.0300
2024-06-19 00:00;0.1700;1.2946;5.2000;-1.1246;-5.0300
2024-06-19 01:00;0.1700;1.2946;5.1900;-1.1246;-5.0200
2024-06-19 02:00;0.1700;1.2946;5.1800;-1.1246;-5.0100
2024-06-19 03:00;0.1700;1.2946;5.1700;-1.1246;-5.0000
2024-06-19 04:00;0.1800;1.2946;5.1600;-1.1146;-4.9800
2024-06-19 05:00;0.1900;1.2946;5.1500;-1.1046;-4.9600
2024-06-19 06:00;0.2100;1.2946;5.1400;-1.0846;-4.9300
2024-06-19 07:00;0.2200;1.2946;5.1200;-1.0746;-4.9000
2024-06-19 08:00;0.2200;1.2946;5.1100;-1.0746;-4.8900
2024-06-19 09:00;0.1900;1.2946;5.1000;-1.1046;-4.9100
2024-06-19 10:00;0.1300;1.2946;5.0900;-1.1646;-4.9600
2024-06-19 11:00;0.1300;1.2946;5.0800;-1.1646;-4.9500
2024-06-19 12:00;0.1400;1.2946;5.0700;-1.1546;-4.9300
2024-06-19 13:00;0.1200;1.2946;5.0600;-1.1746;-4.9400
2024-06-19 14:00;0.1200;1.2946;5.0500;-1.1746;-4.9300
2024-06-19 15:00;0.1500;1.2946;5.0400;-1.1446;-4.8900
2024-06-19 16:00;0.1700;1.2946;5.0300;-1.1246;-4.8600
2024-06-19 17:00;0.1800;1.2946;5.0200;-1.1146;-4.8400
2024-06-19 18:00;0.1800;1.2946;5.0100;-1.1146;-4.8300
2024-06-19 19:00;0.1800;1.2946;5.0000;-1.1146;-4.8200
2024-06-19 20:00;0.1800;1.2946;4.9900;-1.1146;-4.8100
2024-06-19 21:00;0.1600;1.2946;4.9800;-1.1346;-4.8200
2024-06-19 22:00;0.1500;1.2946;4.9700;-1.1446;-4.8200
2024-06-19 23:00;0.1400;1.2946;4.9600;-1.1546;-4.8200
2024-06-20 00:00;0.1500;1.2946;4.9500;-1.1446;-4.8000
2024-06-20 01:00;0.1700;1.2946;4.9400;-1.1246;-4.7700
2024-06-20 02:00;0.2000;1.2946;4.9300;-1.0946;-4.7300
2024-06-20 03:00;0.2200;1.2946;4.9200;-1.0746;-4.7000
2024-06-20 04:00;0.2100;1.2946;4.9100;-1.0846;-4.7000
2024-06-20 05:00;0.2000;1.2946;4.9000;-1.0946;-4.7000
2024-06-20 06:00;0.1900;1.2946;4.8900;-1.1046;-4.7000
2024-06-20 07:00;0.1800;1.2946;4.8800;-1.1146;-4.7000
2024-06-20 08:00;0.1700;1.2946;4.8700;-1.1246;-4.7000
2024-06-20 09:00;0.1700;1.2946;4.8600;-1.1246;-4.6900
2024-06-20 10:00;0.1800;1.2946;4.8500;-1.1146;-4.6700
2024-06-20 11:00;0.1900;1.2946;4.8400;-1.1046;-4.6500
2024-06-20 12:00;0.1900;1.2946;4.8300;-1.1046;-4.6400
2024-06-20 13:00;0.1800;1.2946;4.8300;-1.1146;-4.6500
2024-06-20 14:00;0.1800;1.2946;4.8200;-1.1146;-4.6400
2024-06-20 15:00;0.1700;1.2946;4.8100;-1.1246;-4.6400
2024-06-20 16:00;0.1700;1.2946;4.8000;-1.1246;-4.6300
2024-06-20 17:00;0.1600;1.2946;4.7900;-1.1346;-4.6300
2024-06-20 18:00;0.1600;1.2946;4.7800;-1.1346;-4.6200
2024-06-20 19:00;0.1600;1.2946;4.7700;-1.1346;-4.6100
2024-06-20 20:00;0.1600;1.2946;4.7600;-1.1346;-4.6000
2024-06-20 21:00;0.1500;1.2946;4.7500;-1.1446;-4.6000
2024-06-20 22:00;0.1500;1.2946;4.7500;-1.1446;-4.6000
2024-06-20 23:00;0.1500;1.2946;4.7400;-1.1446;-4.5900
2024-06-21 00:00;0.1500;1.2946;4.7300;-1.1446;-4.5800
2024-06-21 01:00;0.1600;1.2946;4.7200;-1.1346;-4.5600
2024-06-21 02:00;0.1700;1.2946;4.7100;-1.1246;-4.5400
2024-06-21 03:00;0.1700;1.2946;4.7000;-1.1246;-4.5300
2024-06-21 04:00;0.1800;1.2946;4.6900;-1.1146;-4.5100
2024-06-21 05:00;0.1800;1.2946;4.6800;-1.1146;-4.5000
2024-06-21 06:00;0.1700;1.2946;4.6800;-1.1246;-4.5100
2024-06-21 07:00;0.1600;1.2946;4.6700;-1.1346;-4.5100
2024-06-21 08:00;0.1600;1.2946;4.6600;-1.1346;-4.5000
2024-06-21 09:00;0.1500;1.2946;4.6500;-1.1446;-4.5000
2024-06-21 10:00;0.1600;1.2946;4.6400;-1.1346;-4.4800
2024-06-21 11:00;0.1800;1.2946;4.6300;-1.1146;-4.4500
2024-06-21 12:00;0.2000;1.2946;4.6200;-1.0946;-4.4200
2024-06-21 13:00;0.2200;1.2946;4.6100;-1.0746;-4.3900
2024-06-21 14:00;0.2100;1.2946;4.6100;-1.0846;-4.4000
2024-06-21 15:00;0.1900;1.2946;4.6000;-1.1046;-4.4100
2024-06-21 16:00;0.1700;1.2946;4.5900;-1.1246;-4.4200
2024-06-21 17:00;0.1600;1.2946;4.5800;-1.1346;-4.4200
2024-06-21 18:00;0.1500;1.2946;4.5700;-1.1446;-4.4200
2024-06-21 19:00;0.1500;1.2946;4.5700;-1.1446;-4.4200
2024-06-21 20:00;0.1500;1.2946;4.5600;-1.1446;-4.4100
2024-06-21 21:00;0.1500;1.2946;4.5500;-1.1446;-4.4000
2024-06-21 22:00;0.1500;1.2946;4.5400;-1.1446;-4.3900
2024-06-21 23:00;0.1500;1.2946;4.5300;-1.1446;-4.3800
2024-06-22 00:00;0.1500;1.2946;4.5300;-1.1446;-4.3800
2024-06-22 01:00;0.1400;1.2946;4.5200;-1.1546;-4.3800
2024-06-22 02:00;0.1400;1.2946;4.5100;-1.1546;-4.3700
2024-06-22 03:00;0.1500;1.2946;4.5000;-1.1446;-4.3500
2024-06-22 04:00;0.1600;1.2946;4.4900;-1.1346;-4.3300
2024-06-22 05:00;0.1800;1.2946;4.4900;-1.1146;-4.3100
2024-06-22 06:00;0.2200;1.2946;4.4800;-1.0746;-4.2600
2024-06-22 07:00;0.2200;1.2946;4.4700;-1.0746;-4.2500
2024-06-22 08:00;0.2200;1.2946;4.4600;-1.0746;-4.2400
2024-06-22 09:00;0.2200;1.2946;4.4500;-1.0746;-4.2300
2024-06-22 10:00;0.2200;1.2946;4.4500;-1.0746;-4.2300
2024-06-22 11:00;0.2200;1.2946;4.4400;-1.0746;-4.2200
2024-06-22 12:00;0.2100;1.2946;4.4300;-1.0846;-4.2200
2024-06-22 13:00;0.1900;1.2946;4.4200;-1.1046;-4.2300
2024-06-22 14:00;0.1800;1.2946;4.4200;-1.1146;-4.2400
2024-06-22 15:00;0.1600;1.2946;4.4100;-1.1346;-4.2500
2024-06-22 16:00;0.1500;1.2946;4.4000;-1.1446;-4.2500
2024-06-22 17:00;0.1500;1.2946;4.3900;-1.1446;-4.2400
2024-06-22 18:00;0.1400;1.2946;4.3900;-1.1546;-4.2500
2024-06-22 19:00;0.1400;1.2946;4.3800;-1.1546;-4.2400
2024-06-22 20:00;0.1300;1.2946;4.3700;-1.1646;-4.2400
2024-06-22 21:00;0.1400;1.2946;4.3700;-1.1546;-4.2300
2024-06-22 22:00;0.1400;1.2946;4.3600;-1.1546;-4.2200
2024-06-22 23:00;0.1300;1.2946;4.3500;-1.1646;-4.2200
2024-06-23 00:00;0.1300;1.2946;4.3500;-1.1646;-4.2200
2024-06-23 01:00;0.1300;1.2946;4.3400;-1.1646;-4.2100
2024-06-23 02:00;0.1300;1.2946;4.3300;-1.1646;-4.2000
2024-06-23 03:00;0.1300;1.2946;4.3300;-1.1646;-4.2000
2024-06-23 04:00;0.1400;1.2946;4.3200;-1.1546;-4.1800
2024-06-23 05:00;0.1500;1.2946;4.3100;-1.1446;-4.1600
2024-06-23 06:00;0.1500;1.2946;4.3100;-1.1446;-4.1600
2024-06-23 07:00;0.1500;1.2946;4.3000;-1.1446;-4.1500
2024-06-23 08:00;0.1500;1.2946;4.3000;-1.1446;-4.1500
2024-06-23 09:00;0.1600;1.2946;4.3000;-1.1346;-4.1400
2024-06-23 10:00;0.1800;1.2946;4.3000;-1.1146;-4.1200
2024-06-23 11:00;0.1900;1.2946;4.3000;-1.1046;-4.1100
2024-06-23 12:00;0.2000;1.2946;4.3100;-1.0946;-4.1100
2024-06-23 13:00;0.2000;1.2946;4.3100;-1.0946;-4.1100
2024-06-23 14:00;0.2100;1.2946;4.3200;-1.0846;-4.1100
2024-06-23 15:00;0.2100;1.2946;4.3200;-1.0846;-4.1100
2024-06-23 16:00;0.2000;1.2946;4.3300;-1.0946;-4.1300
2024-06-23 17:00;0.1900;1.2946;4.3400;-1.1046;-4.1500
2024-06-23 18:00;0.1900;1.2946;4.3400;-1.1046;-4.1500
2024-06-23 19:00;0.2000;1.2946;4.3400;-1.0946;-4.1400
2024-06-23 20:00;0.2000;1.2946;4.3500;-1.0946;-4.1500
2024-06-23 21:00;0.2000;1.2946;4.3600;-1.0946;-4.1600
2024-06-23 22:00;0.2000;1.2946;4.3700;-1.0946;-4.1700
2024-06-23 23:00;0.2000;1.2946;4.3800;-1.0946;-4.1800
2024-06-24 00:00;0.2000;1.2946;4.4000;-1.0946;-4.2000
2024-06-24 01:00;0.2100;1.2946;4.4300;-1.0846;-4.2200
2024-06-24 02:00;0.2100;1.2946;4.4500;-1.0846;-4.2400
2024-06-24 03:00;0.2000;1.2946;4.4700;-1.0946;-4.2700
2024-06-24 04:00;0.2000;1.2946;4.5000;-1.0946;-4.3000
2024-06-24 05:00;0.2000;1.2946;4.5300;-1.0946;-4.3300
2024-06-24 06:00;0.2100;1.2946;4.5700;-1.0846;-4.3600
2024-06-24 07:00;0.2100;1.2946;4.7400;-1.0846;-4.5300
2024-06-24 08:00;0.2100;1.2946;6.0300;-1.0846;-5.8200
2024-06-24 09:00;0.2200;1.2986;11.7600;-1.0786;-11.5400
2024-06-24 10:00;0.2500;1.8011;24.9300;-1.5511;-24.6800
2024-06-24 11:00;0.2800;3.0312;42.7000;-2.7512;-42.4200
2024-06-24 12:00;0.3200;4.7614;57.8700;-4.4414;-57.5500
2024-06-24 13:00;0.3500;7.8853;66.8600;-7.5353;-66.5100
2024-06-24 14:00;0.7300;11.4451;71.4600;-10.7151;-70.7300
2024-06-24 15:00;9.1500;16.0370;76.5200;-6.8870;-67.3700
2024-06-24 16:00;14.2800;31.3043;90.1300;-17.0243;-75.8500
2024-06-24 17:00;17.9300;51.9793;121.6500;-34.0493;-103.7200
2024-06-24 18:00;58.4600;66.3120;170.0800;-7.8520;-111.6200
2024-06-24 19:00;240.0000;104.3148;219.9700;135.6852;20.0300
2024-06-24 20:00;196.9900;129.4279;256.4300;67.5621;-59.4400
2024-06-24 21:00;166.5200;160.6348;277.6600;5.8852;-111.1400
2024-06-24 22:00;210.8600;178.5217;300.8000;32.3383;-89.9400
2024-06-24 23:00;282.2600;209.7936;347.4000;72.4664;-65.1400
2024-06-25 00:00;434.3700;230.6930;405.3100;203.6770;29.0600
2024-06-25 01:00;527.9700;238.5094;439.4300;289.4606;88.5400
2024-06-25 02:00;457.5300;264.2220;433.5900;193.3080;23.9400
2024-06-25 03:00;282.2600;268.1625;398.9100;14.0975;-116.6500
2024-06-25 04:00;196.9900;285.3992;359.7400;-88.4092;-162.7500
2024-06-25 05:00;154.2900;279.3909;334.7100;-125.1009;-180.4200
2024-06-25 06:00;131.1700;278.1788;329.2600;-147.0088;-198.0900
2024-06-25 07:00;235.1000;282.8015;337.4700;-47.7015;-102.3700
2024-06-25 08:00;419.1500;282.1076;345.2600;137.0424;73.8900
2024-06-25 09:00;396.3300;291.3687;340.8400;104.9613;55.4900
2024-06-25 10:00;282.2600;274.1971;322.0400;8.0629;-39.7800
2024-06-25 11:00;210.8600;255.6405;293.2700;-44.7805;-82.4100
2024-06-25 12:00;170.6000;221.6029;260.8100;-51.0029;-90.2100
2024-06-25 13:00;146.4000;191.8952;229.3600;-45.4952;-82.9600
2024-06-25 14:00;127.6300;168.6335;201.0000;-41.0035;-73.3700
2024-06-25 15:00;110.2100;152.9227;176.4600;-42.7127;-66.2500
2024-06-25 16:00;100.3900;141.8288;155.8600;-41.4388;-55.4700
2024-06-25 17:00;91.1100;135.5134;139.0100;-44.4034;-47.9000
2024-06-25 18:00;85.1000;128.1246;125.6300;-43.0246;-40.5300
2024-06-25 19:00;79.3600;123.6860;115.3600;-44.3260;-36.0000
2024-06-25 20:00;110.2100;118.8160;107.6500;-8.6060;2.5600
2024-06-25 21:00;146.4000;116.7870;101.9300;29.6130;44.4700
2024-06-25 22:00;113.4800;118.0324;97.9200;-4.5524;15.5600
2024-06-25 23:00;94.1200;115.4788;95.6400;-21.3588;-1.5200
2024-06-26 00:00;82.1000;120.9507;94.9200;-38.8507;-12.8200
2024-06-26 01:00;76.6200;118.9610;95.0400;-42.3410;-18.4200
2024-06-26 02:00;71.1300;121.7986;95.0000;-50.6686;-23.8700
2024-06-26 03:00;65.9100;118.3638;93.9600;-52.4538;-28.0500
2024-06-26 04:00;60.9400;118.1622;91.6700;-57.2222;-30.7300
2024-06-26 05:00;58.4600;112.0193;88.2800;-53.5593;-29.8200
2024-06-26 06:00;58.4600;104.3943;84.1800;-45.9343;-25.7200
2024-06-26 07:00;53.7600;96.9689;79.8100;-43.2089;-26.0500
2024-06-26 08:00;53.7600;90.1283;75.4600;-36.3683;-21.7000
2024-06-26 09:00;49.3100;83.9932;71.3500;-34.6832;-22.0400
2024-06-26 10:00;47.0900;78.8898;67.5600;-31.7998;-20.4700
2024-06-26 11:00;42.9000;74.9216;64.1100;-32.0216;-21.2100
2024-06-26 12:00;40.9400;73.0781;61.0100;-32.1381;-20.0700
2024-06-26 13:00;38.9700;70.6091;58.2500;-31.6391;-19.2800
2024-06-26 14:00;35.0400;71.0758;55.9300;-36.0358;-20.8900
2024-06-26 15:00;33.3300;72.0160;54.2900;-38.6860;-20.9600
2024-06-26 16:00;31.6100;75.7391;53.8100;-44.1291;-22.2000
2024-06-26 17:00;33.3300;76.9940;55.3900;-43.6640;-22.0600
2024-06-26 18:00;33.3300;80.7173;59.8900;-47.3873;-26.5600
2024-06-26 19:00;44.8700;83.1836;66.8000;-38.3136;-21.9300
2024-06-26 20:00;63.4300;87.7366;73.8700;-24.3066;-10.4400
2024-06-26 21:00;53.7600;87.8060;78.9300;-34.0460;-25.1700
2024-06-26 22:00;49.3100;89.7134;80.7900;-40.4034;-31.4800
2024-06-26 23:00;44.8700;86.1261;79.6700;-41.2561;-34.8000
2024-06-27 00:00;42.9000;81.6087;76.5300;-38.7087;-33.6300
2024-06-27 01:00;40.9400;75.3006;72.4000;-34.3606;-31.4600
2024-06-27 02:00;38.9700;70.1585;68.0000;-31.1885;-29.0300
2024-06-27 03:00;37.0100;64.9341;63.7700;-27.9241;-26.7600
2024-06-27 04:00;35.0400;60.9643;59.8900;-25.9243;-24.8500
2024-06-27 05:00;33.3300;57.3463;56.4300;-24.0163;-23.1000
2024-06-27 06:00;31.6100;54.5963;53.3800;-22.9863;-21.7700
2024-06-27 07:00;31.6100;51.5896;50.7100;-19.9796;-19.1000
2024-06-27 08:00;29.9000;48.3697;48.3800;-18.4697;-18.4800
2024-06-27 09:00;28.1800;45.2646;46.3400;-17.0846;-18.1600
2024-06-27 10:00;23.5400;43.0939;44.5500;-19.5539;-21.0100
2024-06-27 11:00;23.5400;42.4593;42.9700;-18.9193;-19.4300
2024-06-27 12:00;22.0800;41.5877;41.5800;-19.5077;-19.5000
2024-06-27 13:00;22.0800;42.4189;40.3300;-20.3389;-18.2500
2024-06-27 14:00;22.0800;41.9259;39.2200;-19.8459;-17.1400
2024-06-27 15:00;20.6100;43.1628;38.2100;-22.5528;-17.6000
2024-06-27 16:00;19.1500;42.7680;37.2900;-23.6180;-18.1400
2024-06-27 17:00;16.7100;42.7901;36.4400;-26.0801;-19.7300
2024-06-27 18:00;16.7100;42.2921;35.6600;-25.5821;-18.9500
2024-06-27 19:00;17.9300;41.4209;34.9300;-23.4909;-17.0000
2024-06-27 20:00;17.9300;41.5814;34.2500;-23.6514;-16.3200
2024-06-27 21:00;17.9300;39.9617;33.6100;-22.0317;-15.6800
2024-06-27 22:00;17.9300;39.6626;33.0100;-21.7326;-15.0800
2024-06-27 23:00;15.5000;36.3074;32.4300;-20.8074;-16.9300
2024-06-28 00:00;15.5000;34.4304;31.8900;-18.9304;-16.3900
2024-06-28 01:00;14.2800;31.1822;31.3800;-16.9022;-17.1000
2024-06-28 02:00;14.2800;29.5792;30.8900;-15.2992;-16.6100
2024-06-28 03:00;14.2800;26.6831;30.4300;-12.4031;-16.1500
2024-06-28 04:00;13.0600;25.0328;30.0000;-11.9728;-16.9400
2024-06-28 05:00;13.0600;22.6515;29.5800;-9.5915;-16.5200
2024-06-28 06:00;13.0600;21.5313;29.1900;-8.4713;-16.1300
2024-06-28 07:00;14.2800;19.5090;28.8100;-5.2290;-14.5300
2024-06-28 08:00;14.2800;17.9565;28.4500;-3.6765;-14.1700
2024-06-28 09:00;12.0800;15.8462;28.1000;-3.7662;-16.0200
2024-06-28 10:00;11.1000;15.1643;27.7700;-4.0643;-16.6700
2024-06-28 11:00;10.1300;14.6103;27.4500;-4.4803;-17.3200
2024-06-28 12:00;10.1300;15.1317;27.1400;-5.0017;-17.0100
2024-06-28 13:00;10.1300;15.5697;26.8300;-5.4397;-16.7000
2024-06-28 14:00;9.1500;16.8571;26.5300;-7.7071;-17.3800
2024-06-28 15:00;9.1500;17.1964;26.2400;-8.0464;-17.0900
2024-06-28 16:00;8.1700;18.1611;25.9500;-9.9911;-17.7800
2024-06-28 17:00;8.1700;17.7479;25.6700;-9.5779;-17.5000
2024-06-28 18:00;7.4300;18.3003;25.3800;-10.8703;-17.9500
2024-06-28 19:00;9.1500;17.4610;25.1000;-8.3110;-15.9500
2024-06-28 20:00;10.1300;17.2768;24.8200;-7.1468;-14.6900
2024-06-28 21:00;9.1500;16.8204;24.5400;-7.6704;-15.3900
2024-06-28 22:00;9.1500;15.6577;24.2700;-6.5077;-15.1200
2024-06-28 23:00;9.1500;14.5791;24.0000;-5.4291;-14.8500
2024-06-29 00:00;8.1700;12.8919;23.7400;-4.7219;-15.5700
2024-06-29 01:00;8.1700;11.9308;23.4800;-3.7608;-15.3100
2024-06-29 02:00;8.1700;10.2297;23.2300;-2.0597;-15.0600
2024-06-29 03:00;7.4300;9.5908;22.9900;-2.1608;-15.5600
2024-06-29 04:00;7.4300;8.5422;22.7600;-1.1122;-15.3300
2024-06-29 05:00;7.4300;8.0982;22.5300;-0.6682;-15.1000
2024-06-29 06:00;6.6900;7.3617;22.3200;-0.6717;-15.6300
2024-06-29 07:00;6.6900;6.9943;22.1100;-0.3043;-15.4200
2024-06-29 08:00;7.4300;5.9369;21.9100;1.4931;-14.4800
2024-06-29 09:00;7.4300;5.0698;21.7100;2.3602;-14.2800
2024-06-29 10:00;7.4300;4.5328;21.5300;2.8972;-14.1000
2024-06-29 11:00;6.6900;4.2851;21.3400;2.4049;-14.6500
2024-06-29 12:00;6.6900;4.0908;21.1600;2.5992;-14.4700
2024-06-29 13:00;5.9500;4.0557;20.9900;1.8943;-15.0400
2024-06-29 14:00;5.9500;4.0627;20.8200;1.8873;-14.8700
2024-06-29 15:00;5.9500;4.5096;20.6400;1.4404;-14.6900
2024-06-29 16:00;5.9500;4.9742;20.4800;0.9758;-14.5300
2024-06-29 17:00;5.2100;5.0613;20.3100;0.1487;-15.1000
2024-06-29 18:00;5.9500;4.8064;20.1400;1.1436;-14.1900
2024-06-29 19:00;5.2100;4.8099;19.9700;0.4001;-14.7600
2024-06-29 20:00;5.2100;4.7811;19.8100;0.4289;-14.6000
2024-06-29 21:00;5.2100;4.4119;19.6400;0.7981;-14.4300
2024-06-29 22:00;5.2100;4.0499;19.4700;1.1601;-14.2600
2024-06-29 23:00;5.2100;3.5223;19.3100;1.6877;-14.1000
2024-06-30 00:00;5.2100;3.3000;19.1500;1.9100;-13.9400
2024-06-30 01:00;4.4700;3.2725;18.9900;1.1975;-14.5200
2024-06-30 02:00;4.4700;3.2892;18.8400;1.1808;-14.3700
2024-06-30 03:00;4.4700;3.2523;18.7000;1.2177;-14.2300
2024-06-30 04:00;3.4500;3.2534;18.5500;0.1966;-15.1000
2024-06-30 05:00;3.4500;3.2380;18.4100;0.2120;-14.9600
2024-06-30 06:00;3.9600;3.2472;18.2800;0.7128;-14.3200
2024-06-30 07:00;2.9300;3.1489;18.1500;-0.2189;-15.2200
2024-06-30 08:00;2.4200;2.8241;18.0200;-0.4041;-15.6000
2024-06-30 09:00;2.9300;2.6329;17.9000;0.2971;-14.9700
2024-06-30 10:00;2.4200;2.4105;17.7700;0.0095;-15.3500
2024-06-30 11:00;2.4200;2.2507;17.6600;0.1693;-15.2400
2024-06-30 12:00;1.9100;2.0215;17.5400;-0.1115;-15.6300
2024-06-30 13:00;1.9100;1.9690;17.4300;-0.0590;-15.5200
2024-06-30 14:00;1.6200;1.8814;17.3100;-0.2614;-15.6900
2024-06-30 15:00;1.9100;1.8304;17.2000;0.0796;-15.2900
2024-06-30 16:00;1.6200;1.7406;17.0900;-0.1206;-15.4700
2024-06-30 17:00;1.6200;1.7501;16.9900;-0.1301;-15.3700
2024-06-30 18:00;1.6200;1.7420;16.8800;-0.1220;-15.2600
2024-06-30 19:00;1.3200;1.7676;16.7700;-0.4476;-15.4500
2024-06-30 20:00;1.3200;1.8222;16.6600;-0.5022;-15.3400
2024-06-30 21:00;1.6200;1.8567;16.5600;-0.2367;-14.9400
2024-06-30 22:00;1.6200;1.8924;16.4500;-0.2724;-14.8300
2024-06-30 23:00;1.3200;1.9183;16.3400;-0.5983;-15.0200
2024-07-01 00:00;1.3200;2.0009;16.2400;-0.6809;-14.9200
2024-07-01 01:00;1.3200;2.0293;16.1300;-0.7093;-14.8100
2024-07-01 02:00;1.0300;2.1141;16.0300;-1.0841;-15.0000
2024-07-01 03:00;1.3200;2.1078;15.9300;-0.7878;-14.6100
2024-07-01 04:00;1.3200;2.1266;15.8300;-0.8066;-14.5100
2024-07-01 05:00;1.3200;2.1435;15.7400;-0.8235;-14.4200
2024-07-01 06:00;0.7300;2.1824;15.6400;-1.4524;-14.9100
2024-07-01 07:00;1.0300;2.1521;15.5500;-1.1221;-14.5200
2024-07-01 08:00;1.0300;1.9313;15.4700;-0.9013;-14.4400
2024-07-01 09:00;0.4400;1.7458;15.3800;-1.3058;-14.9400
2024-07-01 10:00;0.4400;1.6218;15.2900;-1.1818;-14.8500
2024-07-01 11:00;0.7300;1.5648;15.2100;-0.8348;-14.4800
2024-07-01 12:00;0.7300;1.5357;15.1300;-0.8057;-14.4000
2024-07-01 13:00;0.7300;1.4629;15.0500;-0.7329;-14.3200
2024-07-01 14:00;0.4400;1.3791;14.9700;-0.9391;-14.5300
2024-07-01 15:00;0.4400;1.3271;14.8900;-0.8871;-14.4500
2024-07-01 16:00;0.4400;1.3173;14.8100;-0.8773;-14.3700
2024-07-01 17:00;0.4400;1.3077;14.7400;-0.8677;-14.3000
2024-07-01 18:00;0.7300;1.3037;14.6600;-0.5737;-13.9300
2024-07-01 19:00;2.9300;1.3045;14.5900;1.6255;-11.6600
2024-07-01 20:00;2.9300;1.3175;14.5300;1.6125;-11.6000
2024-07-01 21:00;2.4200;1.3657;14.4700;1.0543;-12.0500
2024-07-01 22:00;1.9100;1.4554;14.4100;0.4546;-12.5000
2024-07-01 23:00;2.4200;1.5354;14.3600;0.8846;-11.9400
2024-07-02 00:00;3.4500;1.6137;14.3100;1.8363;-10.8600
2024-07-02 01:00;3.9600;1.6761;14.2600;2.2839;-10.3000
2024-07-02 02:00;3.9600;1.7382;14.1900;2.2218;-10.2300
2024-07-02 03:00;3.4500;1.8019;14.1200;1.6481;-10.6700
2024-07-02 04:00;2.9300;1.7975;14.0500;1.1325;-11.1200
2024-07-02 05:00;2.9300;1.8097;13.9800;1.1203;-11.0500
2024-07-02 06:00;2.9300;1.8249;13.9000;1.1051;-10.9700
2024-07-02 07:00;2.9300;1.8045;13.8300;1.1255;-10.9000
2024-07-02 08:00;2.9300;1.6785;13.7500;1.2515;-10.8200
2024-07-02 09:00;2.4200;1.5643;13.6800;0.8557;-11.2600
2024-07-02 10:00;1.9100;1.4352;13.6100;0.4748;-11.7000
2024-07-02 11:00;1.6200;1.3530;13.5500;0.2670;-11.9300
2024-07-02 12:00;1.3200;1.3021;13.4800;0.0179;-12.1600
2024-07-02 13:00;1.6200;1.2946;13.4200;0.3254;-11.8000
2024-07-02 14:00;1.9100;1.2946;13.3600;0.6154;-11.4500
2024-07-02 15:00;1.6200;1.2946;13.3000;0.3254;-11.6800
2024-07-02 16:00;1.6200;1.2946;13.2400;0.3254;-11.6200
2024-07-02 17:00;1.6200;1.2946;13.1800;0.3254;-11.5600
2024-07-02 18:00;1.6200;1.2946;13.1200;0.3254;-11.5000
2024-07-02 19:00;2.4200;1.2946;13.0600;1.1254;-10.6400
2024-07-02 20:00;3.4500;1.2946;13.0000;2.1554;-9.5500
2024-07-02 21:00;3.9600;1.2946;12.9400;2.6654;-8.9800
2024-07-02 22:00;3.9600;1.2946;12.8800;2.6654;-8.9200
2024-07-02 23:00;3.4500;1.2946;12.8200;2.1554;-9.3700
2024-07-03 00:00;3.9600;1.3010;12.7600;2.6590;-8.8000
2024-07-03 01:00;3.9600;1.3179;12.7000;2.6421;-8.7400
2024-07-03 02:00;3.9600;1.3534;12.6400;2.6066;-8.6800
2024-07-03 03:00;3.9600;1.3533;12.5800;2.6067;-8.6200
2024-07-03 04:00;3.9600;1.3773;12.5200;2.5827;-8.5600
2024-07-03 05:00;4.4700;1.3897;12.4600;3.0803;-7.9900
2024-07-03 06:00;3.9600;1.4211;12.4100;2.5389;-8.4500
2024-07-03 07:00;3.9600;1.4315;12.3600;2.5285;-8.4000
2024-07-03 08:00;3.4500;1.4087;12.3000;2.0413;-8.8500
2024-07-03 09:00;3.9600;1.3943;12.2500;2.5657;-8.2900
2024-07-03 10:00;3.9600;1.4053;12.2000;2.5547;-8.2400
2024-07-03 11:00;2.9300;1.4025;12.1500;1.5275;-9.2200
2024-07-03 12:00;3.4500;1.4028;12.1100;2.0472;-8.6600
2024-07-03 13:00;3.4500;1.4028;12.0600;2.0472;-8.6100
2024-07-03 14:00;3.9600;1.3491;12.0200;2.6109;-8.0600
2024-07-03 15:00;3.4500;1.3165;11.9700;2.1335;-8.5200
2024-07-03 16:00;3.4500;1.3202;11.9300;2.1298;-8.4800
2024-07-03 17:00;3.4500;1.3420;11.9000;2.1080;-8.4500
2024-07-03 18:00;3.9600;1.3770;11.8800;2.5830;-7.9200
2024-07-03 19:00;3.9600;1.4021;11.8800;2.5579;-7.9200
2024-07-03 20:00;4.4700;1.4129;11.9000;3.0571;-7.4300
2024-07-03 21:00;4.4700;1.4571;11.9300;3.0129;-7.4600
2024-07-03 22:00;4.4700;1.4924;11.9900;2.9776;-7.5200
2024-07-03 23:00;4.4700;1.5025;12.0700;2.9675;-7.6000
2024-07-04 00:00;4.4700;1.5013;12.1600;2.9687;-7.6900
2024-07-04 01:00;4.4700;1.5069;12.2600;2.9631;-7.7900
2024-07-04 02:00;4.4700;1.5113;12.3600;2.9587;-7.8900
2024-07-04 03:00;5.2100;1.5159;12.4500;3.6941;-7.2400
2024-07-04 04:00;5.9500;1.5271;12.5300;4.4229;-6.5800
2024-07-04 05:00;5.9500;1.5473;12.5800;4.4027;-6.6300
2024-07-04 06:00;5.9500;1.5648;12.6100;4.3852;-6.6600
2024-07-04 07:00;5.9500;1.5504;12.6200;4.3996;-6.6700
2024-07-04 08:00;5.9500;1.5135;12.6100;4.4365;-6.6600
2024-07-04 09:00;5.2100;1.4280;12.5800;3.7820;-7.3700
2024-07-04 10:00;5.2100;1.3514;12.5400;3.8586;-7.3300
2024-07-04 11:00;4.4700;1.3020;12.4800;3.1680;-8.0100
2024-07-04 12:00;3.9600;1.2946;12.4300;2.6654;-8.4700
2024-07-04 13:00;3.9600;1.2946;12.3600;2.6654;-8.4000
2024-07-04 14:00;3.9600;1.2946;12.3000;2.6654;-8.3400
2024-07-04 15:00;3.4500;1.2946;12.2400;2.1554;-8.7900
2024-07-04 16:00;2.9300;1.2946;12.1700;1.6354;-9.2400
2024-07-04 17:00;2.9300;1.2946;12.1100;1.6354;-9.1800
2024-07-04 18:00;2.4200;1.2946;12.0500;1.1254;-9.6300
2024-07-04 19:00;2.4200;1.2946;11.9900;1.1254;-9.5700
2024-07-04 20:00;2.9300;1.2946;11.9300;1.6354;-9.0000
2024-07-04 21:00;3.4500;1.2946;11.8700;2.1554;-8.4200
2024-07-04 22:00;2.9300;1.2946;11.8100;1.6354;-8.8800
2024-07-04 23:00;2.9300;1.2946;11.7600;1.6354;-8.8300
2024-07-05 00:00;2.9300;1.2946;11.7000;1.6354;-8.7700
2024-07-05 01:00;2.9300;1.2946;11.6400;1.6354;-8.7100
2024-07-05 02:00;2.9300;1.2946;11.5900;1.6354;-8.6600
2024-07-05 03:00;2.9300;1.2946;11.5400;1.6354;-8.6100
2024-07-05 04:00;2.9300;1.2946;11.4800;1.6354;-8.5500
2024-07-05 05:00;2.4200;1.2946;11.4300;1.1254;-9.0100
2024-07-05 06:00;2.4200;1.2952;11.3800;1.1248;-8.9600
2024-07-05 07:00;2.4200;1.2946;11.3300;1.1254;-8.9100
2024-07-05 08:00;1.6200;1.2946;11.2800;0.3254;-9.6600
2024-07-05 09:00;1.6200;1.2946;11.2400;0.3254;-9.6200
2024-07-05 10:00;1.3200;1.2946;11.1900;0.0254;-9.8700
2024-07-05 11:00;1.3200;1.2946;11.1500;0.0254;-9.8300
2024-07-05 12:00;1.0300;1.2946;11.1100;-0.2646;-10.0800
2024-07-05 13:00;1.0300;1.2946;11.0600;-0.2646;-10.0300
2024-07-05 14:00;1.0300;1.2946;11.0200;-0.2646;-9.9900
2024-07-05 15:00;0.7300;1.2946;10.9800;-0.5646;-10.2500
2024-07-05 16:00;0.7300;1.2946;10.9400;-0.5646;-10.2100
2024-07-05 17:00;0.4400;1.2946;10.9000;-0.8546;-10.4600
2024-07-05 18:00;0.4400;1.2946;10.8600;-0.8546;-10.4200
2024-07-05 19:00;0.4400;1.2946;10.8200;-0.8546;-10.3800
2024-07-05 20:00;0.4400;1.2946;10.7700;-0.8546;-10.3300
2024-07-05 21:00;0.4400;1.2946;10.7300;-0.8546;-10.2900
2024-07-05 22:00;0.4400;1.2946;10.6900;-0.8546;-10.2500
2024-07-05 23:00;0.4300;1.2946;10.6500;-0.8646;-10.2200
2024-07-06 00:00;0.4300;1.2946;10.6000;-0.8646;-10.1700
2024-07-06 01:00;0.4300;1.2946;10.5600;-0.8646;-10.1300
2024-07-06 02:00;0.4200;1.2946;10.5200;-0.8746;-10.1000
2024-07-06 03:00;0.4200;1.2946;10.4700;-0.8746;-10.0500
2024-07-06 04:00;0.4200;1.2946;10.4300;-0.8746;-10.0100
2024-07-06 05:00;0.4100;1.2946;10.3900;-0.8846;-9.9800
2024-07-06 06:00;0.4100;1.2946;10.3500;-0.8846;-9.9400
2024-07-06 07:00;0.4100;1.2946;10.3100;-0.8846;-9.9000
2024-07-06 08:00;0.4000;1.2946;10.2700;-0.8946;-9.8700
2024-07-06 09:00;0.3900;1.2946;10.2300;-0.9046;-9.8400
2024-07-06 10:00;0.3800;1.2946;10.2000;-0.9146;-9.8200
2024-07-06 11:00;0.3900;1.2946;10.1600;-0.9046;-9.7700
2024-07-06 12:00;0.3900;1.2946;10.1300;-0.9046;-9.7400
2024-07-06 13:00;0.3900;1.2946;10.0900;-0.9046;-9.7000
2024-07-06 14:00;0.3900;1.2946;10.0600;-0.9046;-9.6700
2024-07-06 15:00;0.3900;1.2946;10.0300;-0.9046;-9.6400
2024-07-06 16:00;0.3900;1.2946;9.9900;-0.9046;-9.6000
2024-07-06 17:00;0.3900;1.2946;9.9600;-0.9046;-9.5700
2024-07-06 18:00;0.3900;1.2946;9.9300;-0.9046;-9.5400
2024-07-06 19:00;0.3900;1.2946;9.8900;-0.9046;-9.5000
2024-07-06 20:00;0.3900;1.2946;9.8600;-0.9046;-9.4700
2024-07-06 21:00;0.3900;1.2946;9.8300;-0.9046;-9.4400
2024-07-06 22:00;0.3900;1.2946;9.7900;-0.9046;-9.4000
2024-07-06 23:00;0.3900;1.2946;9.7600;-0.9046;-9.3700
2024-07-07 00:00;0.4000;1.2946;9.7300;-0.8946;-9.3300
2024-07-07 01:00;0.4000;1.2946;9.6900;-0.8946;-9.2900
2024-07-07 02:00;0.4000;1.2946;9.6600;-0.8946;-9.2600
2024-07-07 03:00;0.4000;1.2946;9.6200;-0.8946;-9.2200
2024-07-07 04:00;0.4000;1.2946;9.5900;-0.8946;-9.1900
2024-07-07 05:00;0.4100;1.2946;9.5500;-0.8846;-9.1400
2024-07-07 06:00;0.4000;1.2946;9.5200;-0.8946;-9.1200
2024-07-07 07:00;0.4100;1.2946;9.4900;-0.8846;-9.0800
2024-07-07 08:00;0.4100;1.2946;9.4600;-0.8846;-9.0500
2024-07-07 09:00;0.4100;1.2946;9.4200;-0.8846;-9.0100
2024-07-07 10:00;0.4000;1.2946;9.3900;-0.8946;-8.9900
2024-07-07 11:00;0.4000;1.2946;9.3600;-0.8946;-8.9600
2024-07-07 12:00;0.4000;1.2946;9.3300;-0.8946;-8.9300
2024-07-07 13:00;0.4000;1.2946;9.3000;-0.8946;-8.9000
2024-07-07 14:00;0.4000;1.2946;9.2700;-0.8946;-8.8700
2024-07-07 15:00;0.4000;1.2946;9.2500;-0.8946;-8.8500
2024-07-07 16:00;0.4000;1.2946;9.2200;-0.8946;-8.8200
2024-07-07 17:00;0.4000;1.2946;9.1900;-0.8946;-8.7900
2024-07-07 18:00;0.3900;1.2946;9.1600;-0.9046;-8.7700
2024-07-07 19:00;0.3900;1.2946;9.1300;-0.9046;-8.7400
2024-07-07 20:00;0.3900;1.2946;9.1000;-0.9046;-8.7100
2024-07-07 21:00;0.3800;1.2946;9.0800;-0.9146;-8.7000
2024-07-07 22:00;0.3800;1.2946;9.0500;-0.9146;-8.6700
2024-07-07 23:00;0.3800;1.2946;9.0200;-0.9146;-8.6400
2024-07-08 00:00;0.3700;1.2946;8.9900;-0.9246;-8.6200
2024-07-08 01:00;0.3700;1.2946;8.9600;-0.9246;-8.5900
2024-07-08 02:00;0.3700;1.2946;8.9400;-0.9246;-8.5700
2024-07-08 03:00;0.3700;1.2946;8.9100;-0.9246;-8.5400
2024-07-08 04:00;0.3700;1.2946;8.8800;-0.9246;-8.5100
2024-07-08 05:00;0.3700;1.2946;8.8500;-0.9246;-8.4800
2024-07-08 06:00;0.3700;1.2946;8.8200;-0.9246;-8.4500
2024-07-08 07:00;0.3600;1.2946;8.8000;-0.9346;-8.4400
2024-07-08 08:00;0.3600;1.2946;8.7700;-0.9346;-8.4100
2024-07-08 09:00;0.3700;1.2946;8.7400;-0.9246;-8.3700
2024-07-08 10:00;0.3800;1.2946;8.7200;-0.9146;-8.3400
2024-07-08 11:00;0.3800;1.2946;8.6900;-0.9146;-8.3100
2024-07-08 12:00;0.3900;1.2946;8.6600;-0.9046;-8.2700
2024-07-08 13:00;0.3900;1.2946;8.6400;-0.9046;-8.2500
2024-07-08 14:00;0.3900;1.2946;8.6100;-0.9046;-8.2200
2024-07-08 15:00;0.3900;1.2946;8.5900;-0.9046;-8.2000
2024-07-08 16:00;0.3900;1.2946;8.5600;-0.9046;-8.1700
2024-07-08 17:00;0.3900;1.2946;8.5400;-0.9046;-8.1500
2024-07-08 18:00;0.3900;1.2946;8.5100;-0.9046;-8.1200
2024-07-08 19:00;0.3900;1.2946;8.4900;-0.9046;-8.1000
2024-07-08 20:00;0.4000;1.2946;8.4600;-0.8946;-8.0600
2024-07-08 21:00;0.4000;1.2946;8.4400;-0.8946;-8.0400
2024-07-08 22:00;0.4000;1.2946;8.4100;-0.8946;-8.0100
2024-07-08 23:00;0.4000;1.2946;8.3900;-0.8946;-7.9900
2024-07-09 00:00;0.4000;1.2946;8.3600;-0.8946;-7.9600
2024-07-09 01:00;0.4000;1.2946;8.3400;-0.8946;-7.9400
2024-07-09 02:00;0.4000;1.2946;8.3100;-0.8946;-7.9100
2024-07-09 03:00;0.4000;1.2946;8.2900;-0.8946;-7.8900
2024-07-09 04:00;0.4000;1.2946;8.2600;-0.8946;-7.8600
2024-07-09 05:00;0.4000;1.2946;8.2400;-0.8946;-7.8400
2024-07-09 06:00;0.4100;1.2946;8.2100;-0.8846;-7.8000
2024-07-09 07:00;0.4100;1.2946;8.1900;-0.8846;-7.7800
2024-07-09 08:00;0.4100;1.2946;8.1600;-0.8846;-7.7500
2024-07-09 09:00;0.4200;1.2946;8.1400;-0.8746;-7.7200
2024-07-09 10:00;0.4200;1.2946;8.1200;-0.8746;-7.7000
2024-07-09 11:00;0.4200;1.2946;8.0900;-0.8746;-7.6700
2024-07-09 12:00;0.4200;1.2946;8.0700;-0.8746;-7.6500
2024-07-09 13:00;0.4200;1.2946;8.0500;-0.8746;-7.6300
2024-07-09 14:00;0.4100;1.2946;8.0300;-0.8846;-7.6200
2024-07-09 15:00;0.4000;1.2946;8.0100;-0.8946;-7.6100
2024-07-09 16:00;0.4000;1.2946;7.9800;-0.8946;-7.5800
2024-07-09 17:00;0.4000;1.2946;7.9600;-0.8946;-7.5600
2024-07-09 18:00;0.4000;1.2946;7.9400;-0.8946;-7.5400
2024-07-09 19:00;0.4000;1.2946;7.9200;-0.8946;-7.5200
2024-07-09 20:00;0.4000;1.2946;7.9000;-0.8946;-7.5000
2024-07-09 21:00;0.4000;1.2946;7.8800;-0.8946;-7.4800
2024-07-09 22:00;0.4000;1.2946;7.8600;-0.8946;-7.4600
2024-07-09 23:00;0.4100;1.2946;7.8400;-0.8846;-7.4300
2024-07-10 00:00;0.4100;1.2946;7.8100;-0.8846;-7.4000
2024-07-10 01:00;0.4100;1.2946;7.7900;-0.8846;-7.3800
2024-07-10 02:00;0.4100;1.2946;7.7700;-0.8846;-7.3600
2024-07-10 03:00;0.4100;1.2946;7.7500;-0.8846;-7.3400
2024-07-10 04:00;0.4100;1.2946;7.7300;-0.8846;-7.3200
2024-07-10 05:00;0.4000;1.2946;7.7100;-0.8946;-7.3100
2024-07-10 06:00;0.4000;1.2946;7.6800;-0.8946;-7.2800
2024-07-10 07:00;0.4000;1.2946;7.6600;-0.8946;-7.2600
2024-07-10 08:00;0.4000;1.2946;7.6400;-0.8946;-7.2400
2024-07-10 09:00;0.4000;1.2946;7.6200;-0.8946;-7.2200
2024-07-10 10:00;0.4000;1.2946;7.6000;-0.8946;-7.2000
2024-07-10 11:00;0.4000;1.2946;7.5800;-0.8946;-7.1800
2024-07-10 12:00;0.3900;1.2946;7.5600;-0.9046;-7.1700
2024-07-10 13:00;0.3900;1.2946;7.5400;-0.9046;-7.1500
2024-07-10 14:00;0.3900;1.2946;7.5200;-0.9046;-7.1300
2024-07-10 15:00;0.3900;1.2946;7.5000;-0.9046;-7.1100
2024-07-10 16:00;0.3900;1.2946;7.4800;-0.9046;-7.0900
2024-07-10 17:00;0.3900;1.2946;7.4600;-0.9046;-7.0700
2024-07-10 18:00;0.3900;1.2946;7.4400;-0.9046;-7.0500
2024-07-10 19:00;0.3900;1.2946;7.4300;-0.9046;-7.0400
2024-07-10 20:00;0.3800;1.2946;7.4100;-0.9146;-7.0300
2024-07-10 21:00;0.3800;1.2946;7.3900;-0.9146;-7.0100
2024-07-10 22:00;0.3800;1.2946;7.3700;-0.9146;-6.9900
2024-07-10 23:00;0.3800;1.2946;7.3500;-0.9146;-6.9700
2024-07-11 00:00;0.3800;1.2946;7.3300;-0.9146;-6.9500
2024-07-11 01:00;0.3800;1.2946;7.3100;-0.9146;-6.9300
2024-07-11 02:00;0.3800;1.2946;7.2900;-0.9146;-6.9100
2024-07-11 03:00;0.3800;1.2946;7.2700;-0.9146;-6.8900
2024-07-11 04:00;0.3900;1.2946;7.2500;-0.9046;-6.8600
2024-07-11 05:00;0.3900;1.2946;7.2300;-0.9046;-6.8400
2024-07-11 06:00;0.3900;1.2946;7.2100;-0.9046;-6.8200
2024-07-11 07:00;0.3900;1.2946;7.1900;-0.9046;-6.8000
2024-07-11 08:00;0.3900;1.2946;7.1700;-0.9046;-6.7800
2024-07-11 09:00;0.3900;1.2946;7.1600;-0.9046;-6.7700
2024-07-11 10:00;0.3900;1.2946;7.1400;-0.9046;-6.7500
2024-07-11 11:00;0.3900;1.2946;7.1200;-0.9046;-6.7300
2024-07-11 12:00;0.3900;1.2946;7.1000;-0.9046;-6.7100
2024-07-11 13:00;0.3900;1.2946;7.0800;-0.9046;-6.6900
2024-07-11 14:00;0.3800;1.2946;7.0700;-0.9146;-6.6900
2024-07-11 15:00;0.3800;1.2946;7.0500;-0.9146;-6.6700
2024-07-11 16:00;0.3800;1.2946;7.0300;-0.9146;-6.6500
2024-07-11 17:00;0.3800;1.2946;7.0200;-0.9146;-6.6400
2024-07-11 18:00;0.3700;1.2946;7.0000;-0.9246;-6.6300
2024-07-11 19:00;0.3700;1.2946;6.9800;-0.9246;-6.6100
2024-07-11 20:00;0.3800;1.2946;6.9700;-0.9146;-6.5900
2024-07-11 21:00;0.3800;1.2946;6.9500;-0.9146;-6.5700
2024-07-11 22:00;0.3800;1.2946;6.9300;-0.9146;-6.5500
2024-07-11 23:00;0.3800;1.2946;6.9200;-0.9146;-6.5400
2024-07-12 00:00;0.3900;1.2946;6.9000;-0.9046;-6.5100
2024-07-12 01:00;0.4000;1.2946;6.8800;-0.8946;-6.4800
2024-07-12 02:00;0.4100;1.2946;6.8700;-0.8846;-6.4600
2024-07-12 03:00;0.4200;1.2946;6.8500;-0.8746;-6.4300
2024-07-12 04:00;0.4300;1.2946;6.8300;-0.8646;-6.4000
2024-07-12 05:00;0.4400;1.2946;6.8100;-0.8546;-6.3700
2024-07-12 06:00;0.7300;1.2946;6.8000;-0.5646;-6.0700
2024-07-12 07:00;1.6200;1.2946;6.7800;0.3254;-5.1600
2024-07-12 08:00;1.9100;1.2946;6.7600;0.6154;-4.8500
2024-07-12 09:00;1.9100;1.2946;6.7500;0.6154;-4.8400
2024-07-12 10:00;1.9100;1.2946;6.7300;0.6154;-4.8200
2024-07-12 11:00;1.6200;1.2946;6.7200;0.3254;-5.1000
2024-07-12 12:00;1.9100;1.2946;6.7000;0.6154;-4.7900
2024-07-12 13:00;1.6200;1.2946;6.6800;0.3254;-5.0600
2024-07-12 14:00;1.9100;1.2946;6.6700;0.6154;-4.7600
2024-07-12 15:00;1.3200;1.2946;6.6500;0.0254;-5.3300
2024-07-12 16:00;1.0300;1.2946;6.6400;-0.2646;-5.6100
2024-07-12 17:00;0.7300;1.2946;6.6200;-0.5646;-5.8900
2024-07-12 18:00;0.4400;1.2946;6.6100;-0.8546;-6.1700
2024-07-12 19:00;0.4400;1.2946;6.6000;-0.8546;-6.1600
2024-07-12 20:00;0.4300;1.2946;6.5800;-0.8646;-6.1500
2024-07-12 21:00;0.4300;1.2946;6.5700;-0.8646;-6.1400
2024-07-12 22:00;0.4200;1.2946;6.5500;-0.8746;-6.1300
2024-07-12 23:00;0.4200;1.2946;6.5400;-0.8746;-6.1200
2024-07-13 00:00;0.4200;1.2946;6.5200;-0.8746;-6.1000
2024-07-13 01:00;0.4100;1.2946;6.5100;-0.8846;-6.1000
2024-07-13 02:00;0.4100;1.2946;6.4900;-0.8846;-6.0800
2024-07-13 03:00;0.4100;1.2946;6.4700;-0.8846;-6.0600
2024-07-13 04:00;0.4100;1.2946;6.4600;-0.8846;-6.0500
2024-07-13 05:00;0.4100;1.2946;6.4400;-0.8846;-6.0300
2024-07-13 06:00;0.4000;1.2946;6.4300;-0.8946;-6.0300
2024-07-13 07:00;0.4000;1.2946;6.4100;-0.8946;-6.0100
2024-07-13 08:00;0.4000;1.2946;6.4000;-0.8946;-6.0000
2024-07-13 09:00;0.4000;1.2946;6.3800;-0.8946;-5.9800
2024-07-13 10:00;0.4000;1.2946;6.3700;-0.8946;-5.9700
2024-07-13 11:00;0.4000;1.2946;6.3500;-0.8946;-5.9500
2024-07-13 12:00;0.4000;1.2946;6.3400;-0.8946;-5.9400
2024-07-13 13:00;0.4000;1.2946;6.3300;-0.8946;-5.9300
2024-07-13 14:00;0.4000;1.2946;6.3100;-0.8946;-5.9100
2024-07-13 15:00;0.3900;1.2946;6.3000;-0.9046;-5.9100
2024-07-13 16:00;0.3900;1.2946;6.2900;-0.9046;-5.9000
2024-07-13 17:00;0.3900;1.2946;6.2700;-0.9046;-5.8800
2024-07-13 18:00;0.3900;1.2946;6.2600;-0.9046;-5.8700
2024-07-13 19:00;0.3900;1.2946;6.2500;-0.9046;-5.8600
2024-07-13 20:00;0.3800;1.2946;6.2300;-0.9146;-5.8500
2024-07-13 21:00;0.3800;1.2946;6.2200;-0.9146;-5.8400
2024-07-13 22:00;0.3800;1.2946;6.2100;-0.9146;-5.8300
2024-07-13 23:00;0.3800;1.2946;6.1900;-0.9146;-5.8100
2024-07-14 00:00;0.3800;1.2946;6.1800;-0.9146;-5.8000
2024-07-14 01:00;0.3800;1.2946;6.1700;-0.9146;-5.7900
2024-07-14 02:00;0.3800;1.2946;6.1500;-0.9146;-5.7700
2024-07-14 03:00;0.3800;1.2946;6.1400;-0.9146;-5.7600
2024-07-14 04:00;0.3800;1.2946;6.1300;-0.9146;-5.7500
2024-07-14 05:00;0.3800;1.2946;6.1100;-0.9146;-5.7300
2024-07-14 06:00;0.3800;1.2946;6.1000;-0.9146;-5.7200
2024-07-14 07:00;0.3800;1.2946;6.0900;-0.9146;-5.7100
2024-07-14 08:00;0.3900;1.2946;6.0700;-0.9046;-5.6800
2024-07-14 09:00;0.3800;1.2946;6.0600;-0.9146;-5.6800
2024-07-14 10:00;0.3800;1.2946;6.0500;-0.9146;-5.6700
2024-07-14 11:00;0.3800;1.2946;6.0400;-0.9146;-5.6600
2024-07-14 12:00;0.3800;1.2946;6.0200;-0.9146;-5.6400
2024-07-14 13:00;0.3800;1.2946;6.0100;-0.9146;-5.6300
2024-07-14 14:00;0.3800;1.2946;6.0000;-0.9146;-5.6200
2024-07-14 15:00;0.3700;1.2946;5.9900;-0.9246;-5.6200
2024-07-14 16:00;0.3700;1.2946;5.9700;-0.9246;-5.6000
2024-07-14 17:00;0.3700;1.2946;5.9600;-0.9246;-5.5900
2024-07-14 18:00;0.3600;1.2946;5.9500;-0.9346;-5.5900
2024-07-14 19:00;0.3600;1.2946;5.9400;-0.9346;-5.5800
2024-07-14 20:00;0.3600;1.2946;5.9300;-0.9346;-5.5700
2024-07-14 21:00;0.3600;1.2946;5.9200;-0.9346;-5.5600
2024-07-14 22:00;0.3600;1.2946;5.9000;-0.9346;-5.5400
2024-07-14 23:00;0.3600;1.2946;5.8900;-0.9346;-5.5300
2024-07-15 00:00;0.3500;1.2946;5.8800;-0.9446;-5.5300
2024-07-15 01:00;0.3500;1.2946;5.8700;-0.9446;-5.5200
2024-07-15 02:00;0.3500;1.2946;5.8500;-0.9446;-5.5000
2024-07-15 03:00;0.3500;1.2946;5.8400;-0.9446;-5.4900
2024-07-15 04:00;0.3500;1.2946;5.8300;-0.9446;-5.4800
2024-07-15 05:00;0.3400;1.2946;5.8200;-0.9546;-5.4800
2024-07-15 06:00;0.3400;1.2946;5.8100;-0.9546;-5.4700
2024-07-15 07:00;0.3400;1.2946;5.7900;-0.9546;-5.4500
2024-07-15 08:00;0.3500;1.2946;5.7800;-0.9446;-5.4300
2024-07-15 09:00;0.3500;1.2946;5.7700;-0.9446;-5.4200
2024-07-15 10:00;0.3500;1.2946;5.7600;-0.9446;-5.4100
2024-07-15 11:00;0.3500;1.2946;5.7500;-0.9446;-5.4000
2024-07-15 12:00;0.3500;1.2946;5.7300;-0.9446;-5.3800
2024-07-15 13:00;0.3500;1.2946;5.7200;-0.9446;-5.3700
2024-07-15 14:00;0.3500;1.2946;5.7100;-0.9446;-5.3600
2024-07-15 15:00;0.3500;1.2946;5.7000;-0.9446;-5.3500
2024-07-15 16:00;0.3400;1.2946;5.6900;-0.9546;-5.3500
2024-07-15 17:00;0.3400;1.2946;5.6800;-0.9546;-5.3400
2024-07-15 18:00;0.3400;1.2946;5.6700;-0.9546;-5.3300
2024-07-15 19:00;0.3500;1.2946;5.6600;-0.9446;-5.3100
2024-07-15 20:00;0.3600;1.2946;5.6500;-0.9346;-5.2900
2024-07-15 21:00;0.3600;1.2946;5.6400;-0.9346;-5.2800
2024-07-15 22:00;0.3600;1.2946;5.6200;-0.9346;-5.2600
2024-07-15 23:00;0.3500;1.2946;5.6100;-0.9446;-5.2600
2024-07-16 00:00;0.3500;1.2946;5.6000;-0.9446;-5.2500
2024-07-16 01:00;0.3500;1.2946;5.5900;-0.9446;-5.2400
2024-07-16 02:00;0.3500;1.2946;5.5800;-0.9446;-5.2300
2024-07-16 03:00;0.3500;1.2946;5.5700;-0.9446;-5.2200
2024-07-16 04:00;0.3600;1.2946;5.5600;-0.9346;-5.2000
2024-07-16 05:00;0.3600;1.2946;5.5400;-0.9346;-5.1800
2024-07-16 06:00;0.3500;1.2946;5.5300;-0.9446;-5.1800
2024-07-16 07:00;0.3500;1.2946;5.5200;-0.9446;-5.1700
2024-07-16 08:00;0.3500;1.2946;5.5100;-0.9446;-5.1600
2024-07-16 09:00;0.3500;1.2946;5.5000;-0.9446;-5.1500
2024-07-16 10:00;0.3500;1.2946;5.4900;-0.9446;-5.1400
2024-07-16 11:00;0.3400;1.2946;5.4800;-0.9546;-5.1400
2024-07-16 12:00;0.3400;1.2946;5.4700;-0.9546;-5.1300
2024-07-16 13:00;0.3300;1.2946;5.4600;-0.9646;-5.1300
2024-07-16 14:00;0.3300;1.2946;5.4500;-0.9646;-5.1200
2024-07-16 15:00;0.3300;1.2946;5.4400;-0.9646;-5.1100
2024-07-16 16:00;0.3200;1.2946;5.4300;-0.9746;-5.1100
2024-07-16 17:00;0.3100;1.2946;5.4200;-0.9846;-5.1100
2024-07-16 18:00;0.3000;1.2946;5.4100;-0.9946;-5.1100
2024-07-16 19:00;0.2900;1.2946;5.4000;-1.0046;-5.1100
2024-07-16 20:00;0.2800;1.2946;5.3900;-1.0146;-5.1100
2024-07-16 21:00;0.2800;1.2946;5.3800;-1.0146;-5.1000
2024-07-16 22:00;0.2800;1.2946;5.3700;-1.0146;-5.0900
2024-07-16 23:00;0.2700;1.2946;5.3600;-1.0246;-5.0900
2024-07-17 00:00;0.2700;1.2946;5.3500;-1.0246;-5.0800
2024-07-17 01:00;0.2700;1.2946;5.3400;-1.0246;-5.0700
2024-07-17 02:00;0.2800;1.2946;5.3300;-1.0146;-5.0500
2024-07-17 03:00;0.2800;1.2946;5.3100;-1.0146;-5.0300
2024-07-17 04:00;0.2900;1.2946;5.3000;-1.0046;-5.0100
2024-07-17 05:00;0.2900;1.2946;5.2900;-1.0046;-5.0000
2024-07-17 06:00;0.2900;1.2946;5.2800;-1.0046;-4.9900
2024-07-17 07:00;0.2900;1.2946;5.2700;-1.0046;-4.9800
2024-07-17 08:00;0.2900;1.2946;5.2600;-1.0046;-4.9700
2024-07-17 09:00;0.2900;1.2946;5.2500;-1.0046;-4.9600
2024-07-17 10:00;0.2900;1.2946;5.2400;-1.0046;-4.9500
2024-07-17 11:00;0.2800;1.2946;5.2300;-1.0146;-4.9500
2024-07-17 12:00;0.2800;1.2946;5.2200;-1.0146;-4.9400
2024-07-17 13:00;0.2800;1.2946;5.2100;-1.0146;-4.9300
2024-07-17 14:00;0.2700;1.2946;5.2100;-1.0246;-4.9400
2024-07-17 15:00;0.2600;1.2946;5.2000;-1.0346;-4.9400
2024-07-17 16:00;0.2500;1.2946;5.1900;-1.0446;-4.9400
2024-07-17 17:00;0.2400;1.2946;5.1800;-1.0546;-4.9400
2024-07-17 18:00;0.2300;1.2946;5.1700;-1.0646;-4.9400
2024-07-17 19:00;0.2300;1.2946;5.1600;-1.0646;-4.9300
2024-07-17 20:00;0.2300;1.2946;5.1500;-1.0646;-4.9200
2024-07-17 21:00;0.2300;1.2946;5.1400;-1.0646;-4.9100
2024-07-17 22:00;0.2200;1.2946;5.1300;-1.0746;-4.9100
2024-07-17 23:00;0.2200;1.2946;5.1200;-1.0746;-4.9000
2024-07-18 00:00;0.2200;1.2946;5.1100;-1.0746;-4.8900
2024-07-18 01:00;0.2200;1.2946;5.1000;-1.0746;-4.8800
2024-07-18 02:00;0.2300;1.2946;5.0900;-1.0646;-4.8600
2024-07-18 03:00;0.2400;1.2946;5.0800;-1.0546;-4.8400
2024-07-18 04:00;0.2500;1.2946;5.0700;-1.0446;-4.8200
2024-07-18 05:00;0.2500;1.2946;5.0600;-1.0446;-4.8100
2024-07-18 06:00;0.2500;1.2946;5.0600;-1.0446;-4.8100
2024-07-18 07:00;0.2500;1.2946;5.0500;-1.0446;-4.8000
2024-07-18 08:00;0.2500;1.2946;5.0400;-1.0446;-4.7900
2024-07-18 09:00;0.2500;1.2946;5.0300;-1.0446;-4.7800
2024-07-18 10:00;0.2400;1.2946;5.0200;-1.0546;-4.7800
2024-07-18 11:00;0.2400;1.2946;5.0100;-1.0546;-4.7700
2024-07-18 12:00;0.2400;1.2946;5.0000;-1.0546;-4.7600
2024-07-18 13:00;0.2400;1.2946;4.9900;-1.0546;-4.7500
2024-07-18 14:00;0.2400;1.2946;4.9800;-1.0546;-4.7400
2024-07-18 15:00;0.2300;1.2946;4.9700;-1.0646;-4.7400
2024-07-18 16:00;0.2200;1.2946;4.9600;-1.0746;-4.7400
2024-07-18 17:00;0.2000;1.2946;4.9600;-1.0946;-4.7600
2024-07-18 18:00;0.1900;1.2946;4.9500;-1.1046;-4.7600
2024-07-18 19:00;0.1800;1.2946;4.9400;-1.1146;-4.7600
2024-07-18 20:00;0.1800;1.2946;4.9300;-1.1146;-4.7500
2024-07-18 21:00;0.1800;1.2946;4.9200;-1.1146;-4.7400
2024-07-18 22:00;0.2000;1.2946;4.9100;-1.0946;-4.7100
2024-07-18 23:00;0.2100;1.2946;4.9000;-1.0846;-4.6900
2024-07-19 00:00;0.2100;1.2946;4.9000;-1.0846;-4.6900
2024-07-19 01:00;0.2000;1.2946;4.8900;-1.0946;-4.6900
2024-07-19 02:00;0.2000;1.2946;4.8800;-1.0946;-4.6800
2024-07-19 03:00;0.2000;1.2946;4.8700;-1.0946;-4.6700
2024-07-19 04:00;0.2100;1.2946;4.8600;-1.0846;-4.6500
2024-07-19 05:00;0.2200;1.2946;4.8500;-1.0746;-4.6300
2024-07-19 06:00;0.2100;1.2946;4.8400;-1.0846;-4.6300
2024-07-19 07:00;0.2000;1.2946;4.8300;-1.0946;-4.6300
2024-07-19 08:00;0.1800;1.2946;4.8300;-1.1146;-4.6500
2024-07-19 09:00;0.1800;1.2946;4.8200;-1.1146;-4.6400
2024-07-19 10:00;0.1800;1.2946;4.8100;-1.1146;-4.6300
2024-07-19 11:00;0.1900;1.2946;4.8000;-1.1046;-4.6100
2024-07-19 12:00;0.1900;1.2946;4.7900;-1.1046;-4.6000
2024-07-19 13:00;0.1800;1.2946;4.7800;-1.1146;-4.6000
2024-07-19 14:00;0.1800;1.2946;4.7700;-1.1146;-4.5900
2024-07-19 15:00;0.1900;1.2946;4.7700;-1.1046;-4.5800
2024-07-19 16:00;0.1800;1.2946;4.7600;-1.1146;-4.5800
2024-07-19 17:00;0.1900;1.2946;4.7500;-1.1046;-4.5600
2024-07-19 18:00;0.1900;1.2946;4.7400;-1.1046;-4.5500
2024-07-19 19:00;0.1800;1.2946;4.7300;-1.1146;-4.5500
2024-07-19 20:00;0.1900;1.2946;4.7300;-1.1046;-4.5400
2024-07-19 21:00;0.1900;1.2946;4.7200;-1.1046;-4.5300
2024-07-19 22:00;0.1800;1.2946;4.7100;-1.1146;-4.5300
2024-07-19 23:00;0.1800;1.2946;4.7000;-1.1146;-4.5200
2024-07-20 00:00;0.1900;1.2946;4.7000;-1.1046;-4.5100
2024-07-20 01:00;0.2000;1.2946;4.6900;-1.0946;-4.4900
2024-07-20 02:00;0.2000;1.2946;4.7000;-1.0946;-4.5000
2024-07-20 03:00;0.2000;1.2946;4.7400;-1.0946;-4.5400
2024-07-20 04:00;0.2100;1.2946;4.8400;-1.0846;-4.6300
2024-07-20 05:00;0.2100;1.2946;5.0200;-1.0846;-4.8100
2024-07-20 06:00;0.2000;1.2946;5.2700;-1.0946;-5.0700
2024-07-20 07:00;0.1900;1.2946;5.5400;-1.1046;-5.3500
2024-07-20 08:00;0.1800;1.2946;5.7800;-1.1146;-5.6000
2024-07-20 09:00;0.1800;1.2946;5.9500;-1.1146;-5.7700
2024-07-20 10:00;0.1700;1.2946;6.0400;-1.1246;-5.8700
2024-07-20 11:00;0.1800;1.2946;6.0700;-1.1146;-5.8900
2024-07-20 12:00;0.1800;1.2946;6.0400;-1.1146;-5.8600
2024-07-20 13:00;0.1900;1.2946;5.9900;-1.1046;-5.8000
2024-07-20 14:00;0.2200;1.2946;5.9200;-1.0746;-5.7000
2024-07-20 15:00;0.2600;1.2946;5.8600;-1.0346;-5.6000
2024-07-20 16:00;0.2800;1.2946;5.7900;-1.0146;-5.5100
2024-07-20 17:00;0.3100;1.2946;5.7400;-0.9846;-5.4300
2024-07-20 18:00;0.3200;1.2946;5.6900;-0.9746;-5.3700
2024-07-20 19:00;0.3400;1.2946;5.6500;-0.9546;-5.3100
2024-07-20 20:00;0.3500;1.2946;5.6200;-0.9446;-5.2700
2024-07-20 21:00;0.3500;1.2946;5.5900;-0.9446;-5.2400
2024-07-20 22:00;0.3500;1.2946;5.5700;-0.9446;-5.2200
2024-07-20 23:00;0.3500;1.2946;5.5500;-0.9446;-5.2000
2024-07-21 00:00;0.3400;1.2946;5.5300;-0.9546;-5.1900
2024-07-21 01:00;0.3400;1.2946;5.5200;-0.9546;-5.1800
2024-07-21 02:00;0.3300;1.2946;5.5000;-0.9646;-5.1700
2024-07-21 03:00;0.3300;1.2946;5.4900;-0.9646;-5.1600
2024-07-21 04:00;0.3200;1.2946;5.4700;-0.9746;-5.1500
2024-07-21 05:00;0.3200;1.2946;5.4600;-0.9746;-5.1400
2024-07-21 06:00;0.3200;1.2946;5.4400;-0.9746;-5.1200
2024-07-21 07:00;0.3100;1.2946;5.4300;-0.9846;-5.1200
2024-07-21 08:00;0.2900;1.2946;5.4200;-1.0046;-5.1300
2024-07-21 09:00;0.2800;1.2946;5.4000;-1.0146;-5.1200
2024-07-21 10:00;0.2700;1.2946;5.3900;-1.0246;-5.1200
2024-07-21 11:00;0.2700;1.2946;5.3800;-1.0246;-5.1100
2024-07-21 12:00;0.2600;1.2946;5.3600;-1.0346;-5.1000
2024-07-21 13:00;0.2600;1.2946;5.3500;-1.0346;-5.0900
2024-07-21 14:00;0.2400;1.2946;5.3400;-1.0546;-5.1000
2024-07-21 15:00;0.2300;1.2946;5.3300;-1.0646;-5.1000
2024-07-21 16:00;0.2200;1.2946;5.3200;-1.0746;-5.1000
2024-07-21 17:00;0.2000;1.2946;5.3000;-1.0946;-5.1000
2024-07-21 18:00;0.1900;1.2946;5.2900;-1.1046;-5.1000
2024-07-21 19:00;0.1700;1.2946;5.2800;-1.1246;-5.1100
2024-07-21 20:00;0.1600;1.2946;5.2700;-1.1346;-5.1100
2024-07-21 21:00;0.1600;1.2946;5.2600;-1.1346;-5.1000
2024-07-21 22:00;0.1600;1.2946;5.2500;-1.1346;-5.0900
2024-07-21 23:00;0.1600;1.2946;5.2300;-1.1346;-5.0700
2024-07-22 00:00;0.1700;1.2946;5.2200;-1.1246;-5.0500
2024-07-22 01:00;0.2200;1.2946;5.2100;-1.0746;-4.9900
2024-07-22 02:00;0.2600;1.2946;5.2000;-1.0346;-4.9400
2024-07-22 03:00;0.2800;1.2946;5.1900;-1.0146;-4.9100
2024-07-22 04:00;0.2800;1.2946;5.1700;-1.0146;-4.8900
2024-07-22 05:00;0.2800;1.2946;5.1600;-1.0146;-4.8800
2024-07-22 06:00;0.2800;1.2946;5.1500;-1.0146;-4.8700
2024-07-22 07:00;0.2600;1.2946;5.1400;-1.0346;-4.8800
2024-07-22 08:00;0.2500;1.2946;5.1300;-1.0446;-4.8800
2024-07-22 09:00;0.2400;1.2946;5.1200;-1.0546;-4.8800
2024-07-22 10:00;0.2300;1.2946;5.1100;-1.0646;-4.8800
2024-07-22 11:00;0.2100;1.2946;5.1000;-1.0846;-4.8900
2024-07-22 12:00;0.1900;1.2946;5.1000;-1.1046;-4.9100
2024-07-22 13:00;0.1800;1.2946;5.1000;-1.1146;-4.9200
2024-07-22 14:00;0.1800;1.2946;5.1000;-1.1146;-4.9200
2024-07-22 15:00;0.1900;1.2946;5.1000;-1.1046;-4.9100
2024-07-22 16:00;0.2300;1.2946;5.1000;-1.0646;-4.8700
2024-07-22 17:00;0.2400;1.2946;5.1200;-1.0546;-4.8800
2024-07-22 18:00;0.2200;1.2946;5.1300;-1.0746;-4.9100
2024-07-22 19:00;0.2100;1.2946;5.1500;-1.0846;-4.9400
2024-07-22 20:00;0.1900;1.2946;5.1700;-1.1046;-4.9800
2024-07-22 21:00;0.1700;1.2946;5.1800;-1.1246;-5.0100
2024-07-22 22:00;0.1600;1.2946;5.2000;-1.1346;-5.0400
2024-07-22 23:00;0.1600;1.2946;5.2100;-1.1346;-5.0500
2024-07-23 00:00;0.1800;1.2946;5.2200;-1.1146;-5.0400
2024-07-23 01:00;0.2100;1.2946;5.2200;-1.0846;-5.0100
2024-07-23 02:00;0.2300;1.2946;5.2300;-1.0646;-5.0000
2024-07-23 03:00;0.2600;1.2946;5.2500;-1.0346;-4.9900
2024-07-23 04:00;0.2900;1.2946;5.2700;-1.0046;-4.9800
2024-07-23 05:00;0.3100;1.2946;5.3200;-0.9846;-5.0100
2024-07-23 06:00;0.3300;1.2946;5.3800;-0.9646;-5.0500
2024-07-23 07:00;0.3400;1.2946;5.4500;-0.9546;-5.1100
2024-07-23 08:00;0.3500;1.2946;5.5200;-0.9446;-5.1700
2024-07-23 09:00;0.3600;1.2946;5.5900;-0.9346;-5.2300
2024-07-23 10:00;0.3600;1.2946;5.6500;-0.9346;-5.2900
2024-07-23 11:00;0.3600;1.2946;5.7000;-0.9346;-5.3400
2024-07-23 12:00;0.3600;1.2946;5.7400;-0.9346;-5.3800
2024-07-23 13:00;0.3500;1.2946;5.7600;-0.9446;-5.4100
2024-07-23 14:00;0.3500;1.2946;5.7700;-0.9446;-5.4200
2024-07-23 15:00;0.3300;1.2946;5.7700;-0.9646;-5.4400
2024-07-23 16:00;0.3200;1.2946;5.7700;-0.9746;-5.4500
2024-07-23 17:00;0.3100;1.2946;5.7600;-0.9846;-5.4500
2024-07-23 18:00;0.2900;1.2946;5.7400;-1.0046;-5.4500
2024-07-23 19:00;0.2700;1.2946;5.7300;-1.0246;-5.4600
2024-07-23 20:00;0.2600;1.2946;5.7200;-1.0346;-5.4600
2024-07-23 21:00;0.2300;1.2946;5.7000;-1.0646;-5.4700
2024-07-23 22:00;0.1900;1.2946;5.6800;-1.1046;-5.4900
2024-07-23 23:00;0.1300;1.2946;5.6700;-1.1646;-5.5400
2024-07-24 00:00;0.1300;1.2946;5.6500;-1.1646;-5.5200
2024-07-24 01:00;0.1500;1.2946;5.6300;-1.1446;-5.4800
2024-07-24 02:00;0.1600;1.2946;5.6200;-1.1346;-5.4600
2024-07-24 03:00;0.1700;1.2946;5.6000;-1.1246;-5.4300
2024-07-24 04:00;0.1800;1.2946;5.5900;-1.1146;-5.4100
2024-07-24 05:00;0.2000;1.2946;5.5700;-1.0946;-5.3700
2024-07-24 06:00;0.2000;1.2946;5.5500;-1.0946;-5.3500
2024-07-24 07:00;0.2000;1.2946;5.5400;-1.0946;-5.3400
2024-07-24 08:00;0.1900;1.2946;5.5200;-1.1046;-5.3300
2024-07-24 09:00;0.1800;1.2946;5.5100;-1.1146;-5.3300
2024-07-24 10:00;0.1700;1.2946;5.4900;-1.1246;-5.3200
2024-07-24 11:00;0.1700;1.2946;5.4800;-1.1246;-5.3100
2024-07-24 12:00;0.1900;1.2946;5.4600;-1.1046;-5.2700
2024-07-24 13:00;0.2000;1.2946;5.4500;-1.0946;-5.2500
2024-07-24 14:00;0.2200;1.2946;5.4300;-1.0746;-5.2100
2024-07-24 15:00;0.2200;1.2946;5.4200;-1.0746;-5.2000
2024-07-24 16:00;0.2200;1.2946;5.4100;-1.0746;-5.1900
2024-07-24 17:00;0.2100;1.2946;5.4000;-1.0846;-5.1900
2024-07-24 18:00;0.2000;1.2946;5.3900;-1.0946;-5.1900
2024-07-24 19:00;0.1900;1.2946;5.3800;-1.1046;-5.1900
2024-07-24 20:00;0.2000;1.2946;5.3800;-1.0946;-5.1800
2024-07-24 21:00;0.2300;1.2946;5.3900;-1.0646;-5.1600
2024-07-24 22:00;0.2600;1.2946;5.4000;-1.0346;-5.1400
2024-07-24 23:00;0.2700;1.2946;5.4100;-1.0246;-5.1400
2024-07-25 00:00;0.2800;1.2946;5.4100;-1.0146;-5.1300
2024-07-25 01:00;0.2700;1.2946;5.4100;-1.0246;-5.1400
2024-07-25 02:00;0.2700;1.2946;5.4000;-1.0246;-5.1300
2024-07-25 03:00;0.2700;1.2946;5.3800;-1.0246;-5.1100
2024-07-25 04:00;0.2600;1.2946;5.3700;-1.0346;-5.1100
2024-07-25 05:00;0.2500;1.2946;5.3500;-1.0446;-5.1000
2024-07-25 06:00;0.2400;1.2946;5.3400;-1.0546;-5.1000
2024-07-25 07:00;0.2200;1.2946;5.3300;-1.0746;-5.1100
2024-07-25 08:00;0.2000;1.2946;5.3100;-1.0946;-5.1100
2024-07-25 09:00;0.1900;1.2946;5.3000;-1.1046;-5.1100
2024-07-25 10:00;0.1900;1.2946;5.2900;-1.1046;-5.1000
2024-07-25 11:00;0.1900;1.2946;5.2800;-1.1046;-5.0900
2024-07-25 12:00;0.1900;1.2946;5.2600;-1.1046;-5.0700
2024-07-25 13:00;0.2100;1.2946;5.2500;-1.0846;-5.0400
2024-07-25 14:00;0.2300;1.2946;5.2400;-1.0646;-5.0100
2024-07-25 15:00;0.2300;1.2946;5.2300;-1.0646;-5.0000
2024-07-25 16:00;0.2200;1.2946;5.2200;-1.0746;-5.0000
2024-07-25 17:00;0.2000;1.2946;5.2100;-1.0946;-5.0100
2024-07-25 18:00;0.1800;1.2946;5.2000;-1.1146;-5.0200
2024-07-25 19:00;0.1500;1.2946;5.1900;-1.1446;-5.0400
2024-07-25 20:00;0.1300;1.2946;5.1800;-1.1646;-5.0500
2024-07-25 21:00;0.1200;1.2946;5.1700;-1.1746;-5.0500
2024-07-25 22:00;0.1200;1.2946;5.1500;-1.1746;-5.0300
2024-07-25 23:00;0.1400;1.2946;5.1400;-1.1546;-5.0000
2024-07-26 00:00;0.1500;1.2946;5.1300;-1.1446;-4.9800
2024-07-26 01:00;0.1600;1.2946;5.1200;-1.1346;-4.9600
2024-07-26 02:00;0.1700;1.2946;5.1100;-1.1246;-4.9400
2024-07-26 03:00;0.1800;1.2946;5.1000;-1.1146;-4.9200
2024-07-26 04:00;0.1900;1.2946;5.0800;-1.1046;-4.8900
2024-07-26 05:00;0.1900;1.2946;5.0700;-1.1046;-4.8800
2024-07-26 06:00;0.1900;1.2946;5.0600;-1.1046;-4.8700
2024-07-26 07:00;0.1800;1.2946;5.0500;-1.1146;-4.8700
2024-07-26 08:00;0.1800;1.2946;5.0400;-1.1146;-4.8600
2024-07-26 09:00;0.1700;1.2946;5.0300;-1.1246;-4.8600
2024-07-26 10:00;0.1500;1.2946;5.0100;-1.1446;-4.8600
2024-07-26 11:00;0.1500;1.2946;5.0000;-1.1446;-4.8500
2024-07-26 12:00;0.1500;1.2946;4.9900;-1.1446;-4.8400
2024-07-26 13:00;0.1400;1.2946;4.9800;-1.1546;-4.8400
2024-07-26 14:00;0.1300;1.2946;4.9700;-1.1646;-4.8400
2024-07-26 15:00;0.1300;1.2946;4.9600;-1.1646;-4.8300
2024-07-26 16:00;0.1300;1.2946;4.9500;-1.1646;-4.8200
2024-07-26 17:00;0.1200;1.2946;4.9400;-1.1746;-4.8200
2024-07-26 18:00;0.1000;1.2946;4.9300;-1.1946;-4.8300
2024-07-26 19:00;0.0900;1.2946;4.9200;-1.2046;-4.8300
2024-07-26 20:00;0.1100;1.2946;4.9100;-1.1846;-4.8000
2024-07-26 21:00;0.1400;1.2946;4.9000;-1.1546;-4.7600
2024-07-26 22:00;0.1700;1.2946;4.8900;-1.1246;-4.7200
2024-07-26 23:00;0.1900;1.2946;4.8800;-1.1046;-4.6900
2024-07-27 00:00;0.2100;1.2946;4.8700;-1.0846;-4.6600
2024-07-27 01:00;0.2200;1.2946;4.8600;-1.0746;-4.6400
2024-07-27 02:00;0.2300;1.2946;4.8400;-1.0646;-4.6100
2024-07-27 03:00;0.2400;1.2946;4.8300;-1.0546;-4.5900
2024-07-27 04:00;0.2400;1.2946;4.8200;-1.0546;-4.5800
2024-07-27 05:00;0.2400;1.2946;4.8100;-1.0546;-4.5700
2024-07-27 06:00;0.2400;1.2946;4.8000;-1.0546;-4.5600
2024-07-27 07:00;0.2400;1.2946;4.7900;-1.0546;-4.5500
2024-07-27 08:00;0.2400;1.2946;4.7800;-1.0546;-4.5400
2024-07-27 09:00;0.2300;1.2946;4.7700;-1.0646;-4.5400
2024-07-27 10:00;0.2300;1.2946;4.7600;-1.0646;-4.5300
2024-07-27 11:00;0.2200;1.2946;4.7500;-1.0746;-4.5300
2024-07-27 12:00;0.2100;1.2946;4.7400;-1.0846;-4.5300
2024-07-27 13:00;0.2000;1.2946;4.7300;-1.0946;-4.5300
2024-07-27 14:00;0.2000;1.2946;4.7200;-1.0946;-4.5200
2024-07-27 15:00;0.1900;1.2946;4.7100;-1.1046;-4.5200
2024-07-27 16:00;0.1800;1.2946;4.7000;-1.1146;-4.5200
2024-07-27 17:00;0.1800;1.2946;4.6900;-1.1146;-4.5100
2024-07-27 18:00;0.1800;1.2946;4.6800;-1.1146;-4.5000
2024-07-27 19:00;0.1800;1.2946;4.6700;-1.1146;-4.4900
2024-07-27 20:00;0.1700;1.2946;4.6600;-1.1246;-4.4900
2024-07-27 21:00;0.1700;1.2946;4.6500;-1.1246;-4.4800
2024-07-27 22:00;0.1700;1.2946;4.6500;-1.1246;-4.4800
2024-07-27 23:00;0.1700;1.2946;4.6400;-1.1246;-4.4700
2024-07-28 00:00;0.1600;1.2946;4.6300;-1.1346;-4.4700
2024-07-28 01:00;0.1600;1.2946;4.6200;-1.1346;-4.4600
2024-07-28 02:00;0.1800;1.2946;4.6100;-1.1146;-4.4300
2024-07-28 03:00;0.2000;1.2946;4.6000;-1.0946;-4.4000
2024-07-28 04:00;0.2100;1.2946;4.5900;-1.0846;-4.3800
2024-07-28 05:00;0.2100;1.2946;4.5800;-1.0846;-4.3700
2024-07-28 06:00;0.2100;1.2946;4.5700;-1.0846;-4.3600
2024-07-28 07:00;0.2100;1.2946;4.5600;-1.0846;-4.3500
2024-07-28 08:00;0.2000;1.2946;4.5500;-1.0946;-4.3500
2024-07-28 09:00;0.1900;1.2946;4.5400;-1.1046;-4.3500
2024-07-28 10:00;0.1900;1.2946;4.5300;-1.1046;-4.3400
2024-07-28 11:00;0.1800;1.2946;4.5200;-1.1146;-4.3400
2024-07-28 12:00;0.1700;1.2946;4.5100;-1.1246;-4.3400
2024-07-28 13:00;0.1700;1.2946;4.5000;-1.1246;-4.3300
2024-07-28 14:00;0.1800;1.2946;4.5000;-1.1146;-4.3200
2024-07-28 15:00;0.2100;1.2946;4.4900;-1.0846;-4.2800
2024-07-28 16:00;0.2200;1.2946;4.4800;-1.0746;-4.2600
2024-07-28 17:00;0.2200;1.2946;4.4700;-1.0746;-4.2500
2024-07-28 18:00;0.2100;1.2946;4.4600;-1.0846;-4.2500
2024-07-28 19:00;0.1900;1.2946;4.4500;-1.1046;-4.2600
2024-07-28 20:00;0.1800;1.2946;4.4400;-1.1146;-4.2600
2024-07-28 21:00;0.1700;1.2946;4.4400;-1.1246;-4.2700
2024-07-28 22:00;0.1600;1.2946;4.4300;-1.1346;-4.2700
2024-07-28 23:00;0.1600;1.2946;4.4200;-1.1346;-4.2600
2024-07-29 00:00;0.1800;1.2946;4.4100;-1.1146;-4.2300
2024-07-29 01:00;0.1700;1.2946;4.4000;-1.1246;-4.2300
2024-07-29 02:00;0.1600;1.2946;4.3900;-1.1346;-4.2300
2024-07-29 03:00;0.1700;1.2946;4.3800;-1.1246;-4.2100
2024-07-29 04:00;0.1800;1.2946;4.3800;-1.1146;-4.2000
2024-07-29 05:00;0.1700;1.2946;4.3700;-1.1246;-4.2000
2024-07-29 06:00;0.1600;1.2946;4.3600;-1.1346;-4.2000
2024-07-29 07:00;0.1500;1.2946;4.3500;-1.1446;-4.2000
2024-07-29 08:00;0.1300;1.2946;4.3400;-1.1646;-4.2100
2024-07-29 09:00;0.1300;1.2946;4.3300;-1.1646;-4.2000
2024-07-29 10:00;0.1200;1.2946;4.3200;-1.1746;-4.2000
2024-07-29 11:00;0.1200;1.2946;4.3200;-1.1746;-4.2000
2024-07-29 12:00;0.0600;1.2946;4.3100;-1.2346;-4.2500
2024-07-29 13:00;0.0600;1.2946;4.3000;-1.2346;-4.2400
2024-07-29 14:00;0.0700;1.2946;4.2900;-1.2246;-4.2200
2024-07-29 15:00;0.0800;1.2946;4.2800;-1.2146;-4.2000
2024-07-29 16:00;0.1000;1.2946;4.2800;-1.1946;-4.1800
2024-07-29 17:00;0.1100;1.2946;4.2700;-1.1846;-4.1600
2024-07-29 18:00;0.1200;1.2946;4.2600;-1.1746;-4.1400
2024-07-29 19:00;0.1300;1.2946;4.2500;-1.1646;-4.1200
2024-07-29 20:00;0.1300;1.2946;4.2500;-1.1646;-4.1200
2024-07-29 21:00;0.1400;1.2946;4.2400;-1.1546;-4.1000
2024-07-29 22:00;0.1500;1.2946;4.2300;-1.1446;-4.0800
2024-07-29 23:00;0.1800;1.2946;4.2200;-1.1146;-4.0400
2024-07-30 00:00;0.1900;1.2946;4.2200;-1.1046;-4.0300
2024-07-30 01:00;0.1900;1.2946;4.2100;-1.1046;-4.0200
2024-07-30 02:00;0.1700;1.2946;4.2000;-1.1246;-4.0300
2024-07-30 03:00;0.1500;1.2946;4.1900;-1.1446;-4.0400
2024-07-30 04:00;0.1100;1.2946;4.1900;-1.1846;-4.0800
2024-07-30 05:00;0.0800;1.2946;4.1800;-1.2146;-4.1000
2024-07-30 06:00;0.0700;1.2946;4.1700;-1.2246;-4.1000
2024-07-30 07:00;0.0700;1.2946;4.1600;-1.2246;-4.0900
2024-07-30 08:00;0.0800;1.2946;4.1600;-1.2146;-4.0800
2024-07-30 09:00;0.0800;1.2946;4.1500;-1.2146;-4.0700
2024-07-30 10:00;0.0900;1.2946;4.1400;-1.2046;-4.0500
2024-07-30 11:00;0.0900;1.2946;4.1300;-1.2046;-4.0400
2024-07-30 12:00;0.1700;1.2946;4.1300;-1.1246;-3.9600
2024-07-30 13:00;0.2000;1.2946;4.1200;-1.0946;-3.9200
2024-07-30 14:00;0.1700;1.2946;4.1100;-1.1246;-3.9400
2024-07-30 15:00;0.1200;1.2946;4.1000;-1.1746;-3.9800
2024-07-30 16:00;0.1000;1.2946;4.1000;-1.1946;-4.0000
2024-07-30 17:00;0.1200;1.2946;4.0900;-1.1746;-3.9700
2024-07-30 18:00;0.0700;1.2946;4.0800;-1.2246;-4.0100
2024-07-30 19:00;0.0100;1.2946;4.0800;-1.2846;-4.0700
2024-07-30 20:00;0.0900;1.2946;4.0700;-1.2046;-3.9800
2024-07-30 21:00;0.1500;1.2946;4.0600;-1.1446;-3.9100
2024-07-30 22:00;0.1700;1.2946;4.0600;-1.1246;-3.8900
2024-07-30 23:00;0.1700;1.2946;4.0500;-1.1246;-3.8800
2024-07-31 00:00;0.1600;1.2946;4.0400;-1.1346;-3.8800
2024-07-31 01:00;0.1600;1.2946;4.0300;-1.1346;-3.8700
2024-07-31 02:00;0.1600;1.2946;4.0300;-1.1346;-3.8700
2024-07-31 03:00;0.1700;1.2946;4.0200;-1.1246;-3.8500
2024-07-31 04:00;0.1800;1.2946;4.0100;-1.1146;-3.8300
2024-07-31 05:00;0.1800;1.2946;4.0100;-1.1146;-3.8300
2024-07-31 06:00;0.1900;1.2946;4.0000;-1.1046;-3.8100
2024-07-31 07:00;0.1900;1.2946;3.9900;-1.1046;-3.8000
2024-07-31 08:00;0.1900;1.2946;3.9800;-1.1046;-3.7900
2024-07-31 09:00;0.1900;1.2946;3.9800;-1.1046;-3.7900
2024-07-31 10:00;0.1900;1.2946;3.9700;-1.1046;-3.7800
2024-07-31 11:00;0.1900;1.2946;3.9600;-1.1046;-3.7700
2024-07-31 12:00;0.1900;1.2946;3.9600;-1.1046;-3.7700
2024-07-31 13:00;0.1500;1.2946;3.9500;-1.1446;-3.8000
2024-07-31 14:00;0.0900;1.2946;3.9400;-1.2046;-3.8500
2024-07-31 15:00;0.0700;1.2946;3.9400;-1.2246;-3.8700
2024-07-31 16:00;0.0600;1.2946;3.9300;-1.2346;-3.8700
2024-07-31 17:00;0.0600;1.2946;3.9200;-1.2346;-3.8600
2024-07-31 18:00;0.0600;1.2946;3.9200;-1.2346;-3.8600
2024-07-31 19:00;0.0600;1.2946;3.9100;-1.2346;-3.8500
2024-07-31 20:00;0.0600;1.2946;3.9000;-1.2346;-3.8400
2024-07-31 21:00;0.0600;1.2946;3.9000;-1.2346;-3.8400
2024-07-31 22:00;0.0700;1.2946;3.8900;-1.2246;-3.8200
2024-07-31 23:00;0.0900;1.2946;3.8800;-1.2046;-3.7900
2024-08-01 00:00;0.0900;1.2946;3.8800;-1.2046;-3.7900
2024-08-01 01:00;0.0800;1.2946;3.8700;-1.2146;-3.7900
2024-08-01 02:00;0.0800;1.2946;3.8600;-1.2146;-3.7800
2024-08-01 03:00;0.0800;1.2946;3.8600;-1.2146;-3.7800
2024-08-01 04:00;0.0900;1.2946;3.8500;-1.2046;-3.7600
2024-08-01 05:00;0.1000;1.2946;3.8400;-1.1946;-3.7400
2024-08-01 06:00;0.1000;1.2946;3.8400;-1.1946;-3.7400
2024-08-01 07:00;0.0900;1.2946;3.8300;-1.2046;-3.7400
2024-08-01 08:00;0.0900;1.2946;3.8200;-1.2046;-3.7300
2024-08-01 09:00;0.1000;1.2946;3.8200;-1.1946;-3.7200
2024-08-01 10:00;0.0900;1.2946;3.8100;-1.2046;-3.7200
2024-08-01 11:00;0.0800;1.2946;3.8000;-1.2146;-3.7200
2024-08-01 12:00;0.0700;1.2946;3.8000;-1.2246;-3.7300
2024-08-01 13:00;0.0800;1.2946;3.7900;-1.2146;-3.7100
2024-08-01 14:00;0.0700;1.2946;3.7900;-1.2246;-3.7200
2024-08-01 15:00;0.0800;1.2946;3.7800;-1.2146;-3.7000
2024-08-01 16:00;0.0800;1.2946;3.7700;-1.2146;-3.6900
2024-08-01 17:00;0.0900;1.2946;3.7700;-1.2046;-3.6800
2024-08-01 18:00;0.0900;1.2946;3.7600;-1.2046;-3.6700
2024-08-01 19:00;0.1000;1.2946;3.7600;-1.1946;-3.6600
2024-08-01 20:00;0.1000;1.2946;3.7500;-1.1946;-3.6500
2024-08-01 21:00;0.0900;1.2946;3.7500;-1.2046;-3.6600
2024-08-01 22:00;0.0900;1.2946;3.7400;-1.2046;-3.6500
2024-08-01 23:00;0.0900;1.2946;3.7300;-1.2046;-3.6400
2024-08-02 00:00;0.0900;1.2946;3.7300;-1.2046;-3.6400
2024-08-02 01:00;0.1000;1.2946;3.7200;-1.1946;-3.6200
2024-08-02 02:00;0.1100;1.2946;3.7200;-1.1846;-3.6100
2024-08-02 03:00;0.1100;1.2946;3.7100;-1.1846;-3.6000
2024-08-02 04:00;0.1000;1.2946;3.7100;-1.1946;-3.6100
2024-08-02 05:00;0.1000;1.2946;3.7000;-1.1946;-3.6000
2024-08-02 06:00;0.0900;1.2946;3.7000;-1.2046;-3.6100
2024-08-02 07:00;0.0900;1.2946;3.6900;-1.2046;-3.6000
2024-08-02 08:00;0.1000;1.2946;3.6800;-1.1946;-3.5800
2024-08-02 09:00;0.0900;1.2946;3.6800;-1.2046;-3.5900
2024-08-02 10:00;0.0900;1.2946;3.6700;-1.2046;-3.5800
2024-08-02 11:00;0.0800;1.2946;3.6700;-1.2146;-3.5900
2024-08-02 12:00;0.0700;1.2946;3.6600;-1.2246;-3.5900
2024-08-02 13:00;0.0700;1.2946;3.6600;-1.2246;-3.5900
2024-08-02 14:00;0.0600;1.2946;3.6500;-1.2346;-3.5900
2024-08-02 15:00;0.0700;1.2946;3.6400;-1.2246;-3.5700
2024-08-02 16:00;0.0700;1.2946;3.6400;-1.2246;-3.5700
2024-08-02 17:00;0.0800;1.2946;3.6300;-1.2146;-3.5500
2024-08-02 18:00;0.1000;1.2946;3.6300;-1.1946;-3.5300
2024-08-02 19:00;0.1000;1.2946;3.6200;-1.1946;-3.5200
2024-08-02 20:00;0.1000;1.2946;3.6200;-1.1946;-3.5200
2024-08-02 21:00;0.1100;1.2946;3.6100;-1.1846;-3.5000
2024-08-02 22:00;0.1000;1.2946;3.6100;-1.1946;-3.5100
2024-08-02 23:00;0.0900;1.2946;3.6000;-1.2046;-3.5100
2024-08-03 00:00;0.0700;1.2946;3.6000;-1.2246;-3.5300
2024-08-03 01:00;0.0500;1.2946;3.5900;-1.2446;-3.5400
2024-08-03 02:00;0.0500;1.2946;3.5900;-1.2446;-3.5400
2024-08-03 03:00;0.0500;1.2946;3.5800;-1.2446;-3.5300
2024-08-03 04:00;0.0600;1.2946;3.5800;-1.2346;-3.5200
2024-08-03 05:00;0.0700;1.2946;3.5700;-1.2246;-3.5000
2024-08-03 06:00;0.0600;1.2946;3.5700;-1.2346;-3.5100
2024-08-03 07:00;0.0600;1.2946;3.5600;-1.2346;-3.5000
2024-08-03 08:00;0.0600;1.2946;3.5600;-1.2346;-3.5000
2024-08-03 09:00;0.0600;1.2946;3.5500;-1.2346;-3.4900
2024-08-03 10:00;0.0600;1.2946;3.5400;-1.2346;-3.4800
2024-08-03 11:00;0.0600;1.2946;3.5400;-1.2346;-3.4800
2024-08-03 12:00;0.0700;1.2946;3.5300;-1.2246;-3.4600
2024-08-03 13:00;0.0800;1.2946;3.5300;-1.2146;-3.4500
2024-08-03 14:00;0.0700;1.2946;3.5300;-1.2246;-3.4600
2024-08-03 15:00;0.0600;1.2946;3.5200;-1.2346;-3.4600
2024-08-03 16:00;0.0600;1.2946;3.5200;-1.2346;-3.4600
2024-08-03 17:00;0.0500;1.2946;3.5100;-1.2446;-3.4600
2024-08-03 18:00;0.0400;1.2946;3.5200;-1.2546;-3.4800
2024-08-03 19:00;0.0400;1.2946;3.5400;-1.2546;-3.5000
2024-08-03 20:00;0.0400;1.2946;3.6300;-1.2546;-3.5900
2024-08-03 21:00;0.0400;1.2946;3.8800;-1.2546;-3.8400
2024-08-03 22:00;0.0100;1.2946;4.4000;-1.2846;-4.3900
2024-08-03 23:00;0.0600;1.2946;5.3000;-1.2346;-5.2400
2024-08-04 00:00;0.0800;1.2946;6.5500;-1.2146;-6.4700
2024-08-04 01:00;0.0900;1.2946;7.9400;-1.2046;-7.8500
2024-08-04 02:00;0.1000;1.2946;9.2000;-1.1946;-9.1000
2024-08-04 03:00;0.1800;1.2946;10.1000;-1.1146;-9.9200
2024-08-04 04:00;0.2900;1.2946;10.6100;-1.0046;-10.3200
2024-08-04 05:00;0.3700;1.2946;10.7700;-0.9246;-10.4000
2024-08-04 06:00;0.4400;1.2946;10.7100;-0.8546;-10.2700
2024-08-04 07:00;1.9100;1.2946;10.5100;0.6154;-8.6000
2024-08-04 08:00;3.4500;1.2946;10.2500;2.1554;-6.8000
2024-08-04 09:00;3.9600;1.2946;9.9700;2.6654;-6.0100
2024-08-04 10:00;3.4500;1.2946;9.6800;2.1554;-6.2300
2024-08-04 11:00;2.4200;1.2946;9.4100;1.1254;-6.9900
2024-08-04 12:00;1.9100;1.2946;9.1500;0.6154;-7.2400
2024-08-04 13:00;1.3200;1.2946;8.9200;0.0254;-7.6000
2024-08-04 14:00;1.0300;1.2946;8.7000;-0.2646;-7.6700
2024-08-04 15:00;0.7300;1.2946;8.5000;-0.5646;-7.7700
2024-08-04 16:00;0.4400;1.2946;8.3200;-0.8546;-7.8800
2024-08-04 17:00;0.4300;1.2946;8.1500;-0.8646;-7.7200
2024-08-04 18:00;0.4200;1.2946;8.0000;-0.8746;-7.5800
2024-08-04 19:00;0.4200;1.2946;7.8500;-0.8746;-7.4300
2024-08-04 20:00;0.4200;1.2946;7.7100;-0.8746;-7.2900
2024-08-04 21:00;0.4300;1.2946;7.5800;-0.8646;-7.1500
2024-08-04 22:00;0.4300;1.2946;7.4600;-0.8646;-7.0300
2024-08-04 23:00;0.4300;1.2946;7.3400;-0.8646;-6.9100
2024-08-05 00:00;0.4300;1.2946;7.2300;-0.8646;-6.8000
2024-08-05 01:00;0.4300;1.2946;7.1300;-0.8646;-6.7000
2024-08-05 02:00;0.4300;1.2946;7.0300;-0.8646;-6.6000
2024-08-05 03:00;0.4200;1.2946;6.9300;-0.8746;-6.5100
2024-08-05 04:00;0.4100;1.2946;6.8400;-0.8846;-6.4300
2024-08-05 05:00;0.4100;1.2946;6.7600;-0.8846;-6.3500
2024-08-05 06:00;0.4000;1.2946;6.6700;-0.8946;-6.2700
2024-08-05 07:00;0.3900;1.2946;6.6000;-0.9046;-6.2100
2024-08-05 08:00;0.3900;1.2946;6.5200;-0.9046;-6.1300
2024-08-05 09:00;0.3800;1.2946;6.4500;-0.9146;-6.0700
2024-08-05 10:00;0.3700;1.2946;6.3900;-0.9246;-6.0200
2024-08-05 11:00;0.3700;1.2946;6.3200;-0.9246;-5.9500
2024-08-05 12:00;0.3500;1.2946;6.2600;-0.9446;-5.9100
2024-08-05 13:00;0.3400;1.2946;6.2100;-0.9546;-5.8700
2024-08-05 14:00;0.3200;1.2946;6.1500;-0.9746;-5.8300
2024-08-05 15:00;0.3000;1.2946;6.1000;-0.9946;-5.8000
2024-08-05 16:00;0.2800;1.2946;6.0500;-1.0146;-5.7700
2024-08-05 17:00;0.2600;1.2946;6.0000;-1.0346;-5.7400
2024-08-05 18:00;0.2300;1.2946;5.9500;-1.0646;-5.7200
2024-08-05 19:00;0.2000;1.2946;5.9100;-1.0946;-5.7100
2024-08-05 20:00;0.1800;1.2946;5.8600;-1.1146;-5.6800
2024-08-05 21:00;0.1600;1.2946;5.8200;-1.1346;-5.6600
2024-08-05 22:00;0.1400;1.2946;5.7700;-1.1546;-5.6300
2024-08-05 23:00;0.1500;1.2946;5.7300;-1.1446;-5.5800
2024-08-06 00:00;0.1600;1.2946;5.6900;-1.1346;-5.5300
2024-08-06 01:00;0.1800;1.2946;5.6500;-1.1146;-5.4700
2024-08-06 02:00;0.1800;1.2946;5.6100;-1.1146;-5.4300
2024-08-06 03:00;0.1700;1.2946;5.5700;-1.1246;-5.4000
2024-08-06 04:00;0.1600;1.2946;5.5300;-1.1346;-5.3700
2024-08-06 05:00;0.1500;1.2946;5.4900;-1.1446;-5.3400
2024-08-06 06:00;0.1400;1.2946;5.4500;-1.1546;-5.3100
2024-08-06 07:00;0.1400;1.2946;5.4200;-1.1546;-5.2800
2024-08-06 08:00;0.1500;1.2946;5.3800;-1.1446;-5.2300
2024-08-06 09:00;0.1700;1.2946;5.3500;-1.1246;-5.1800
2024-08-06 10:00;0.1900;1.2946;5.3200;-1.1046;-5.1300
2024-08-06 11:00;0.2200;1.2946;5.2900;-1.0746;-5.0700
2024-08-06 12:00;0.2300;1.2946;5.2600;-1.0646;-5.0300
2024-08-06 13:00;0.2400;1.2946;5.2300;-1.0546;-4.9900
2024-08-06 14:00;0.2300;1.2946;5.2000;-1.0646;-4.9700
2024-08-06 15:00;0.2200;1.2946;5.1800;-1.0746;-4.9600
2024-08-06 16:00;0.2100;1.2946;5.1500;-1.0846;-4.9400
2024-08-06 17:00;0.2000;1.2946;5.1200;-1.0946;-4.9200
2024-08-06 18:00;0.2000;1.2946;5.1000;-1.0946;-4.9000
2024-08-06 19:00;0.1900;1.2946;5.0800;-1.1046;-4.8900
2024-08-06 20:00;0.1800;1.2946;5.0500;-1.1146;-4.8700
2024-08-06 21:00;0.1800;1.2946;5.0300;-1.1146;-4.8500
2024-08-06 22:00;0.1800;1.2946;5.0100;-1.1146;-4.8300
2024-08-06 23:00;0.1900;1.2946;4.9800;-1.1046;-4.7900
2024-08-07 00:00;0.2100;1.2946;4.9600;-1.0846;-4.7500
2024-08-07 01:00;0.2200;1.2946;4.9400;-1.0746;-4.7200
2024-08-07 02:00;0.2200;1.2946;4.9200;-1.0746;-4.7000
2024-08-07 03:00;0.2200;1.2946;4.8900;-1.0746;-4.6700
2024-08-07 04:00;0.2100;1.2946;4.8700;-1.0846;-4.6600
2024-08-07 05:00;0.2100;1.2946;4.8600;-1.0846;-4.6500
2024-08-07 06:00;0.2100;1.2946;4.8400;-1.0846;-4.6300
2024-08-07 07:00;0.2100;1.2946;4.8300;-1.0846;-4.6200
2024-08-07 08:00;0.2000;1.2946;4.8100;-1.0946;-4.6100
2024-08-07 09:00;0.2000;1.2946;4.8000;-1.0946;-4.6000
2024-08-07 10:00;0.2000;1.2946;4.7900;-1.0946;-4.5900
2024-08-07 11:00;0.2100;1.2946;4.7800;-1.0846;-4.5700
2024-08-07 12:00;0.2200;1.2946;4.7700;-1.0746;-4.5500
2024-08-07 13:00;0.2200;1.2946;4.7500;-1.0746;-4.5300
2024-08-07 14:00;0.2200;1.2946;4.7400;-1.0746;-4.5200
2024-08-07 15:00;0.2100;1.2946;4.7300;-1.0846;-4.5200
2024-08-07 16:00;0.2000;1.2946;4.7100;-1.0946;-4.5100
2024-08-07 17:00;0.1900;1.2946;4.7000;-1.1046;-4.5100
2024-08-07 18:00;0.1900;1.2946;4.6900;-1.1046;-4.5000
2024-08-07 19:00;0.1800;1.2946;4.6800;-1.1146;-4.5000
2024-08-07 20:00;0.2100;1.2946;4.6800;-1.0846;-4.4700
2024-08-07 21:00;0.2500;1.2946;4.6900;-1.0446;-4.4400
2024-08-07 22:00;0.3000;1.2946;4.7100;-0.9946;-4.4100
2024-08-07 23:00;0.3500;1.2946;4.7400;-0.9446;-4.3900
2024-08-08 00:00;0.3800;1.2946;4.8100;-0.9146;-4.4300
2024-08-08 01:00;0.3900;1.2946;4.9800;-0.9046;-4.5900
2024-08-08 02:00;0.4000;1.2946;5.3200;-0.8946;-4.9200
2024-08-08 03:00;0.4200;1.2946;5.8600;-0.8746;-5.4400
2024-08-08 04:00;0.4300;1.2946;6.5600;-0.8646;-6.1300
2024-08-08 05:00;0.4400;1.2946;7.3000;-0.8546;-6.8600
2024-08-08 06:00;0.7300;1.2946;7.9000;-0.5646;-7.1700
2024-08-08 07:00;0.4300;1.2946;8.2600;-0.8646;-7.8300
2024-08-08 08:00;0.4200;1.2946;8.3400;-0.8746;-7.9200
2024-08-08 09:00;0.4100;1.2946;8.2000;-0.8846;-7.7900
2024-08-08 10:00;0.4000;1.2946;7.9100;-0.8946;-7.5100
2024-08-08 11:00;0.3800;1.2946;7.5500;-0.9146;-7.1700
2024-08-08 12:00;0.3800;1.2946;7.1700;-0.9146;-6.7900
2024-08-08 13:00;0.3800;1.2946;6.7900;-0.9146;-6.4100
2024-08-08 14:00;0.3900;1.2946;6.4400;-0.9046;-6.0500
2024-08-08 15:00;0.3900;1.2946;6.1200;-0.9046;-5.7300
2024-08-08 16:00;0.3900;1.2946;5.8500;-0.9046;-5.4600
2024-08-08 17:00;0.3900;1.2946;5.6100;-0.9046;-5.2200
2024-08-08 18:00;0.3800;1.2946;5.4000;-0.9146;-5.0200
2024-08-08 19:00;0.3800;1.2946;5.2400;-0.9146;-4.8600
2024-08-08 20:00;0.3800;1.2946;5.1000;-0.9146;-4.7200
2024-08-08 21:00;0.3800;1.2946;4.9800;-0.9146;-4.6000
2024-08-08 22:00;0.3800;1.2946;4.8900;-0.9146;-4.5100
2024-08-08 23:00;0.3900;1.2946;4.8200;-0.9046;-4.4300
2024-08-09 00:00;0.4000;1.2946;4.7600;-0.8946;-4.3600
2024-08-09 01:00;0.3900;1.2946;4.7100;-0.9046;-4.3200
2024-08-09 02:00;0.4000;1.2946;4.6800;-0.8946;-4.2800
2024-08-09 03:00;0.3800;1.2946;4.6400;-0.9146;-4.2600
2024-08-09 04:00;0.3800;1.2946;4.6200;-0.9146;-4.2400
2024-08-09 05:00;0.3800;1.2946;4.6000;-0.9146;-4.2200
2024-08-09 06:00;0.3800;1.2946;4.5800;-0.9146;-4.2000
2024-08-09 07:00;0.3700;1.2946;4.5600;-0.9246;-4.1900
2024-08-09 08:00;0.3600;1.2946;4.5400;-0.9346;-4.1800
2024-08-09 09:00;0.3600;1.2946;4.5300;-0.9346;-4.1700
2024-08-09 10:00;0.3600;1.2946;4.5100;-0.9346;-4.1500
2024-08-09 11:00;0.3500;1.2946;4.5000;-0.9446;-4.1500
2024-08-09 12:00;0.3400;1.2946;4.4900;-0.9546;-4.1500
2024-08-09 13:00;0.3300;1.2946;4.4700;-0.9646;-4.1400
2024-08-09 14:00;0.3100;1.2946;4.4600;-0.9846;-4.1500
2024-08-09 15:00;0.3000;1.2946;4.4500;-0.9946;-4.1500
2024-08-09 16:00;0.2800;1.2946;4.4400;-1.0146;-4.1600
2024-08-09 17:00;0.2600;1.2946;4.4300;-1.0346;-4.1700
2024-08-09 18:00;0.2400;1.2946;4.4200;-1.0546;-4.1800
2024-08-09 19:00;0.2100;1.2946;4.4100;-1.0846;-4.2000
2024-08-09 20:00;0.1900;1.2946;4.4000;-1.1046;-4.2100
2024-08-09 21:00;0.1500;1.2946;4.3900;-1.1446;-4.2400
2024-08-09 22:00;0.1400;1.2946;4.3800;-1.1546;-4.2400
2024-08-09 23:00;0.1700;1.2946;4.3700;-1.1246;-4.2000
2024-08-10 00:00;0.1900;1.2946;4.3600;-1.1046;-4.1700
2024-08-10 01:00;0.2200;1.2946;4.3400;-1.0746;-4.1200
2024-08-10 02:00;0.2400;1.2946;4.3300;-1.0546;-4.0900
2024-08-10 03:00;0.2400;1.2946;4.3200;-1.0546;-4.0800
2024-08-10 04:00;0.2400;1.2946;4.3100;-1.0546;-4.0700
2024-08-10 05:00;0.2400;1.2946;4.3000;-1.0546;-4.0600
2024-08-10 06:00;0.2300;1.2946;4.2900;-1.0646;-4.0600
2024-08-10 07:00;0.2300;1.2946;4.2800;-1.0646;-4.0500
2024-08-10 08:00;0.2200;1.2946;4.2700;-1.0746;-4.0500
2024-08-10 09:00;0.2400;1.2946;4.2600;-1.0546;-4.0200
2024-08-10 10:00;0.2400;1.2946;4.2500;-1.0546;-4.0100
2024-08-10 11:00;0.2600;1.2946;4.2400;-1.0346;-3.9800
2024-08-10 12:00;0.2600;1.2946;4.2300;-1.0346;-3.9700
2024-08-10 13:00;0.2700;1.2946;4.2200;-1.0246;-3.9500
2024-08-10 14:00;0.2700;1.2946;4.2100;-1.0246;-3.9400
2024-08-10 15:00;0.2600;1.2946;4.2000;-1.0346;-3.9400
2024-08-10 16:00;0.2600;1.2946;4.1900;-1.0346;-3.9300
2024-08-10 17:00;0.2400;1.2946;4.1800;-1.0546;-3.9400
2024-08-10 18:00;0.2300;1.2946;4.1700;-1.0646;-3.9400
2024-08-10 19:00;0.2100;1.2946;4.1600;-1.0846;-3.9500
2024-08-10 20:00;0.1900;1.2946;4.1600;-1.1046;-3.9700
2024-08-10 21:00;0.1700;1.2946;4.1500;-1.1246;-3.9800
2024-08-10 22:00;0.1600;1.2946;4.1400;-1.1346;-3.9800
2024-08-10 23:00;0.1600;1.2946;4.1300;-1.1346;-3.9700
2024-08-11 00:00;0.1700;1.2946;4.1200;-1.1246;-3.9500
2024-08-11 01:00;0.1800;1.2946;4.1100;-1.1146;-3.9300
2024-08-11 02:00;0.1900;1.2946;4.1000;-1.1046;-3.9100
2024-08-11 03:00;0.1800;1.2946;4.0900;-1.1146;-3.9100
2024-08-11 04:00;0.1800;1.2946;4.0800;-1.1146;-3.9000
2024-08-11 05:00;0.1700;1.2946;4.0800;-1.1246;-3.9100
2024-08-11 06:00;0.1600;1.2946;4.0700;-1.1346;-3.9100
2024-08-11 07:00;0.1400;1.2946;4.0600;-1.1546;-3.9200
2024-08-11 08:00;0.1300;1.2946;4.0500;-1.1646;-3.9200
2024-08-11 09:00;0.1800;1.2946;4.0400;-1.1146;-3.8600
2024-08-11 10:00;0.2200;1.2946;4.0300;-1.0746;-3.8100
2024-08-11 11:00;0.2600;1.2946;4.0200;-1.0346;-3.7600
2024-08-11 12:00;0.2700;1.2946;4.0100;-1.0246;-3.7400
2024-08-11 13:00;0.2800;1.2946;4.0100;-1.0146;-3.7300
2024-08-11 14:00;0.2900;1.2946;4.0000;-1.0046;-3.7100
2024-08-11 15:00;0.2900;1.2946;3.9900;-1.0046;-3.7000
2024-08-11 16:00;0.2900;1.2946;3.9800;-1.0046;-3.6900
2024-08-11 17:00;0.2800;1.2946;3.9700;-1.0146;-3.6900
2024-08-11 18:00;0.2800;1.2946;3.9700;-1.0146;-3.6900
2024-08-11 19:00;0.2700;1.2946;3.9600;-1.0246;-3.6900
2024-08-11 20:00;0.2600;1.2946;3.9500;-1.0346;-3.6900
2024-08-11 21:00;0.2700;1.2946;3.9400;-1.0246;-3.6700
2024-08-11 22:00;0.2900;1.2946;3.9400;-1.0046;-3.6500
2024-08-11 23:00;0.3000;1.2946;3.9300;-0.9946;-3.6300
2024-08-12 00:00;0.3100;1.2946;3.9200;-0.9846;-3.6100
2024-08-12 01:00;0.3100;1.2946;3.9100;-0.9846;-3.6000
2024-08-12 02:00;0.3100;1.2946;3.9100;-0.9846;-3.6000
2024-08-12 03:00;0.2900;1.2946;3.9000;-1.0046;-3.6100
2024-08-12 04:00;0.2800;1.2946;3.8900;-1.0146;-3.6100
2024-08-12 05:00;0.2700;1.2946;3.8800;-1.0246;-3.6100
2024-08-12 06:00;0.2600;1.2946;3.8700;-1.0346;-3.6100
2024-08-12 07:00;0.2400;1.2946;3.8700;-1.0546;-3.6300
2024-08-12 08:00;0.2200;1.2946;3.8600;-1.0746;-3.6400
2024-08-12 09:00;0.2000;1.2946;3.8500;-1.0946;-3.6500
2024-08-12 10:00;0.2000;1.2946;3.8400;-1.0946;-3.6400
2024-08-12 11:00;0.2200;1.2946;3.8400;-1.0746;-3.6200
2024-08-12 12:00;0.2300;1.2946;3.8300;-1.0646;-3.6000
2024-08-12 13:00;0.2400;1.2946;3.8200;-1.0546;-3.5800
2024-08-12 14:00;0.2400;1.2946;3.8100;-1.0546;-3.5700
2024-08-12 15:00;0.2300;1.2946;3.8100;-1.0646;-3.5800
2024-08-12 16:00;0.2200;1.2946;3.8000;-1.0746;-3.5800
2024-08-12 17:00;0.2200;1.2946;3.7900;-1.0746;-3.5700
2024-08-12 18:00;0.2300;1.2946;3.7900;-1.0646;-3.5600
2024-08-12 19:00;0.2400;1.2946;3.7800;-1.0546;-3.5400
2024-08-12 20:00;0.2400;1.2946;3.7700;-1.0546;-3.5300
2024-08-12 21:00;0.2400;1.2946;3.7700;-1.0546;-3.5300
2024-08-12 22:00;0.2300;1.2946;3.7600;-1.0646;-3.5300
2024-08-12 23:00;0.2200;1.2946;3.7500;-1.0746;-3.5300
2024-08-13 00:00;0.2200;1.2946;3.7500;-1.0746;-3.5300
2024-08-13 01:00;0.2300;1.2946;3.7400;-1.0646;-3.5100
2024-08-13 02:00;0.2400;1.2946;3.7300;-1.0546;-3.4900
2024-08-13 03:00;0.2400;1.2946;3.7300;-1.0546;-3.4900
2024-08-13 04:00;0.2400;1.2946;3.7200;-1.0546;-3.4800
2024-08-13 05:00;0.2300;1.2946;3.7100;-1.0646;-3.4800
2024-08-13 06:00;0.2300;1.2946;3.7100;-1.0646;-3.4800
2024-08-13 07:00;0.2200;1.2946;3.7000;-1.0746;-3.4800
2024-08-13 08:00;0.2000;1.2946;3.7000;-1.0946;-3.5000
2024-08-13 09:00;0.2000;1.2946;3.7000;-1.0946;-3.5000
2024-08-13 10:00;0.1900;1.2946;3.7100;-1.1046;-3.5200
2024-08-13 11:00;0.2000;1.2946;3.7200;-1.0946;-3.5200
2024-08-13 12:00;0.2200;1.2946;3.7300;-1.0746;-3.5100
2024-08-13 13:00;0.2400;1.2946;3.7500;-1.0546;-3.5100
2024-08-13 14:00;0.2500;1.2946;3.7600;-1.0446;-3.5100
2024-08-13 15:00;0.2600;1.2946;3.7800;-1.0346;-3.5200
2024-08-13 16:00;0.2600;1.2946;3.8000;-1.0346;-3.5400
2024-08-13 17:00;0.2600;1.2946;3.8200;-1.0346;-3.5600
2024-08-13 18:00;0.2500;1.2946;3.8400;-1.0446;-3.5900
2024-08-13 19:00;0.2500;1.2946;3.8500;-1.0446;-3.6000
2024-08-13 20:00;0.2500;1.2946;3.8600;-1.0446;-3.6100
2024-08-13 21:00;0.2500;1.2946;3.8700;-1.0446;-3.6200
2024-08-13 22:00;0.2600;1.2946;3.8900;-1.0346;-3.6300
2024-08-13 23:00;0.2700;1.2946;3.9100;-1.0246;-3.6400
2024-08-14 00:00;0.2700;1.2946;3.9300;-1.0246;-3.6600
2024-08-14 01:00;0.2800;1.2946;3.9600;-1.0146;-3.6800
2024-08-14 02:00;0.2800;1.2946;3.9800;-1.0146;-3.7000
2024-08-14 03:00;0.2800;1.2946;4.0000;-1.0146;-3.7200
2024-08-14 04:00;0.2800;1.2946;4.0100;-1.0146;-3.7300
2024-08-14 05:00;0.2700;1.2946;4.0100;-1.0246;-3.7400
2024-08-14 06:00;0.2700;1.2946;4.0000;-1.0246;-3.7300
2024-08-14 07:00;0.2600;1.2946;3.9800;-1.0346;-3.7200
2024-08-14 08:00;0.2500;1.2946;3.9600;-1.0446;-3.7100
2024-08-14 09:00;0.2500;1.2946;3.9400;-1.0446;-3.6900
2024-08-14 10:00;0.2500;1.2946;3.9300;-1.0446;-3.6800
2024-08-14 11:00;0.2600;1.2946;3.9100;-1.0346;-3.6500
2024-08-14 12:00;0.2800;1.2946;3.9000;-1.0146;-3.6200
2024-08-14 13:00;0.2900;1.2946;3.8900;-1.0046;-3.6000
2024-08-14 14:00;0.3000;1.2946;3.8800;-0.9946;-3.5800
2024-08-14 15:00;0.3100;1.2946;3.8700;-0.9846;-3.5600
2024-08-14 16:00;0.3000;1.2946;3.8600;-0.9946;-3.5600
2024-08-14 17:00;0.2900;1.2946;3.8500;-1.0046;-3.5600
2024-08-14 18:00;0.2800;1.2946;3.8400;-1.0146;-3.5600
2024-08-14 19:00;0.2800;1.2946;3.8400;-1.0146;-3.5600
2024-08-14 20:00;0.2700;1.2946;3.8300;-1.0246;-3.5600
2024-08-14 21:00;0.2700;1.2946;3.8200;-1.0246;-3.5500
2024-08-14 22:00;0.2500;1.2946;3.8100;-1.0446;-3.5600
2024-08-14 23:00;0.2500;1.2946;3.8100;-1.0446;-3.5600
2024-08-15 00:00;0.2500;1.2946;3.8000;-1.0446;-3.5500
2024-08-15 01:00;0.2400;1.2946;3.7900;-1.0546;-3.5500
2024-08-15 02:00;0.2500;1.2946;3.7800;-1.0446;-3.5300
2024-08-15 03:00;0.2600;1.2946;3.7700;-1.0346;-3.5100
2024-08-15 04:00;0.2700;1.2946;3.7700;-1.0246;-3.5000
2024-08-15 05:00;0.2700;1.2946;3.7600;-1.0246;-3.4900
2024-08-15 06:00;0.2600;1.2946;3.7500;-1.0346;-3.4900
2024-08-15 07:00;0.2600;1.2946;3.7400;-1.0346;-3.4800
2024-08-15 08:00;0.2600;1.2946;3.7400;-1.0346;-3.4800
2024-08-15 09:00;0.2400;1.2946;3.7300;-1.0546;-3.4900
2024-08-15 10:00;0.2400;1.2946;3.7200;-1.0546;-3.4800
2024-08-15 11:00;0.2400;1.2946;3.7100;-1.0546;-3.4700
2024-08-15 12:00;0.2500;1.2946;3.7100;-1.0446;-3.4600
2024-08-15 13:00;0.2500;1.2946;3.7000;-1.0446;-3.4500
2024-08-15 14:00;0.2600;1.2946;3.6900;-1.0346;-3.4300
2024-08-15 15:00;0.2600;1.2946;3.6900;-1.0346;-3.4300
2024-08-15 16:00;0.2600;1.2946;3.6800;-1.0346;-3.4200
2024-08-15 17:00;0.2500;1.2946;3.6700;-1.0446;-3.4200
2024-08-15 18:00;0.2500;1.2946;3.6700;-1.0446;-3.4200
2024-08-15 19:00;0.2400;1.2946;3.6600;-1.0546;-3.4200
2024-08-15 20:00;0.2200;1.2946;3.6500;-1.0746;-3.4300
2024-08-15 21:00;0.2100;1.2946;3.6500;-1.0846;-3.4400
2024-08-15 22:00;0.1800;1.2946;3.6400;-1.1146;-3.4600
2024-08-15 23:00;0.1200;1.2946;3.6400;-1.1746;-3.5200
2024-08-16 00:00;0.0800;1.2946;3.6300;-1.2146;-3.5500
2024-08-16 01:00;0.1200;1.2946;3.6200;-1.1746;-3.5000
2024-08-16 02:00;0.1600;1.2946;3.6200;-1.1346;-3.4600
2024-08-16 03:00;0.1900;1.2946;3.6100;-1.1046;-3.4200
2024-08-16 04:00;0.2000;1.2946;3.6100;-1.0946;-3.4100
2024-08-16 05:00;0.2000;1.2946;3.6000;-1.0946;-3.4000
2024-08-16 06:00;0.2000;1.2946;3.5900;-1.0946;-3.3900
2024-08-16 07:00;0.1900;1.2946;3.5900;-1.1046;-3.4000
2024-08-16 08:00;0.1800;1.2946;3.5800;-1.1146;-3.4000
2024-08-16 09:00;0.1800;1.2946;3.5700;-1.1146;-3.3900
2024-08-16 10:00;0.2000;1.2946;3.5700;-1.0946;-3.3700
2024-08-16 11:00;0.2200;1.2946;3.5600;-1.0746;-3.3400
2024-08-16 12:00;0.2200;1.2946;3.5600;-1.0746;-3.3400
2024-08-16 13:00;0.2500;1.2946;3.5500;-1.0446;-3.3000
2024-08-16 14:00;0.2800;1.2946;3.5400;-1.0146;-3.2600
2024-08-16 15:00;0.2900;1.2946;3.5400;-1.0046;-3.2500
2024-08-16 16:00;0.3000;1.2946;3.5300;-0.9946;-3.2300
2024-08-16 17:00;0.3300;1.2946;3.5400;-0.9646;-3.2100
2024-08-16 18:00;0.3600;1.2946;3.5400;-0.9346;-3.1800
2024-08-16 19:00;0.3700;1.2946;3.5500;-0.9246;-3.1800
2024-08-16 20:00;0.3800;1.2946;3.5700;-0.9146;-3.1900
2024-08-16 21:00;0.3900;1.2946;3.5800;-0.9046;-3.1900
2024-08-16 22:00;0.3900;1.2946;3.5800;-0.9046;-3.1900
2024-08-16 23:00;0.3900;1.2946;3.5900;-0.9046;-3.2000
2024-08-17 00:00;0.4000;1.2946;3.5900;-0.8946;-3.1900
2024-08-17 01:00;0.4000;1.2946;3.5900;-0.8946;-3.1900
2024-08-17 02:00;0.4000;1.2946;3.5900;-0.8946;-3.1900
2024-08-17 03:00;0.4000;1.2946;3.5800;-0.8946;-3.1800
2024-08-17 04:00;0.4000;1.2946;3.5800;-0.8946;-3.1800
2024-08-17 05:00;0.3900;1.2946;3.5700;-0.9046;-3.1800
2024-08-17 06:00;0.3900;1.2946;3.5700;-0.9046;-3.1800
2024-08-17 07:00;0.3900;1.2946;3.5600;-0.9046;-3.1700
2024-08-17 08:00;0.3800;1.2946;3.5500;-0.9146;-3.1700
2024-08-17 09:00;0.3800;1.2946;3.5500;-0.9146;-3.1700
2024-08-17 10:00;0.3800;1.2946;3.5400;-0.9146;-3.1600
2024-08-17 11:00;0.3700;1.2946;3.5300;-0.9246;-3.1600
2024-08-17 12:00;0.3700;1.2946;3.5300;-0.9246;-3.1600
2024-08-17 13:00;0.3700;1.2946;3.5200;-0.9246;-3.1500
2024-08-17 14:00;0.3700;1.2946;3.5100;-0.9246;-3.1400
2024-08-17 15:00;0.3700;1.2946;3.5100;-0.9246;-3.1400
2024-08-17 16:00;0.3600;1.2946;3.5000;-0.9346;-3.1400
2024-08-17 17:00;0.3600;1.2946;3.5000;-0.9346;-3.1400
2024-08-17 18:00;0.3500;1.2946;3.4900;-0.9446;-3.1400
2024-08-17 19:00;0.3500;1.2946;3.4900;-0.9446;-3.1400
2024-08-17 20:00;0.3300;1.2946;3.4800;-0.9646;-3.1500
2024-08-17 21:00;0.3300;1.2946;3.4800;-0.9646;-3.1500
2024-08-17 22:00;0.3200;1.2946;3.4700;-0.9746;-3.1500
2024-08-17 23:00;0.3100;1.2946;3.4700;-0.9846;-3.1600
2024-08-18 00:00;0.3100;1.2946;3.4600;-0.9846;-3.1500
2024-08-18 01:00;0.3000;1.2946;3.4600;-0.9946;-3.1600
2024-08-18 02:00;0.3100;1.2946;3.4500;-0.9846;-3.1400
2024-08-18 03:00;0.3200;1.2946;3.4500;-0.9746;-3.1300
2024-08-18 04:00;0.3200;1.2946;3.4500;-0.9746;-3.1300
2024-08-18 05:00;0.3300;1.2946;3.4500;-0.9646;-3.1200
2024-08-18 06:00;0.3300;1.2946;3.4500;-0.9646;-3.1200
2024-08-18 07:00;0.3200;1.2946;3.4600;-0.9746;-3.1400
2024-08-18 08:00;0.3200;1.2946;3.4700;-0.9746;-3.1500
2024-08-18 09:00;0.3100;1.2946;3.4800;-0.9846;-3.1700
2024-08-18 10:00;0.3000;1.2946;3.4900;-0.9946;-3.1900
2024-08-18 11:00;0.2900;1.2946;3.5000;-1.0046;-3.2100
2024-08-18 12:00;0.2800;1.2946;3.5200;-1.0146;-3.2400
2024-08-18 13:00;0.2800;1.2946;3.5300;-1.0146;-3.2500
2024-08-18 14:00;0.2700;1.2946;3.5300;-1.0246;-3.2600
2024-08-18 15:00;0.2700;1.2946;3.5400;-1.0246;-3.2700
2024-08-18 16:00;0.2600;1.2946;3.5400;-1.0346;-3.2800
2024-08-18 17:00;0.2600;1.2946;3.5400;-1.0346;-3.2800
2024-08-18 18:00;0.2500;1.2946;3.5400;-1.0446;-3.2900
2024-08-18 19:00;0.2400;1.2946;3.5400;-1.0546;-3.3000
2024-08-18 20:00;0.2300;1.2946;3.5400;-1.0646;-3.3100
2024-08-18 21:00;0.2200;1.2946;3.5400;-1.0746;-3.3200
2024-08-18 22:00;0.2100;1.2946;3.5400;-1.0846;-3.3300
2024-08-18 23:00;0.2000;1.2946;3.5400;-1.0946;-3.3400
2024-08-19 00:00;0.2000;1.2946;3.5400;-1.0946;-3.3400
2024-08-19 01:00;0.2200;1.2946;3.5400;-1.0746;-3.3200
2024-08-19 02:00;0.2300;1.2946;3.5400;-1.0646;-3.3100
2024-08-19 03:00;0.2300;1.2946;3.5500;-1.0646;-3.3200
2024-08-19 04:00;0.2300;1.2946;3.5500;-1.0646;-3.3200
2024-08-19 05:00;0.2300;1.2946;3.5500;-1.0646;-3.3200
2024-08-19 06:00;0.2200;1.2946;3.5500;-1.0746;-3.3300
2024-08-19 07:00;0.2100;1.2946;3.5500;-1.0846;-3.3400
2024-08-19 08:00;0.2100;1.2946;3.5600;-1.0846;-3.3500
2024-08-19 09:00;0.1900;1.2946;3.5600;-1.1046;-3.3700
2024-08-19 10:00;0.2000;1.2946;3.5600;-1.0946;-3.3600
2024-08-19 11:00;0.2200;1.2946;3.5700;-1.0746;-3.3500
2024-08-19 12:00;0.2400;1.2946;3.5800;-1.0546;-3.3400
2024-08-19 13:00;0.2600;1.2946;3.5900;-1.0346;-3.3300
2024-08-19 14:00;0.2800;1.2946;3.6100;-1.0146;-3.3300
2024-08-19 15:00;0.3000;1.2946;3.6400;-0.9946;-3.3400
2024-08-19 16:00;0.3400;1.2946;3.6700;-0.9546;-3.3300
2024-08-19 17:00;0.3500;1.2946;3.7000;-0.9446;-3.3500
2024-08-19 18:00;0.3600;1.2946;3.7400;-0.9346;-3.3800
2024-08-19 19:00;0.3800;1.2946;3.7700;-0.9146;-3.3900
2024-08-19 20:00;0.3900;1.2946;3.8000;-0.9046;-3.4100
2024-08-19 21:00;0.4000;1.2946;3.8300;-0.8946;-3.4300
2024-08-19 22:00;0.4200;1.2946;3.8600;-0.8746;-3.4400
2024-08-19 23:00;0.4200;1.2946;3.8800;-0.8746;-3.4600
2024-08-20 00:00;0.4300;1.2946;3.9000;-0.8646;-3.4700
2024-08-20 01:00;0.4300;1.2946;3.9200;-0.8646;-3.4900
2024-08-20 02:00;0.4400;1.2946;3.9400;-0.8546;-3.5000
2024-08-20 03:00;0.7300;1.2946;3.9600;-0.5646;-3.2300
2024-08-20 04:00;1.0300;1.2946;4.0000;-0.2646;-2.9700
2024-08-20 05:00;2.4200;1.2946;4.1200;1.1254;-1.7000
2024-08-20 06:00;2.9300;1.2946;4.2100;1.6354;-1.2800
2024-08-20 07:00;1.9100;1.2946;4.3000;0.6154;-2.3900
2024-08-20 08:00;1.6200;1.2946;4.4200;0.3254;-2.8000
2024-08-20 09:00;1.9100;1.2946;4.5800;0.6154;-2.6700
2024-08-20 10:00;2.4200;1.2946;4.7800;1.1254;-2.3600
2024-08-20 11:00;1.9100;1.2946;4.9900;0.6154;-3.0800
2024-08-20 12:00;2.9300;1.2946;5.2000;1.6354;-2.2700
2024-08-20 13:00;3.4500;1.2946;5.3800;2.1554;-1.9300
2024-08-20 14:00;1.9100;1.2946;5.5200;0.6154;-3.6100
2024-08-20 15:00;1.6200;1.2946;5.6200;0.3254;-4.0000
2024-08-20 16:00;1.3200;1.2946;5.6900;0.0254;-4.3700
2024-08-20 17:00;0.7300;1.2946;5.7400;-0.5646;-5.0100
2024-08-20 18:00;0.7300;1.2946;5.7900;-0.5646;-5.0600
2024-08-20 19:00;1.6200;1.2946;5.8300;0.3254;-4.2100
2024-08-20 20:00;1.9100;1.2946;5.8800;0.6154;-3.9700
2024-08-20 21:00;2.4200;1.2946;5.9400;1.1254;-3.5200
2024-08-20 22:00;2.4200;1.2946;6.0000;1.1254;-3.5800
2024-08-20 23:00;2.4200;1.2946;6.0700;1.1254;-3.6500
2024-08-21 00:00;2.4200;1.2946;6.1400;1.1254;-3.7200
2024-08-21 01:00;2.4200;1.2946;6.2000;1.1254;-3.7800
2024-08-21 02:00;2.4200;1.2946;6.2500;1.1254;-3.8300
2024-08-21 03:00;2.9300;1.2946;6.2900;1.6354;-3.3600
2024-08-21 04:00;2.4200;1.2946;6.3200;1.1254;-3.9000
2024-08-21 05:00;1.6200;1.2946;6.3400;0.3254;-4.7200
2024-08-21 06:00;1.3200;1.2946;6.3600;0.0254;-5.0400
2024-08-21 07:00;1.3200;1.2946;6.3700;0.0254;-5.0500
2024-08-21 08:00;1.6200;1.2946;6.3800;0.3254;-4.7600
2024-08-21 09:00;1.9100;1.2946;6.3800;0.6154;-4.4700
2024-08-21 10:00;2.4200;1.2946;6.3900;1.1254;-3.9700
2024-08-21 11:00;1.0300;1.2946;6.3800;-0.2646;-5.3500
2024-08-21 12:00;1.0300;1.2946;6.3700;-0.2646;-5.3400
2024-08-21 13:00;0.7300;1.2946;6.3600;-0.5646;-5.6300
2024-08-21 14:00;1.0300;1.2946;6.3500;-0.2646;-5.3200
2024-08-21 15:00;0.4400;1.2946;6.3300;-0.8546;-5.8900
2024-08-21 16:00;0.4400;1.2946;6.3000;-0.8546;-5.8600
2024-08-21 17:00;0.4300;1.2946;6.2800;-0.8646;-5.8500
2024-08-21 18:00;0.4300;1.2946;6.2500;-0.8646;-5.8200
2024-08-21 19:00;0.4300;1.2946;6.2200;-0.8646;-5.7900
2024-08-21 20:00;0.4300;1.2946;6.2000;-0.8646;-5.7700
2024-08-21 21:00;0.4200;1.2946;6.1700;-0.8746;-5.7500
2024-08-21 22:00;0.4200;1.2946;6.1400;-0.8746;-5.7200
2024-08-21 23:00;0.4200;1.2946;6.1100;-0.8746;-5.6900
2024-08-22 00:00;0.4200;1.2946;6.0800;-0.8746;-5.6600
2024-08-22 01:00;0.4200;1.2946;6.0600;-0.8746;-5.6400
2024-08-22 02:00;0.4200;1.2946;6.0300;-0.8746;-5.6100
2024-08-22 03:00;0.4100;1.2946;6.0000;-0.8846;-5.5900
2024-08-22 04:00;0.4100;1.2946;5.9700;-0.8846;-5.5600
2024-08-22 05:00;0.4000;1.2946;5.9500;-0.8946;-5.5500
2024-08-22 06:00;0.4000;1.2946;5.9200;-0.8946;-5.5200
2024-08-22 07:00;0.4000;1.2946;5.8900;-0.8946;-5.4900
2024-08-22 08:00;0.4000;1.2946;5.8700;-0.8946;-5.4700
2024-08-22 09:00;0.3900;1.2946;5.8400;-0.9046;-5.4500
2024-08-22 10:00;0.3900;1.2946;5.8200;-0.9046;-5.4300
2024-08-22 11:00;0.3900;1.2946;5.8000;-0.9046;-5.4100
2024-08-22 12:00;0.3900;1.2946;5.7700;-0.9046;-5.3800
2024-08-22 13:00;0.3900;1.2946;5.7500;-0.9046;-5.3600
2024-08-22 14:00;0.3900;1.2946;5.7300;-0.9046;-5.3400
2024-08-22 15:00;0.3900;1.2946;5.7100;-0.9046;-5.3200
2024-08-22 16:00;0.3900;1.2946;5.6800;-0.9046;-5.2900
2024-08-22 17:00;0.3800;1.2946;5.6600;-0.9146;-5.2800
2024-08-22 18:00;0.3800;1.2946;5.6400;-0.9146;-5.2600
2024-08-22 19:00;0.3800;1.2946;5.6200;-0.9146;-5.2400
2024-08-22 20:00;0.3800;1.2946;5.6000;-0.9146;-5.2200
2024-08-22 21:00;0.3800;1.2946;5.5800;-0.9146;-5.2000
2024-08-22 22:00;0.3700;1.2946;5.5600;-0.9246;-5.1900
2024-08-22 23:00;0.3700;1.2946;5.5500;-0.9246;-5.1800
2024-08-23 00:00;0.3700;1.2946;5.5300;-0.9246;-5.1600
2024-08-23 01:00;0.3800;1.2946;5.5400;-0.9146;-5.1600
2024-08-23 02:00;0.3800;1.2946;5.5600;-0.9146;-5.1800
2024-08-23 03:00;0.3800;1.2946;5.6000;-0.9146;-5.2200
2024-08-23 04:00;0.3800;1.2946;5.6700;-0.9146;-5.2900
2024-08-23 05:00;0.3700;1.2946;5.7400;-0.9246;-5.3700
2024-08-23 06:00;0.3600;1.2946;5.8100;-0.9346;-5.4500
2024-08-23 07:00;0.3600;1.2946;5.8600;-0.9346;-5.5000
2024-08-23 08:00;0.3600;1.2946;5.8900;-0.9346;-5.5300
2024-08-23 09:00;0.3500;1.2946;5.9000;-0.9446;-5.5500
2024-08-23 10:00;0.3500;1.2946;5.8800;-0.9446;-5.5300
2024-08-23 11:00;0.3600;1.2946;5.8500;-0.9346;-5.4900
2024-08-23 12:00;0.3700;1.2946;5.8200;-0.9246;-5.4500
2024-08-23 13:00;0.3800;1.2946;5.7800;-0.9146;-5.4000
2024-08-23 14:00;0.3900;1.2946;5.7500;-0.9046;-5.3600
2024-08-23 15:00;0.4000;1.2946;5.7200;-0.8946;-5.3200
2024-08-23 16:00;0.4000;1.2946;5.6800;-0.8946;-5.2800
2024-08-23 17:00;0.4000;1.2946;5.6600;-0.8946;-5.2600
2024-08-23 18:00;0.4000;1.2946;5.6300;-0.8946;-5.2300
2024-08-23 19:00;0.4000;1.2946;5.6100;-0.8946;-5.2100
2024-08-23 20:00;0.4000;1.2946;5.5800;-0.8946;-5.1800
2024-08-23 21:00;0.3900;1.2946;5.5600;-0.9046;-5.1700
2024-08-23 22:00;0.3900;1.2946;5.5400;-0.9046;-5.1500
2024-08-23 23:00;0.3800;1.2946;5.5200;-0.9146;-5.1400
2024-08-24 00:00;0.3800;1.2946;5.5000;-0.9146;-5.1200
2024-08-24 01:00;0.3800;1.2946;5.4800;-0.9146;-5.1000
2024-08-24 02:00;0.3800;1.2946;5.4600;-0.9146;-5.0800
2024-08-24 03:00;0.3800;1.2946;5.4400;-0.9146;-5.0600
2024-08-24 04:00;0.3800;1.2946;5.4200;-0.9146;-5.0400
2024-08-24 05:00;0.3700;1.2946;5.4000;-0.9246;-5.0300
2024-08-24 06:00;0.3700;1.2946;5.3800;-0.9246;-5.0100
2024-08-24 07:00;0.3600;1.2946;5.3600;-0.9346;-5.0000
2024-08-24 08:00;0.3600;1.2946;5.3400;-0.9346;-4.9800
2024-08-24 09:00;0.3600;1.2946;5.3200;-0.9346;-4.9600
2024-08-24 10:00;0.3500;1.2946;5.3000;-0.9446;-4.9500
2024-08-24 11:00;0.3500;1.2946;5.2900;-0.9446;-4.9400
2024-08-24 12:00;0.3400;1.2946;5.2700;-0.9546;-4.9300
2024-08-24 13:00;0.3300;1.2946;5.2500;-0.9646;-4.9200
2024-08-24 14:00;0.3300;1.2946;5.2300;-0.9646;-4.9000
2024-08-24 15:00;0.3300;1.2946;5.2200;-0.9646;-4.8900
2024-08-24 16:00;0.3100;1.2946;5.2000;-0.9846;-4.8900
2024-08-24 17:00;0.3000;1.2946;5.1800;-0.9946;-4.8800
2024-08-24 18:00;0.2900;1.2946;5.1700;-1.0046;-4.8800
2024-08-24 19:00;0.2900;1.2946;5.1500;-1.0046;-4.8600
2024-08-24 20:00;0.2900;1.2946;5.1400;-1.0046;-4.8500
2024-08-24 21:00;0.2800;1.2946;5.1200;-1.0146;-4.8400
2024-08-24 22:00;0.2700;1.2946;5.1000;-1.0246;-4.8300
2024-08-24 23:00;0.2800;1.2946;5.0900;-1.0146;-4.8100
2024-08-25 00:00;0.2800;1.2946;5.0700;-1.0146;-4.7900
2024-08-25 01:00;0.2800;1.2946;5.0600;-1.0146;-4.7800
2024-08-25 02:00;0.2800;1.2946;5.0400;-1.0146;-4.7600
2024-08-25 03:00;0.2800;1.2946;5.0300;-1.0146;-4.7500
2024-08-25 04:00;0.2800;1.2946;5.0100;-1.0146;-4.7300
2024-08-25 05:00;0.2800;1.2946;5.0000;-1.0146;-4.7200
2024-08-25 06:00;0.2800;1.2946;4.9800;-1.0146;-4.7000
2024-08-25 07:00;0.2700;1.2946;4.9600;-1.0246;-4.6900
2024-08-25 08:00;0.2600;1.2946;4.9500;-1.0346;-4.6900
2024-08-25 09:00;0.2700;1.2946;4.9300;-1.0246;-4.6600
2024-08-25 10:00;0.2600;1.2946;4.9200;-1.0346;-4.6600
2024-08-25 11:00;0.2600;1.2946;4.9000;-1.0346;-4.6400
2024-08-25 12:00;0.2600;1.2946;4.8900;-1.0346;-4.6300
2024-08-25 13:00;0.2700;1.2946;4.8700;-1.0246;-4.6000
2024-08-25 14:00;0.2700;1.2946;4.8600;-1.0246;-4.5900
2024-08-25 15:00;0.2800;1.2946;4.8500;-1.0146;-4.5700
2024-08-25 16:00;0.2800;1.2946;4.8300;-1.0146;-4.5500
2024-08-25 17:00;0.2800;1.2946;4.8200;-1.0146;-4.5400
2024-08-25 18:00;0.2700;1.2946;4.8100;-1.0246;-4.5400
2024-08-25 19:00;0.2800;1.2946;4.7900;-1.0146;-4.5100
2024-08-25 20:00;0.2800;1.2946;4.7800;-1.0146;-4.5000
2024-08-25 21:00;0.2700;1.2946;4.7700;-1.0246;-4.5000
2024-08-25 22:00;0.2600;1.2946;4.7600;-1.0346;-4.5000
2024-08-25 23:00;0.2400;1.2946;4.7400;-1.0546;-4.5000
2024-08-26 00:00;0.2500;1.2946;4.7300;-1.0446;-4.4800
2024-08-26 01:00;0.2600;1.2946;4.7200;-1.0346;-4.4600
2024-08-26 02:00;0.2700;1.2946;4.7000;-1.0246;-4.4300
2024-08-26 03:00;0.2700;1.2946;4.6900;-1.0246;-4.4200
2024-08-26 04:00;0.2700;1.2946;4.6800;-1.0246;-4.4100
2024-08-26 05:00;0.2700;1.2946;4.6700;-1.0246;-4.4000
2024-08-26 06:00;0.2700;1.2946;4.6500;-1.0246;-4.3800
2024-08-26 07:00;0.2600;1.2946;4.6400;-1.0346;-4.3800
2024-08-26 08:00;0.2600;1.2946;4.6300;-1.0346;-4.3700
2024-08-26 09:00;0.2600;1.2946;4.6100;-1.0346;-4.3500
2024-08-26 10:00;0.2600;1.2946;4.6000;-1.0346;-4.3400
2024-08-26 11:00;0.2500;1.2946;4.5900;-1.0446;-4.3400
2024-08-26 12:00;0.2600;1.2946;4.5800;-1.0346;-4.3200
2024-08-26 13:00;0.2600;1.2946;4.5600;-1.0346;-4.3000
2024-08-26 14:00;0.2600;1.2946;4.5500;-1.0346;-4.2900
2024-08-26 15:00;0.2600;1.2946;4.5400;-1.0346;-4.2800
2024-08-26 16:00;0.2700;1.2946;4.5300;-1.0246;-4.2600
2024-08-26 17:00;0.2700;1.2946;4.5200;-1.0246;-4.2500
2024-08-26 18:00;0.2600;1.2946;4.5100;-1.0346;-4.2500
2024-08-26 19:00;0.2600;1.2946;4.5000;-1.0346;-4.2400
2024-08-26 20:00;0.2500;1.2946;4.4800;-1.0446;-4.2300
2024-08-26 21:00;0.2200;1.2946;4.4700;-1.0746;-4.2500
2024-08-26 22:00;0.1900;1.2946;4.4600;-1.1046;-4.2700
2024-08-26 23:00;0.1900;1.2946;4.4500;-1.1046;-4.2600
2024-08-27 00:00;0.1900;1.2946;4.4400;-1.1046;-4.2500
2024-08-27 01:00;0.2100;1.2946;4.4300;-1.0846;-4.2200
2024-08-27 02:00;0.2200;1.2946;4.4200;-1.0746;-4.2000
2024-08-27 03:00;0.2300;1.2946;4.4100;-1.0646;-4.1800
2024-08-27 04:00;0.2400;1.2946;4.4000;-1.0546;-4.1600
2024-08-27 05:00;0.2600;1.2946;4.3900;-1.0346;-4.1300
2024-08-27 06:00;0.2800;1.2946;4.3800;-1.0146;-4.1000
2024-08-27 07:00;0.2900;1.2946;4.3700;-1.0046;-4.0800
2024-08-27 08:00;0.2900;1.2946;4.3600;-1.0046;-4.0700
2024-08-27 09:00;0.2900;1.2946;4.3500;-1.0046;-4.0600
2024-08-27 10:00;0.2900;1.2946;4.3300;-1.0046;-4.0400
2024-08-27 11:00;0.2900;1.2946;4.3200;-1.0046;-4.0300
2024-08-27 12:00;0.2900;1.2946;4.3100;-1.0046;-4.0200
2024-08-27 13:00;0.2900;1.2946;4.3000;-1.0046;-4.0100
2024-08-27 14:00;0.2800;1.2946;4.3000;-1.0146;-4.0200
2024-08-27 15:00;0.2800;1.2946;4.2900;-1.0146;-4.0100
2024-08-27 16:00;0.2700;1.2946;4.2800;-1.0246;-4.0100
2024-08-27 17:00;0.2700;1.2946;4.2700;-1.0246;-4.0000
2024-08-27 18:00;0.2700;1.2946;4.2600;-1.0246;-3.9900
2024-08-27 19:00;0.2600;1.2946;4.2500;-1.0346;-3.9900
2024-08-27 20:00;0.2600;1.2946;4.2400;-1.0346;-3.9800
2024-08-27 21:00;0.2600;1.2946;4.2300;-1.0346;-3.9700
2024-08-27 22:00;0.2500;1.2946;4.2200;-1.0446;-3.9700
2024-08-27 23:00;0.2400;1.2946;4.2200;-1.0546;-3.9800
2024-08-28 00:00;0.2400;1.2946;4.2100;-1.0546;-3.9700
2024-08-28 01:00;0.2500;1.2946;4.2000;-1.0446;-3.9500
2024-08-28 02:00;0.2600;1.2946;4.1900;-1.0346;-3.9300
2024-08-28 03:00;0.2600;1.2946;4.1800;-1.0346;-3.9200
2024-08-28 04:00;0.2700;1.2946;4.1700;-1.0246;-3.9000
2024-08-28 05:00;0.2700;1.2946;4.1600;-1.0246;-3.8900
2024-08-28 06:00;0.2700;1.2946;4.1500;-1.0246;-3.8800
2024-08-28 07:00;0.2700;1.2946;4.1400;-1.0246;-3.8700
2024-08-28 08:00;0.2600;1.2946;4.1300;-1.0346;-3.8700
2024-08-28 09:00;0.2600;1.2946;4.1300;-1.0346;-3.8700
2024-08-28 10:00;0.2600;1.2946;4.1200;-1.0346;-3.8600
2024-08-28 11:00;0.2600;1.2946;4.1100;-1.0346;-3.8500
2024-08-28 12:00;0.2700;1.2946;4.1000;-1.0246;-3.8300
2024-08-28 13:00;0.2700;1.2946;4.0900;-1.0246;-3.8200
2024-08-28 14:00;0.2800;1.2946;4.0900;-1.0146;-3.8100
2024-08-28 15:00;0.2800;1.2946;4.0900;-1.0146;-3.8100
2024-08-28 16:00;0.2800;1.2946;4.0900;-1.0146;-3.8100
2024-08-28 17:00;0.2700;1.2946;4.1100;-1.0246;-3.8400
2024-08-28 18:00;0.2600;1.2946;4.1300;-1.0346;-3.8700
2024-08-28 19:00;0.2700;1.2946;4.1600;-1.0246;-3.8900
2024-08-28 20:00;0.2600;1.2946;4.2100;-1.0346;-3.9500
2024-08-28 21:00;0.2600;1.2946;4.2500;-1.0346;-3.9900
2024-08-28 22:00;0.2600;1.2946;4.3000;-1.0346;-4.0400
2024-08-28 23:00;0.2600;1.2946;4.3500;-1.0346;-4.0900
2024-08-29 00:00;0.2600;1.2946;4.3900;-1.0346;-4.1300
2024-08-29 01:00;0.2700;1.2946;4.4100;-1.0246;-4.1400
2024-08-29 02:00;0.2800;1.2946;4.4300;-1.0146;-4.1500
2024-08-29 03:00;0.2900;1.2946;4.4500;-1.0046;-4.1600
2024-08-29 04:00;0.2900;1.2946;4.4500;-1.0046;-4.1600
2024-08-29 05:00;0.2900;1.2946;4.4500;-1.0046;-4.1600
2024-08-29 06:00;0.2900;1.2946;4.4400;-1.0046;-4.1500
2024-08-29 07:00;0.2900;1.2946;4.4300;-1.0046;-4.1400
2024-08-29 08:00;0.2900;1.2946;4.4200;-1.0046;-4.1300
2024-08-29 09:00;0.2900;1.2946;4.4100;-1.0046;-4.1200
2024-08-29 10:00;0.2900;1.2946;4.3900;-1.0046;-4.1000
2024-08-29 11:00;0.2900;1.2946;4.3800;-1.0046;-4.0900
2024-08-29 12:00;0.2900;1.2946;4.3600;-1.0046;-4.0700
2024-08-29 13:00;0.2900;1.2946;4.3500;-1.0046;-4.0600
2024-08-29 14:00;0.3000;1.2946;4.3400;-0.9946;-4.0400
2024-08-29 15:00;0.2900;1.2946;4.3200;-1.0046;-4.0300
2024-08-29 16:00;0.3000;1.2946;4.3100;-0.9946;-4.0100
2024-08-29 17:00;0.2900;1.2946;4.2900;-1.0046;-4.0000
2024-08-29 18:00;0.2900;1.2946;4.2800;-1.0046;-3.9900
2024-08-29 19:00;0.2900;1.2946;4.2600;-1.0046;-3.9700
2024-08-29 20:00;0.2900;1.2946;4.2500;-1.0046;-3.9600
2024-08-29 21:00;0.2800;1.2946;4.2400;-1.0146;-3.9600
2024-08-29 22:00;0.2800;1.2946;4.2200;-1.0146;-3.9400
2024-08-29 23:00;0.2700;1.2946;4.2100;-1.0246;-3.9400
2024-08-30 00:00;0.2900;1.2946;4.2000;-1.0046;-3.9100
2024-08-30 01:00;0.2800;1.2946;4.1800;-1.0146;-3.9000
2024-08-30 02:00;0.2900;1.2946;4.1700;-1.0046;-3.8800
2024-08-30 03:00;0.3100;1.2946;4.1600;-0.9846;-3.8500
2024-08-30 04:00;0.3100;1.2946;4.1500;-0.9846;-3.8400
2024-08-30 05:00;0.3100;1.2946;4.1500;-0.9846;-3.8400
2024-08-30 06:00;0.3100;1.2946;4.1700;-0.9846;-3.8600
2024-08-30 07:00;0.3000;1.2946;4.2200;-0.9946;-3.9200
2024-08-30 08:00;0.2900;1.2946;4.3200;-1.0046;-4.0300
2024-08-30 09:00;0.2900;1.2946;4.4600;-1.0046;-4.1700
2024-08-30 10:00;0.2900;1.2946;4.6400;-1.0046;-4.3500
2024-08-30 11:00;0.2900;1.2946;4.8300;-1.0046;-4.5400
2024-08-30 12:00;0.2900;1.2946;5.0200;-1.0046;-4.7300
2024-08-30 13:00;0.3000;1.2946;5.1800;-0.9946;-4.8800
2024-08-30 14:00;0.3000;1.2946;5.3100;-0.9946;-5.0100
2024-08-30 15:00;0.3000;1.2946;5.4000;-0.9946;-5.1000
2024-08-30 16:00;0.2900;1.2946;5.4600;-1.0046;-5.1700
2024-08-30 17:00;0.2900;1.2946;5.4900;-1.0046;-5.2000
2024-08-30 18:00;0.2900;1.2946;5.5000;-1.0046;-5.2100
2024-08-30 19:00;0.2900;1.2946;5.5000;-1.0046;-5.2100
2024-08-30 20:00;0.2800;1.2946;5.4800;-1.0146;-5.2000
2024-08-30 21:00;0.2800;1.2946;5.4700;-1.0146;-5.1900
2024-08-30 22:00;0.2700;1.2946;5.4500;-1.0246;-5.1800
2024-08-30 23:00;0.2700;1.2946;5.4200;-1.0246;-5.1500
2024-08-31 00:00;0.2600;1.2946;5.4000;-1.0346;-5.1400
2024-08-31 01:00;0.2600;1.2946;5.3800;-1.0346;-5.1200
2024-08-31 02:00;0.2600;1.2946;5.3600;-1.0346;-5.1000
2024-08-31 03:00;0.2700;1.2946;5.3300;-1.0246;-5.0600
2024-08-31 04:00;0.2700;1.2946;5.3100;-1.0246;-5.0400
2024-08-31 05:00;0.2800;1.2946;5.2900;-1.0146;-5.0100
2024-08-31 06:00;0.2800;1.2946;5.2600;-1.0146;-4.9800
2024-08-31 07:00;0.2800;1.2946;5.2400;-1.0146;-4.9600
2024-08-31 08:00;0.2800;1.2946;5.2200;-1.0146;-4.9400
2024-08-31 09:00;0.2800;1.2946;5.2000;-1.0146;-4.9200
2024-08-31 10:00;0.2800;1.2946;5.1700;-1.0146;-4.8900
2024-08-31 11:00;0.2800;1.2946;5.1500;-1.0146;-4.8700
2024-08-31 12:00;0.2800;1.2946;5.1300;-1.0146;-4.8500
2024-08-31 13:00;0.2800;1.2946;5.1100;-1.0146;-4.8300
2024-08-31 14:00;0.2800;1.2946;5.0900;-1.0146;-4.8100
2024-08-31 15:00;0.2800;1.2946;5.0700;-1.0146;-4.7900
2024-08-31 16:00;0.2800;1.2946;5.0500;-1.0146;-4.7700
2024-08-31 17:00;0.2800;1.2946;5.0400;-1.0146;-4.7600
2024-08-31 18:00;0.2900;1.2946;5.0200;-1.0046;-4.7300
2024-08-31 19:00;0.2800;1.2946;5.0000;-1.0146;-4.7200
2024-08-31 20:00;0.2800;1.2946;4.9800;-1.0146;-4.7000
2024-08-31 21:00;0.2800;1.2946;4.9600;-1.0146;-4.6800
2024-08-31 22:00;0.2700;1.2946;4.9400;-1.0246;-4.6700
2024-08-31 23:00;0.2600;1.2946;4.9300;-1.0346;-4.6700
2024-09-01 00:00;0.2600;1.2946;4.9100;-1.0346;-4.6500
2024-09-01 01:00;0.2600;1.2946;4.8900;-1.0346;-4.6300
2024-09-01 02:00;0.2600;1.2946;4.8700;-1.0346;-4.6100
2024-09-01 03:00;0.2500;1.2946;4.8600;-1.0446;-4.6100
2024-09-01 04:00;0.2600;1.2946;4.8400;-1.0346;-4.5800
2024-09-01 05:00;0.2500;1.2946;4.8200;-1.0446;-4.5700
2024-09-01 06:00;0.2600;1.2946;4.8000;-1.0346;-4.5400
2024-09-01 07:00;0.2600;1.2946;4.7900;-1.0346;-4.5300
2024-09-01 08:00;0.2600;1.2946;4.7700;-1.0346;-4.5100
2024-09-01 09:00;0.2600;1.2946;4.7500;-1.0346;-4.4900
2024-09-01 10:00;0.2500;1.2946;4.7400;-1.0446;-4.4900
2024-09-01 11:00;0.2500;1.2946;4.7200;-1.0446;-4.4700
2024-09-01 12:00;0.2500;1.2946;4.7000;-1.0446;-4.4500
2024-09-01 13:00;0.2400;1.2946;4.6900;-1.0546;-4.4500
2024-09-01 14:00;0.2400;1.2946;4.6700;-1.0546;-4.4300
2024-09-01 15:00;0.2400;1.2946;4.6600;-1.0546;-4.4200
2024-09-01 16:00;0.2500;1.2946;4.6400;-1.0446;-4.3900
2024-09-01 17:00;0.2400;1.2946;4.6300;-1.0546;-4.3900
2024-09-01 18:00;0.2400;1.2946;4.6100;-1.0546;-4.3700
2024-09-01 19:00;0.2400;1.2946;4.6000;-1.0546;-4.3600
2024-09-01 20:00;0.2400;1.2946;4.5800;-1.0546;-4.3400
2024-09-01 21:00;0.2400;1.2946;4.5700;-1.0546;-4.3300
2024-09-01 22:00;0.2400;1.2946;4.5600;-1.0546;-4.3200
2024-09-01 23:00;0.2300;1.2946;4.5400;-1.0646;-4.3100
2024-09-02 00:00;0.2200;1.2946;4.5300;-1.0746;-4.3100
2024-09-02 01:00;0.2200;1.2946;4.5200;-1.0746;-4.3000
2024-09-02 02:00;0.2300;1.2946;4.5000;-1.0646;-4.2700
2024-09-02 03:00;0.2300;1.2946;4.4900;-1.0646;-4.2600
2024-09-02 04:00;0.2400;1.2946;4.4700;-1.0546;-4.2300
2024-09-02 05:00;0.2700;1.2946;4.4600;-1.0246;-4.1900
2024-09-02 06:00;0.3000;1.2946;4.4500;-0.9946;-4.1500
2024-09-02 07:00;0.3000;1.2946;4.4300;-0.9946;-4.1300
2024-09-02 08:00;0.3100;1.2946;4.4200;-0.9846;-4.1100
2024-09-02 09:00;0.3100;1.2946;4.4100;-0.9846;-4.1000
2024-09-02 10:00;0.3200;1.2946;4.3900;-0.9746;-4.0700
2024-09-02 11:00;0.3200;1.2946;4.3800;-0.9746;-4.0600
2024-09-02 12:00;0.3200;1.2946;4.3700;-0.9746;-4.0500
2024-09-02 13:00;0.3100;1.2946;4.3600;-0.9846;-4.0500
2024-09-02 14:00;0.3000;1.2946;4.3400;-0.9946;-4.0400
2024-09-02 15:00;0.2900;1.2946;4.3300;-1.0046;-4.0400
2024-09-02 16:00;0.2800;1.2946;4.3200;-1.0146;-4.0400
2024-09-02 17:00;0.2600;1.2946;4.3100;-1.0346;-4.0500
2024-09-02 18:00;0.2400;1.2946;4.3000;-1.0546;-4.0600
2024-09-02 19:00;0.2500;1.2946;4.2900;-1.0446;-4.0400
2024-09-02 20:00;0.2600;1.2946;4.2800;-1.0346;-4.0200
2024-09-02 21:00;0.2800;1.2946;4.2700;-1.0146;-3.9900
2024-09-02 22:00;0.2800;1.2946;4.2700;-1.0146;-3.9900
2024-09-02 23:00;0.2800;1.2946;4.2600;-1.0146;-3.9800
2024-09-03 00:00;0.2900;1.2946;4.2500;-1.0046;-3.9600
2024-09-03 01:00;0.3000;1.2946;4.2300;-0.9946;-3.9300
2024-09-03 02:00;0.3100;1.2946;4.2200;-0.9846;-3.9100
2024-09-03 03:00;0.3200;1.2946;4.2100;-0.9746;-3.8900
2024-09-03 04:00;0.3200;1.2946;4.2000;-0.9746;-3.8800
2024-09-03 05:00;0.3200;1.2946;4.1900;-0.9746;-3.8700
2024-09-03 06:00;0.3300;1.2946;4.1800;-0.9646;-3.8500
2024-09-03 07:00;0.3200;1.2946;4.1700;-0.9746;-3.8500
2024-09-03 08:00;0.3300;1.2946;4.1600;-0.9646;-3.8300
2024-09-03 09:00;0.3300;1.2946;4.1500;-0.9646;-3.8200
2024-09-03 10:00;0.3300;1.2946;4.1400;-0.9646;-3.8100
2024-09-03 11:00;0.3200;1.2946;4.1200;-0.9746;-3.8000
2024-09-03 12:00;0.3200;1.2946;4.1100;-0.9746;-3.7900
2024-09-03 13:00;0.3200;1.2946;4.1000;-0.9746;-3.7800
2024-09-03 14:00;0.3200;1.2946;4.0900;-0.9746;-3.7700
2024-09-03 15:00;0.3200;1.2946;4.0800;-0.9746;-3.7600
2024-09-03 16:00;0.3100;1.2946;4.0700;-0.9846;-3.7600
2024-09-03 17:00;0.3000;1.2946;4.0700;-0.9946;-3.7700
2024-09-03 18:00;0.2900;1.2946;4.0600;-1.0046;-3.7700
2024-09-03 19:00;0.2900;1.2946;4.0600;-1.0046;-3.7700
2024-09-03 20:00;0.3000;1.2946;4.0600;-0.9946;-3.7600
2024-09-03 21:00;0.3000;1.2946;4.0600;-0.9946;-3.7600
2024-09-03 22:00;0.2900;1.2946;4.0600;-1.0046;-3.7700
2024-09-03 23:00;0.2900;1.2946;4.0700;-1.0046;-3.7800
2024-09-04 00:00;0.3000;1.2946;4.0700;-0.9946;-3.7700
2024-09-04 01:00;0.3200;1.2946;4.0800;-0.9746;-3.7600
2024-09-04 02:00;0.3300;1.2946;4.1000;-0.9646;-3.7700
2024-09-04 03:00;0.3400;1.2946;4.1200;-0.9546;-3.7800
2024-09-04 04:00;0.3500;1.2946;4.1600;-0.9446;-3.8100
2024-09-04 05:00;0.3600;1.2946;4.2500;-0.9346;-3.8900
2024-09-04 06:00;0.3700;1.2946;4.3800;-0.9246;-4.0100
2024-09-04 07:00;0.3700;1.2946;4.5700;-0.9246;-4.2000
2024-09-04 08:00;0.3800;1.2946;4.8100;-0.9146;-4.4300
2024-09-04 09:00;0.3900;1.2946;5.0700;-0.9046;-4.6800
2024-09-04 10:00;0.4000;1.2946;5.3200;-0.8946;-4.9200
2024-09-04 11:00;0.4100;1.2946;5.5400;-0.8846;-5.1300
2024-09-04 12:00;0.4200;1.2946;5.7100;-0.8746;-5.2900
2024-09-04 13:00;0.4200;1.2946;5.8100;-0.8746;-5.3900
2024-09-04 14:00;0.4200;1.2946;5.8900;-0.8746;-5.4700
2024-09-04 15:00;0.4200;1.2946;6.0500;-0.8746;-5.6300
2024-09-04 16:00;0.4100;1.2946;6.7100;-0.8846;-6.3000
2024-09-04 17:00;0.4100;1.2946;8.5500;-0.8846;-8.1400
2024-09-04 18:00;0.4000;1.2946;11.8100;-0.8946;-11.4100
2024-09-04 19:00;0.4000;1.2946;15.8100;-0.8946;-15.4100
2024-09-04 20:00;0.3900;1.2946;19.1100;-0.9046;-18.7200
2024-09-04 21:00;0.3900;1.2946;20.6900;-0.9046;-20.3000
2024-09-04 22:00;0.3800;1.2946;20.5500;-0.9146;-20.1700
2024-09-04 23:00;0.3800;1.2946;19.2800;-0.9146;-18.9000
2024-09-05 00:00;0.3800;1.2946;17.5500;-0.9146;-17.1700
2024-09-05 01:00;0.3800;1.2946;15.7500;-0.9146;-15.3700
2024-09-05 02:00;0.3800;1.2946;14.0600;-0.9146;-13.6800
2024-09-05 03:00;0.3900;1.2946;12.5600;-0.9046;-12.1700
2024-09-05 04:00;0.3900;1.2946;11.2500;-0.9046;-10.8600
2024-09-05 05:00;0.3800;1.2946;10.1300;-0.9146;-9.7500
2024-09-05 06:00;0.3800;1.2946;9.2000;-0.9146;-8.8200
2024-09-05 07:00;0.3800;1.2946;8.4300;-0.9146;-8.0500
2024-09-05 08:00;0.3800;1.2946;7.8000;-0.9146;-7.4200
2024-09-05 09:00;0.3800;1.2946;7.2900;-0.9146;-6.9100
2024-09-05 10:00;0.3800;1.2946;6.8900;-0.9146;-6.5100
2024-09-05 11:00;0.3800;1.2946;6.5600;-0.9146;-6.1800
2024-09-05 12:00;0.3800;1.2946;6.3000;-0.9146;-5.9200
2024-09-05 13:00;0.3800;1.2946;6.1200;-0.9146;-5.7400
2024-09-05 14:00;0.3900;1.2946;6.0200;-0.9046;-5.6300
2024-09-05 15:00;0.3800;1.2946;6.1200;-0.9146;-5.7400
2024-09-05 16:00;0.3800;1.2946;6.6300;-0.9146;-6.2500
2024-09-05 17:00;0.3700;1.2946;7.8200;-0.9246;-7.4500
2024-09-05 18:00;0.3600;1.2946;9.8400;-0.9346;-9.4800
2024-09-05 19:00;0.3600;1.2946;12.4700;-0.9346;-12.1100
2024-09-05 20:00;0.3600;1.2946;15.1600;-0.9346;-14.8000
2024-09-05 21:00;0.3600;1.2946;17.2900;-0.9346;-16.9300
2024-09-05 22:00;0.3700;1.2946;18.5500;-0.9246;-18.1800
2024-09-05 23:00;0.3700;1.2946;18.9800;-0.9246;-18.6100
2024-09-06 00:00;0.3800;1.2946;18.8200;-0.9146;-18.4400
2024-09-06 01:00;0.3800;1.2946;18.3200;-0.9146;-17.9400
2024-09-06 02:00;0.3800;1.2946;17.6600;-0.9146;-17.2800
2024-09-06 03:00;0.3700;1.2946;16.9400;-0.9246;-16.5700
2024-09-06 04:00;0.3800;1.2946;16.2300;-0.9146;-15.8500
2024-09-06 05:00;0.3900;1.2946;15.5400;-0.9046;-15.1500
2024-09-06 06:00;0.4000;1.2946;14.9000;-0.8946;-14.5000
2024-09-06 07:00;0.4100;1.2946;14.3000;-0.8846;-13.8900
2024-09-06 08:00;0.4300;1.2946;13.7500;-0.8646;-13.3200
2024-09-06 09:00;0.4400;1.2946;13.2300;-0.8546;-12.7900
2024-09-06 10:00;1.3200;1.2946;12.7600;0.0254;-11.4400
2024-09-06 11:00;1.3200;1.2946;12.3300;0.0254;-11.0100
2024-09-06 12:00;1.0300;1.2946;11.9300;-0.2646;-10.9000
2024-09-06 13:00;0.4400;1.2946;11.5700;-0.8546;-11.1300
2024-09-06 14:00;0.4400;1.2946;11.2400;-0.8546;-10.8000
2024-09-06 15:00;0.4300;1.2946;10.9400;-0.8646;-10.5100
2024-09-06 16:00;0.4300;1.2946;10.6600;-0.8646;-10.2300
2024-09-06 17:00;0.4200;1.2946;10.4000;-0.8746;-9.9800
2024-09-06 18:00;0.4100;1.2946;10.1700;-0.8846;-9.7600
2024-09-06 19:00;0.4100;1.2946;9.9500;-0.8846;-9.5400
2024-09-06 20:00;0.4100;1.2946;9.7400;-0.8846;-9.3300
2024-09-06 21:00;0.4100;1.2946;9.5500;-0.8846;-9.1400
2024-09-06 22:00;0.4100;1.2946;9.3700;-0.8846;-8.9600
2024-09-06 23:00;0.4100;1.2946;9.2000;-0.8846;-8.7900
2024-09-07 00:00;0.4100;1.2946;9.0400;-0.8846;-8.6300
2024-09-07 01:00;0.4100;1.2946;8.8900;-0.8846;-8.4800
2024-09-07 02:00;0.4000;1.2946;8.7500;-0.8946;-8.3500
2024-09-07 03:00;0.4000;1.2946;8.6200;-0.8946;-8.2200
2024-09-07 04:00;0.3900;1.2946;8.5000;-0.9046;-8.1100
2024-09-07 05:00;0.3900;1.2946;8.3800;-0.9046;-7.9900
2024-09-07 06:00;0.3800;1.2946;8.2700;-0.9146;-7.8900
2024-09-07 07:00;0.3700;1.2946;8.1700;-0.9246;-7.8000
2024-09-07 08:00;0.3700;1.2946;8.0700;-0.9246;-7.7000
2024-09-07 09:00;0.3700;1.2946;7.9800;-0.9246;-7.6100
2024-09-07 10:00;0.3700;1.2946;7.8900;-0.9246;-7.5200
2024-09-07 11:00;0.3600;1.2946;7.8100;-0.9346;-7.4500
2024-09-07 12:00;0.3600;1.2946;7.7300;-0.9346;-7.3700
2024-09-07 13:00;0.3500;1.2946;7.6600;-0.9446;-7.3100
2024-09-07 14:00;0.3500;1.2946;7.5900;-0.9446;-7.2400
2024-09-07 15:00;0.3300;1.2946;7.5200;-0.9646;-7.1900
2024-09-07 16:00;0.3200;1.2946;7.4500;-0.9746;-7.1300
2024-09-07 17:00;0.3000;1.2946;7.3900;-0.9946;-7.0900
2024-09-07 18:00;0.2800;1.2946;7.3300;-1.0146;-7.0500
2024-09-07 19:00;0.2700;1.2946;7.2600;-1.0246;-6.9900
2024-09-07 20:00;0.2500;1.2946;7.2000;-1.0446;-6.9500
2024-09-07 21:00;0.2400;1.2946;7.1500;-1.0546;-6.9100
2024-09-07 22:00;0.2400;1.2946;7.0900;-1.0546;-6.8500
2024-09-07 23:00;0.2400;1.2946;7.0300;-1.0546;-6.7900
2024-09-08 00:00;0.2400;1.2946;6.9700;-1.0546;-6.7300
2024-09-08 01:00;0.2300;1.2946;6.9200;-1.0646;-6.6900
2024-09-08 02:00;0.2200;1.2946;6.8600;-1.0746;-6.6400
2024-09-08 03:00;0.2100;1.2946;6.8100;-1.0846;-6.6000
2024-09-08 04:00;0.2100;1.2946;6.7600;-1.0846;-6.5500
2024-09-08 05:00;0.2000;1.2946;6.7100;-1.0946;-6.5100
2024-09-08 06:00;0.2000;1.2946;6.6600;-1.0946;-6.4600
2024-09-08 07:00;0.2000;1.2946;6.6100;-1.0946;-6.4100
2024-09-08 08:00;0.2000;1.2946;6.5700;-1.0946;-6.3700
2024-09-08 09:00;0.2000;1.2946;6.5200;-1.0946;-6.3200
2024-09-08 10:00;0.2000;1.2946;6.4800;-1.0946;-6.2800
2024-09-08 11:00;0.2100;1.2946;6.4400;-1.0846;-6.2300
2024-09-08 12:00;0.2200;1.2946;6.4000;-1.0746;-6.1800
2024-09-08 13:00;0.2200;1.2946;6.3600;-1.0746;-6.1400
2024-09-08 14:00;0.2200;1.2946;6.3300;-1.0746;-6.1100
2024-09-08 15:00;0.2600;1.2946;6.3300;-1.0346;-6.0700
2024-09-08 16:00;0.3200;1.2946;6.4300;-0.9746;-6.1100
2024-09-08 17:00;0.3800;1.2946;7.2500;-0.9146;-6.8700
2024-09-08 18:00;1.6200;1.2946;11.3500;0.3254;-9.7300
2024-09-08 19:00;9.1500;2.1828;24.5300;6.9672;-15.3800
2024-09-08 20:00;13.0600;5.6995;52.7300;7.3605;-39.6700
2024-09-08 21:00;19.1500;19.3775;94.2400;-0.2275;-75.0900
2024-09-08 22:00;29.9000;27.1096;137.9600;2.7904;-108.0600
2024-09-08 23:00;94.1200;32.0933;170.7100;62.0267;-76.5900
2024-09-09 00:00;146.4000;42.4301;186.5300;103.9699;-40.1300
2024-09-09 01:00;131.1700;47.7721;188.1300;83.3979;-56.9600
2024-09-09 02:00;110.2100;54.7571;181.6300;55.4529;-71.4200
2024-09-09 03:00;94.1200;55.2439;171.9700;38.8761;-77.8500
2024-09-09 04:00;79.3600;50.3214;161.1900;29.0386;-81.8300
2024-09-09 05:00;71.1300;44.7582;149.9500;26.3718;-78.8200
2024-09-09 06:00;63.4300;38.9563;138.5700;24.4737;-75.1400
2024-09-09 07:00;58.4600;32.8206;127.3100;25.6394;-68.8500
2024-09-09 08:00;53.7600;29.2126;116.5100;24.5474;-62.7500
2024-09-09 09:00;42.9000;22.7722;106.4600;20.1278;-63.5600
2024-09-09 10:00;37.0100;17.4688;97.3900;19.5412;-60.3800
2024-09-09 11:00;31.6100;13.1408;89.3700;18.4692;-57.7600
2024-09-09 12:00;28.1800;9.9072;82.3900;18.2728;-54.2100
2024-09-09 13:00;25.0100;7.5850;76.3900;17.4250;-51.3800
2024-09-09 14:00;23.5400;6.4396;71.2600;17.1004;-47.7200
2024-09-09 15:00;20.6100;4.9511;66.8800;15.6589;-46.2700
2024-09-09 16:00;19.1500;4.4079;63.1400;14.7421;-43.9900
2024-09-09 17:00;16.7100;3.7290;59.9400;12.9810;-43.2300
2024-09-09 18:00;13.0600;3.5162;57.1700;9.5438;-44.1100
2024-09-09 19:00;13.0600;3.4363;54.7500;9.6237;-41.6900
2024-09-09 20:00;16.7100;3.3501;52.6100;13.3599;-35.9000
2024-09-09 21:00;16.7100;3.1683;50.7100;13.5417;-34.0000
2024-09-09 22:00;15.5000;3.2467;49.0100;12.2533;-33.5100
2024-09-09 23:00;15.5000;3.3041;47.4700;12.1959;-31.9700
2024-09-10 00:00;14.2800;3.3573;46.0700;10.9227;-31.7900
2024-09-10 01:00;14.2800;3.2953;44.7800;10.9847;-30.5000
2024-09-10 02:00;14.2800;3.2060;43.6000;11.0740;-29.3200
2024-09-10 03:00;13.0600;3.0184;42.5000;10.0416;-29.4400
2024-09-10 04:00;13.0600;3.0474;41.4900;10.0126;-28.4300
2024-09-10 05:00;12.0800;3.0614;40.5400;9.0186;-28.4600
2024-09-10 06:00;11.1000;3.0227;39.6400;8.0773;-28.5400
2024-09-10 07:00;11.1000;2.9060;38.8100;8.1940;-27.7100
2024-09-10 08:00;10.1300;2.7251;38.0200;7.4049;-27.8900
2024-09-10 09:00;10.1300;2.3498;37.2700;7.7802;-27.1400
2024-09-10 10:00;8.1700;1.9153;36.5600;6.2547;-28.3900
2024-09-10 11:00;6.6900;1.6429;35.8800;5.0471;-29.1900
2024-09-10 12:00;5.9500;1.4138;35.2300;4.5362;-29.2800
2024-09-10 13:00;5.2100;1.2999;34.6100;3.9101;-29.4000
2024-09-10 14:00;4.4700;1.2946;34.0200;3.1754;-29.5500
2024-09-10 15:00;3.4500;1.2946;33.4400;2.1554;-29.9900
2024-09-10 16:00;3.9600;1.2946;32.8800;2.6654;-28.9200
2024-09-10 17:00;3.4500;1.2946;32.3300;2.1554;-28.8800
2024-09-10 18:00;3.9600;1.2946;31.8000;2.6654;-27.8400
2024-09-10 19:00;4.4700;1.2946;31.2800;3.1754;-26.8100
2024-09-10 20:00;4.4700;1.2946;30.7700;3.1754;-26.3000
2024-09-10 21:00;4.4700;1.3313;30.2700;3.1387;-25.8000
2024-09-10 22:00;4.4700;1.4916;29.8200;2.9784;-25.3500
2024-09-10 23:00;4.4700;1.8006;29.4800;2.6694;-25.0100
2024-09-11 00:00;3.9600;1.8366;29.5200;2.1234;-25.5600
2024-09-11 01:00;3.4500;1.8793;30.3000;1.5707;-26.8500
2024-09-11 02:00;3.4500;1.9264;31.9300;1.5236;-28.4800
2024-09-11 03:00;2.9300;1.9527;34.0200;0.9773;-31.0900
2024-09-11 04:00;2.9300;1.9728;35.9200;0.9572;-32.9900
2024-09-11 05:00;3.4500;1.9321;37.0600;1.5179;-33.6100
2024-09-11 06:00;3.9600;1.8764;37.2600;2.0836;-33.3000
2024-09-11 07:00;3.9600;1.7898;36.6700;2.1702;-32.7100
2024-09-11 08:00;3.9600;1.7453;35.6000;2.2147;-31.6400
2024-09-11 09:00;4.4700;1.6111;34.3400;2.8589;-29.8700
2024-09-11 10:00;5.9500;1.4353;33.0600;4.5147;-27.1100
2024-09-11 11:00;5.9500;1.3056;31.8800;4.6444;-25.9300
2024-09-11 12:00;5.9500;1.2946;30.8300;4.6554;-24.8800
2024-09-11 13:00;5.2100;1.2946;29.9000;3.9154;-24.6900
2024-09-11 14:00;4.4700;1.2946;29.0900;3.1754;-24.6200
2024-09-11 15:00;3.9600;1.2946;28.3700;2.6654;-24.4100
2024-09-11 16:00;3.4500;1.2946;27.7400;2.1554;-24.2900
2024-09-11 17:00;2.9300;1.2946;27.1800;1.6354;-24.2500
2024-09-11 18:00;3.4500;1.2946;26.6700;2.1554;-23.2200
2024-09-11 19:00;3.4500;1.2946;26.2000;2.1554;-22.7500
2024-09-11 20:00;3.4500;1.2946;25.7700;2.1554;-22.3200
2024-09-11 21:00;3.4500;1.2946;25.3600;2.1554;-21.9100
2024-09-11 22:00;3.4500;1.2946;24.9700;2.1554;-21.5200
2024-09-11 23:00;3.4500;1.2946;24.6000;2.1554;-21.1500
2024-09-12 00:00;3.4500;1.2946;24.2400;2.1554;-20.7900
2024-09-12 01:00;2.9300;1.2946;23.9100;1.6354;-20.9800
2024-09-12 02:00;2.4200;1.2946;23.5800;1.1254;-21.1600
2024-09-12 03:00;1.9100;1.2946;23.2800;0.6154;-21.3700
2024-09-12 04:00;1.6200;1.2946;22.9800;0.3254;-21.3600
2024-09-12 05:00;1.9100;1.2946;22.7000;0.6154;-20.7900
2024-09-12 06:00;1.9100;1.2946;22.4400;0.6154;-20.5300
2024-09-12 07:00;1.9100;1.2946;22.1800;0.6154;-20.2700
2024-09-12 08:00;1.9100;1.3198;21.9400;0.5902;-20.0300
2024-09-12 09:00;1.3200;1.5178;21.7200;-0.1978;-20.4000
2024-09-12 10:00;1.3200;1.6352;21.5700;-0.3152;-20.2500
2024-09-12 11:00;1.0300;1.7059;21.5700;-0.6759;-20.5400
2024-09-12 12:00;1.0300;1.7043;21.8600;-0.6743;-20.8300
2024-09-12 13:00;1.0300;1.7901;22.5300;-0.7601;-21.5000
2024-09-12 14:00;0.7300;1.7679;23.6000;-1.0379;-22.8700
2024-09-12 15:00;0.4400;1.7828;24.9600;-1.3428;-24.5200
2024-09-12 16:00;0.4400;1.7558;26.4000;-1.3158;-25.9600
2024-09-12 17:00;0.4400;1.8154;27.6900;-1.3754;-27.2500
2024-09-12 18:00;0.4400;1.8715;28.6500;-1.4315;-28.2100
2024-09-12 19:00;0.4400;1.9923;29.2500;-1.5523;-28.8100
2024-09-12 20:00;0.4400;2.0523;29.5000;-1.6123;-29.0600
2024-09-12 21:00;0.4400;2.1382;29.5100;-1.6982;-29.0700
2024-09-12 22:00;0.4400;2.1962;29.3500;-1.7562;-28.9100
2024-09-12 23:00;0.4400;2.3036;29.1000;-1.8636;-28.6600
2024-09-13 00:00;0.4400;2.3410;28.8100;-1.9010;-28.3700
2024-09-13 01:00;0.4400;2.4039;28.5100;-1.9639;-28.0700
2024-09-13 02:00;0.4400;2.5739;28.1900;-2.1339;-27.7500
2024-09-13 03:00;0.4300;2.6299;27.8700;-2.1999;-27.4400
2024-09-13 04:00;0.4300;2.7525;27.5300;-2.3225;-27.1000
2024-09-13 05:00;0.4300;2.9512;27.1700;-2.5212;-26.7400
2024-09-13 06:00;0.4400;3.1594;26.8100;-2.7194;-26.3700
2024-09-13 07:00;1.0300;3.3327;26.4700;-2.3027;-25.4400
2024-09-13 08:00;1.6200;3.3729;26.1800;-1.7529;-24.5600
2024-09-13 09:00;1.6200;3.2516;25.9800;-1.6316;-24.3600
2024-09-13 10:00;1.9100;2.9543;25.8900;-1.0443;-23.9800
2024-09-13 11:00;1.6200;2.6178;25.9200;-0.9978;-24.3000
2024-09-13 12:00;1.6200;2.4361;26.0600;-0.8161;-24.4400
2024-09-13 13:00;1.3200;2.2917;26.2500;-0.9717;-24.9300
2024-09-13 14:00;1.3200;2.1766;26.4300;-0.8566;-25.1100
2024-09-13 15:00;1.3200;2.0191;26.5500;-0.6991;-25.2300
2024-09-13 16:00;1.0300;1.9046;26.5500;-0.8746;-25.5200
2024-09-13 17:00;1.0300;1.8215;26.4300;-0.7915;-25.4000
2024-09-13 18:00;1.0300;1.8277;26.2000;-0.7977;-25.1700
2024-09-13 19:00;1.3200;1.7794;25.8800;-0.4594;-24.5600
2024-09-13 20:00;1.6200;1.8139;25.4900;-0.1939;-23.8700
2024-09-13 21:00;1.6200;1.8190;25.0800;-0.1990;-23.4600
2024-09-13 22:00;1.9100;1.8511;24.6500;0.0589;-22.7400
2024-09-13 23:00;1.9100;1.9029;24.2300;0.0071;-22.3200
2024-09-14 00:00;1.6200;1.9049;23.8200;-0.2849;-22.2000
2024-09-14 01:00;1.3200;1.8414;23.4300;-0.5214;-22.1100
2024-09-14 02:00;1.3200;1.8139;23.0500;-0.4939;-21.7300
2024-09-14 03:00;1.0300;1.7806;22.7000;-0.7506;-21.6700
2024-09-14 04:00;0.7300;1.7629;22.3700;-1.0329;-21.6400
2024-09-14 05:00;0.4400;1.7499;22.0600;-1.3099;-21.6200
2024-09-14 06:00;0.4400;1.7236;21.7700;-1.2836;-21.3300
2024-09-14 07:00;0.7300;1.6882;21.4900;-0.9582;-20.7600
2024-09-14 08:00;0.7300;1.6567;21.2300;-0.9267;-20.5000
2024-09-14 09:00;0.7300;1.5631;20.9800;-0.8331;-20.2500
2024-09-14 10:00;0.7300;1.3857;20.7400;-0.6557;-20.0100
2024-09-14 11:00;0.7300;1.2969;20.5100;-0.5669;-19.7800
2024-09-14 12:00;0.4400;1.2946;20.2900;-0.8546;-19.8500
2024-09-14 13:00;0.4400;1.2946;20.0800;-0.8546;-19.6400
2024-09-14 14:00;0.4300;1.2946;19.8700;-0.8646;-19.4400
2024-09-14 15:00;0.4300;1.2946;19.6700;-0.8646;-19.2400
2024-09-14 16:00;0.4300;1.2946;19.4700;-0.8646;-19.0400
2024-09-14 17:00;0.4200;1.2946;19.2800;-0.8746;-18.8600
2024-09-14 18:00;0.4200;1.2946;19.0900;-0.8746;-18.6700
2024-09-14 19:00;0.4100;1.2946;18.9000;-0.8846;-18.4900
2024-09-14 20:00;0.4100;1.2946;18.7200;-0.8846;-18.3100
2024-09-14 21:00;0.4100;1.2946;18.5400;-0.8846;-18.1300
2024-09-14 22:00;0.4000;1.2946;18.3600;-0.8946;-17.9600
2024-09-14 23:00;0.4000;1.2946;18.1800;-0.8946;-17.7800
2024-09-15 00:00;0.4000;1.2946;18.0000;-0.8946;-17.6000
2024-09-15 01:00;0.4000;1.2946;17.8400;-0.8946;-17.4400
2024-09-15 02:00;0.4100;1.3015;17.6700;-0.8915;-17.2600
2024-09-15 03:00;0.4100;1.3064;17.5100;-0.8964;-17.1000
2024-09-15 04:00;0.4000;1.3090;17.3600;-0.9090;-16.9600
2024-09-15 05:00;0.4000;1.3139;17.2100;-0.9139;-16.8100
2024-09-15 06:00;0.4000;1.3072;17.0700;-0.9072;-16.6700
2024-09-15 07:00;0.4000;1.3053;16.9300;-0.9053;-16.5300
2024-09-15 08:00;0.4000;1.2967;16.8000;-0.8967;-16.4000
2024-09-15 09:00;0.4000;1.2946;16.6700;-0.8946;-16.2700
2024-09-15 10:00;0.4000;1.2946;16.5500;-0.8946;-16.1500
2024-09-15 11:00;0.4000;1.2946;16.4200;-0.8946;-16.0200
2024-09-15 12:00;0.3900;1.2946;16.3000;-0.9046;-15.9100
2024-09-15 13:00;0.3900;1.2946;16.1900;-0.9046;-15.8000
2024-09-15 14:00;0.3800;1.2946;16.0700;-0.9146;-15.6900
2024-09-15 15:00;0.3700;1.2946;15.9600;-0.9246;-15.5900
2024-09-15 16:00;0.3600;1.2946;15.8500;-0.9346;-15.4900
2024-09-15 17:00;0.3500;1.2946;15.7300;-0.9446;-15.3800
2024-09-15 18:00;0.3400;1.2946;15.6200;-0.9546;-15.2800
2024-09-15 19:00;0.3200;1.2946;15.5100;-0.9746;-15.1900
2024-09-15 20:00;0.3100;1.2946;15.4000;-0.9846;-15.0900
2024-09-15 21:00;0.3100;1.2946;15.2800;-0.9846;-14.9700
2024-09-15 22:00;0.3100;1.2946;15.1700;-0.9846;-14.8600
2024-09-15 23:00;0.3200;1.2946;15.0600;-0.9746;-14.7400
2024-09-16 00:00;0.3300;1.2946;14.9400;-0.9646;-14.6100
2024-09-16 01:00;0.3300;1.2946;14.8300;-0.9646;-14.5000
2024-09-16 02:00;0.3200;1.2946;14.7200;-0.9746;-14.4000
2024-09-16 03:00;0.3200;1.2946;14.6200;-0.9746;-14.3000
2024-09-16 04:00;0.3100;1.2946;14.5100;-0.9846;-14.2000
2024-09-16 05:00;0.3000;1.2946;14.4100;-0.9946;-14.1100
2024-09-16 06:00;0.2900;1.2946;14.3100;-1.0046;-14.0200
2024-09-16 07:00;0.2800;1.2946;14.2200;-1.0146;-13.9400
2024-09-16 08:00;0.2900;1.2946;14.1300;-1.0046;-13.8400
2024-09-16 09:00;0.3000;1.2946;14.0400;-0.9946;-13.7400
2024-09-16 10:00;0.3100;1.2946;13.9600;-0.9846;-13.6500
2024-09-16 11:00;0.3200;1.2946;13.8800;-0.9746;-13.5600
2024-09-16 12:00;0.3200;1.2946;13.8000;-0.9746;-13.4800
2024-09-16 13:00;0.3200;1.2946;13.7200;-0.9746;-13.4000
2024-09-16 14:00;0.3100;1.2946;13.6400;-0.9846;-13.3300
2024-09-16 15:00;0.3000;1.2946;13.5600;-0.9946;-13.2600
2024-09-16 16:00;0.2900;1.2946;13.4900;-1.0046;-13.2000
2024-09-16 17:00;0.2800;1.2946;13.4100;-1.0146;-13.1300
2024-09-16 18:00;0.2600;1.2946;13.3300;-1.0346;-13.0700
2024-09-16 19:00;0.2500;1.2946;13.2600;-1.0446;-13.0100
2024-09-16 20:00;0.2300;1.2946;13.1800;-1.0646;-12.9500
2024-09-16 21:00;0.2100;1.2946;13.1000;-1.0846;-12.8900
2024-09-16 22:00;0.2200;1.2946;13.0300;-1.0746;-12.8100
2024-09-16 23:00;0.2200;1.2946;12.9500;-1.0746;-12.7300
2024-09-17 00:00;0.2300;1.2946;12.8700;-1.0646;-12.6400
2024-09-17 01:00;0.2300;1.2946;12.8000;-1.0646;-12.5700
2024-09-17 02:00;0.2300;1.2946;12.7200;-1.0646;-12.4900
2024-09-17 03:00;0.2300;1.2946;12.6500;-1.0646;-12.4200
2024-09-17 04:00;0.2400;1.2946;12.5700;-1.0546;-12.3300
2024-09-17 05:00;0.3100;1.2946;12.5000;-0.9846;-12.1900
2024-09-17 06:00;1.6200;1.2946;12.4300;0.3254;-10.8100
2024-09-17 07:00;9.1500;1.2946;12.3700;7.8554;-3.2200
2024-09-17 08:00;14.2800;1.2946;12.3000;12.9854;1.9800
2024-09-17 09:00;14.2800;1.2946;12.2400;12.9854;2.0400
2024-09-17 10:00;15.5000;1.2946;12.1800;14.2054;3.3200
2024-09-17 11:00;16.7100;1.2946;12.1300;15.4154;4.5800
2024-09-17 12:00;16.7100;1.2946;12.0900;15.4154;4.6200
2024-09-17 13:00;16.7100;1.2946;12.0600;15.4154;4.6500
2024-09-17 14:00;16.7100;1.2946;12.0600;15.4154;4.6500
2024-09-17 15:00;16.7100;1.2946;12.0800;15.4154;4.6300
2024-09-17 16:00;16.7100;1.2946;12.1500;15.4154;4.5600
2024-09-17 17:00;16.7100;1.2946;12.3000;15.4154;4.4100
2024-09-17 18:00;16.7100;1.2946;12.5300;15.4154;4.1800
2024-09-17 19:00;15.5000;1.2946;12.8700;14.2054;2.6300
2024-09-17 20:00;13.0600;1.3777;13.3400;11.6823;-0.2800
2024-09-17 21:00;12.0800;1.5766;13.9400;10.5034;-1.8600
2024-09-17 22:00;11.1000;1.8509;14.6800;9.2491;-3.5800
2024-09-17 23:00;9.1500;2.3870;15.5700;6.7630;-6.4200
2024-09-18 00:00;8.1700;3.9812;16.6200;4.1888;-8.4500
2024-09-18 01:00;6.6900;5.5727;17.9300;1.1173;-11.2400
2024-09-18 02:00;5.9500;7.4791;19.7200;-1.5291;-13.7700
2024-09-18 03:00;5.9500;10.0699;22.3200;-4.1199;-16.3700
2024-09-18 04:00;5.9500;13.3171;25.9500;-7.3671;-20.0000
2024-09-18 05:00;6.6900;17.3414;30.5400;-10.6514;-23.8500
2024-09-18 06:00;7.4300;20.5618;35.8200;-13.1318;-28.3900
2024-09-18 07:00;7.4300;23.6521;41.5700;-16.2221;-34.1400
2024-09-18 08:00;8.1700;27.7866;48.0000;-19.6166;-39.8300
2024-09-18 09:00;9.1500;32.0746;55.5900;-22.9246;-46.4400
2024-09-18 10:00;11.1000;36.5870;64.8100;-25.4870;-53.7100
2024-09-18 11:00;13.0600;43.6733;75.8200;-30.6133;-62.7600
2024-09-18 12:00;51.5400;50.8912;88.1800;0.6488;-36.6400
2024-09-18 13:00;94.1200;60.1188;101.5600;34.0012;-7.4400
2024-09-18 14:00;110.2100;68.9581;115.4400;41.2519;-5.2300
2024-09-18 15:00;127.6300;75.1701;128.5100;52.4599;-0.8800
2024-09-18 16:00;142.5900;83.3794;139.8200;59.2106;2.7700
2024-09-18 17:00;158.3700;89.3380;151.2900;69.0320;7.0800
2024-09-18 18:00;188.0100;100.6013;167.6300;87.4087;20.3800
2024-09-18 19:00;235.1000;114.1928;192.2800;120.9072;42.8200
2024-09-18 20:00;287.7200;138.4383;227.1400;149.2817;60.5800
2024-09-18 21:00;336.8100;179.5736;273.0300;157.2364;63.7800
2024-09-18 22:00;411.5500;229.8843;328.7200;181.6657;82.8300
2024-09-18 23:00;472.9700;288.9664;390.2800;184.0036;82.6900
2024-09-19 00:00;559.7700;349.9380;446.4300;209.8320;113.3400
2024-09-19 01:00;591.8700;397.8084;485.8800;194.0616;105.9900
2024-09-19 02:00;608.1000;440.5174;505.5400;167.5826;102.5600
2024-09-19 03:00;512.1100;462.6749;510.0800;49.4351;2.0300
2024-09-19 04:00;442.0900;475.3761;507.2700;-33.2861;-65.1800
2024-09-19 05:00;419.1500;469.0386;501.4800;-49.8886;-82.3300
2024-09-19 06:00;442.0900;454.0973;491.6300;-12.0073;-49.5400
2024-09-19 07:00;434.3700;431.5036;474.1800;2.8664;-39.8100
2024-09-19 08:00;403.9400;406.5321;447.7600;-2.5921;-43.8200
2024-09-19 09:00;336.8100;374.7449;414.3300;-37.9349;-77.5200
2024-09-19 10:00;276.8100;343.1794;377.3100;-66.3694;-100.5000
2024-09-19 11:00;230.2000;306.8370;339.7200;-76.6370;-109.5200
2024-09-19 12:00;196.9900;273.5466;303.9000;-76.5566;-106.9100
2024-09-19 13:00;179.3000;242.9668;272.1900;-63.6668;-92.8900
2024-09-19 14:00;166.5200;220.0385;245.9300;-53.5185;-79.4100
2024-09-19 15:00;150.2100;201.4723;224.7600;-51.2623;-74.5500
2024-09-19 16:00;134.9800;187.1202;207.9200;-52.1402;-72.9400
2024-09-19 17:00;124.0900;176.9507;194.0000;-52.8607;-69.9100
2024-09-19 18:00;113.4800;168.9992;181.2500;-55.5192;-67.7700
2024-09-19 19:00;106.9400;161.5464;168.7200;-54.6064;-61.7800
2024-09-19 20:00;97.1200;153.7860;156.2800;-56.6660;-59.1600
2024-09-19 21:00;91.1100;145.9218;144.2600;-54.8118;-53.1500
2024-09-19 22:00;85.1000;137.8629;133.0500;-52.7629;-47.9500
2024-09-19 23:00;79.3600;131.0405;122.9400;-51.6805;-43.5800
2024-09-20 00:00;73.8700;123.8753;114.1000;-50.0053;-40.2300
2024-09-20 01:00;68.3900;118.3867;106.5700;-49.9967;-38.1800
2024-09-20 02:00;65.9100;114.9521;100.2900;-49.0421;-34.3800
2024-09-20 03:00;63.4300;111.3038;95.0700;-47.8738;-31.6400
2024-09-20 04:00;60.9400;108.9921;90.7000;-48.0521;-29.7600
2024-09-20 05:00;58.4600;106.2739;86.9900;-47.8139;-28.5300
2024-09-20 06:00;53.7600;104.8437;83.7500;-51.0837;-29.9900
2024-09-20 07:00;51.5400;102.4047;80.9200;-50.8647;-29.3800
2024-09-20 08:00;47.0900;100.5822;78.5000;-53.4922;-31.4100
2024-09-20 09:00;44.8700;98.6221;76.5600;-53.7521;-31.6900
2024-09-20 10:00;42.9000;98.4614;75.0900;-55.5614;-32.1900
2024-09-20 11:00;40.9400;96.1590;74.0000;-55.2190;-33.0600
2024-09-20 12:00;38.9700;94.7648;73.1100;-55.7948;-34.1400
2024-09-20 13:00;35.0400;92.2355;72.2100;-57.1955;-37.1700
2024-09-20 14:00;35.0400;90.7721;71.1600;-55.7321;-36.1200
2024-09-20 15:00;33.3300;87.6518;69.8900;-54.3218;-36.5600
2024-09-20 16:00;33.3300;84.0618;68.4100;-50.7318;-35.0800
2024-09-20 17:00;33.3300;80.7604;66.8000;-47.4304;-33.4700
2024-09-20 18:00;33.3300;78.3107;65.1000;-44.9807;-31.7700
2024-09-20 19:00;33.3300;76.4142;63.3800;-43.0842;-30.0500
2024-09-20 20:00;33.3300;74.4493;61.7000;-41.1193;-28.3700
2024-09-20 21:00;31.6100;73.3076;60.0700;-41.6976;-28.4600
2024-09-20 22:00;29.9000;71.0960;58.5300;-41.1960;-28.6300
2024-09-20 23:00;29.9000;71.1330;57.1000;-41.2330;-27.2000
2024-09-21 00:00;28.1800;69.2307;55.8000;-41.0507;-27.6200
2024-09-21 01:00;28.1800;68.2465;54.6200;-40.0665;-26.4400
2024-09-21 02:00;26.4700;67.2164;53.5600;-40.7464;-27.0900
2024-09-21 03:00;26.4700;66.0548;52.5900;-39.5848;-26.1200
2024-09-21 04:00;25.0100;64.9396;51.6800;-39.9296;-26.6700
2024-09-21 05:00;25.0100;63.6272;50.7900;-38.6172;-25.7800
2024-09-21 06:00;23.5400;62.7113;49.9300;-39.1713;-26.3900
2024-09-21 07:00;23.5400;61.6131;49.0900;-38.0731;-25.5500
2024-09-21 08:00;23.5400;60.4189;48.2700;-36.8789;-24.7300
2024-09-21 09:00;23.5400;58.9324;47.4800;-35.3924;-23.9400
2024-09-21 10:00;22.0800;57.0850;46.7200;-35.0050;-24.6400
2024-09-21 11:00;19.1500;54.4400;45.9900;-35.2900;-26.8400
2024-09-21 12:00;17.9300;51.4503;45.2900;-33.5203;-27.3600
2024-09-21 13:00;16.7100;49.4363;44.6200;-32.7263;-27.9100
2024-09-21 14:00;16.7100;47.3404;43.9800;-30.6304;-27.2700
2024-09-21 15:00;15.5000;46.6502;43.3700;-31.1502;-27.8700
2024-09-21 16:00;15.5000;45.7036;42.7700;-30.2036;-27.2700
2024-09-21 17:00;15.5000;45.2373;42.2000;-29.7373;-26.7000
2024-09-21 18:00;15.5000;45.2523;41.6500;-29.7523;-26.1500
2024-09-21 19:00;16.7100;44.6072;41.1200;-27.8972;-24.4100
2024-09-21 20:00;15.5000;44.2105;40.6000;-28.7105;-25.1000
2024-09-21 21:00;15.5000;43.6806;40.1000;-28.1806;-24.6000
2024-09-21 22:00;15.5000;43.2479;39.6200;-27.7479;-24.1200
2024-09-21 23:00;15.5000;42.7982;39.1500;-27.2982;-23.6500
2024-09-22 00:00;14.2800;42.9205;38.6900;-28.6405;-24.4100
2024-09-22 01:00;14.2800;42.7538;38.2600;-28.4738;-23.9800
2024-09-22 02:00;14.2800;42.8563;37.8300;-28.5763;-23.5500
2024-09-22 03:00;14.2800;42.2672;37.4300;-27.9872;-23.1500
2024-09-22 04:00;14.2800;42.1934;37.0300;-27.9134;-22.7500
2024-09-22 05:00;14.2800;41.7821;36.6500;-27.5021;-22.3700
2024-09-22 06:00;13.0600;41.5483;36.2800;-28.4883;-23.2200
2024-09-22 07:00;13.0600;40.9298;35.9200;-27.8698;-22.8600
2024-09-22 08:00;12.0800;40.5244;35.5800;-28.4444;-23.5000
2024-09-22 09:00;13.0600;39.4015;35.2300;-26.3415;-22.1700
2024-09-22 10:00;13.0600;37.4027;34.9000;-24.3427;-21.8400
2024-09-22 11:00;12.0800;35.3352;34.5700;-23.2552;-22.4900
2024-09-22 12:00;11.1000;32.8601;34.2500;-21.7601;-23.1500
2024-09-22 13:00;11.1000;30.7181;33.9300;-19.6181;-22.8300
2024-09-22 14:00;11.1000;28.6069;33.6200;-17.5069;-22.5200
2024-09-22 15:00;10.1300;27.0467;33.3100;-16.9167;-23.1800
2024-09-22 16:00;9.1500;25.1851;33.0100;-16.0351;-23.8600
2024-09-22 17:00;9.1500;25.0262;32.7200;-15.8762;-23.5700
2024-09-22 18:00;10.1300;24.9298;32.4300;-14.7998;-22.3000
2024-09-22 19:00;10.1300;25.4758;32.1500;-15.3458;-22.0200
2024-09-22 20:00;10.1300;26.0976;31.8700;-15.9676;-21.7400
2024-09-22 21:00;10.1300;25.9530;31.5900;-15.8230;-21.4600
2024-09-22 22:00;10.1300;26.4918;31.3200;-16.3618;-21.1900
2024-09-22 23:00;10.1300;26.4603;31.0400;-16.3303;-20.9100
2024-09-23 00:00;10.1300;26.8018;30.7800;-16.6718;-20.6500
2024-09-23 01:00;10.1300;26.5030;30.5200;-16.3730;-20.3900
2024-09-23 02:00;10.1300;26.5753;30.2600;-16.4453;-20.1300
2024-09-23 03:00;9.1500;25.9831;30.0100;-16.8331;-20.8600
2024-09-23 04:00;9.1500;25.4399;29.7700;-16.2899;-20.6200
2024-09-23 05:00;9.1500;24.6780;29.5300;-15.5280;-20.3800
2024-09-23 06:00;9.1500;24.0702;29.3000;-14.9202;-20.1500
2024-09-23 07:00;9.1500;23.3172;29.0700;-14.1672;-19.9200
2024-09-23 08:00;7.4300;22.4938;28.8500;-15.0638;-21.4200
2024-09-23 09:00;7.4300;21.0724;28.6300;-13.6424;-21.2000
2024-09-23 10:00;7.4300;19.8104;28.4200;-12.3804;-20.9900
2024-09-23 11:00;7.4300;18.2700;28.2100;-10.8400;-20.7800
2024-09-23 12:00;6.6900;17.0047;28.0000;-10.3147;-21.3100
2024-09-23 13:00;6.6900;15.8770;27.7900;-9.1870;-21.1000
2024-09-23 14:00;6.6900;15.1454;27.5800;-8.4554;-20.8900
2024-09-23 15:00;5.9500;14.7152;27.3800;-8.7652;-21.4300
2024-09-23 16:00;5.2100;14.4816;27.1800;-9.2716;-21.9700
2024-09-23 17:00;5.9500;14.3853;26.9800;-8.4353;-21.0300
2024-09-23 18:00;6.6900;14.7023;26.7900;-8.0123;-20.1000
2024-09-23 19:00;6.6900;15.8330;26.6000;-9.1430;-19.9100
2024-09-23 20:00;6.6900;16.1456;26.4500;-9.4556;-19.7600
2024-09-23 21:00;5.9500;21.0754;26.3400;-15.1254;-20.3900
2024-09-23 22:00;6.6900;21.9425;26.2800;-15.2525;-19.5900
2024-09-23 23:00;5.9500;27.0253;26.3000;-21.0753;-20.3500
2024-09-24 00:00;6.6900;28.9471;26.4400;-22.2571;-19.7500
2024-09-24 01:00;5.9500;34.7001;26.7000;-28.7501;-20.7500
2024-09-24 02:00;5.9500;36.2204;27.0900;-30.2704;-21.1400
2024-09-24 03:00;5.9500;41.9170;27.6200;-35.9670;-21.6700
2024-09-24 04:00;5.2100;42.1992;28.2800;-36.9892;-23.0700
2024-09-24 05:00;5.2100;43.4068;29.0300;-38.1968;-23.8200
2024-09-24 06:00;5.2100;43.6033;29.8400;-38.3933;-24.6300
2024-09-24 07:00;5.2100;43.8519;30.6300;-38.6419;-25.4200
2024-09-24 08:00;5.2100;43.0613;31.3400;-37.8513;-26.1300
2024-09-24 09:00;4.4700;41.5405;31.9000;-37.0705;-27.4300
2024-09-24 10:00;4.4700;39.8171;32.2700;-35.3471;-27.8000
2024-09-24 11:00;3.9600;37.8247;32.4400;-33.8647;-28.4800
2024-09-24 12:00;3.9600;36.3011;32.4100;-32.3411;-28.4500
2024-09-24 13:00;4.4700;34.9409;32.2300;-30.4709;-27.7600
2024-09-24 14:00;5.2100;33.4955;31.9300;-28.2855;-26.7200
2024-09-24 15:00;5.9500;32.4529;31.5600;-26.5029;-25.6100
2024-09-24 16:00;7.4300;32.7402;31.1500;-25.3102;-23.7200
2024-09-24 17:00;7.4300;31.5003;30.7200;-24.0703;-23.2900
2024-09-24 18:00;9.1500;31.9543;30.2900;-22.8043;-21.1400
2024-09-24 19:00;9.1500;31.3009;29.8700;-22.1509;-20.7200
2024-09-24 20:00;12.0800;31.8762;29.4700;-19.7962;-17.3900
2024-09-24 21:00;13.0600;31.6282;29.0900;-18.5682;-16.0300
2024-09-24 22:00;22.0800;31.3052;28.7300;-9.2252;-6.6500
2024-09-24 23:00;25.0100;30.9012;28.3900;-5.8912;-3.3800
2024-09-25 00:00;22.0800;30.8072;28.0900;-8.7272;-6.0100
2024-09-25 01:00;22.0800;30.4446;27.8100;-8.3646;-5.7300
2024-09-25 02:00;22.0800;29.8486;27.5500;-7.7686;-5.4700
2024-09-25 03:00;23.5400;29.1979;27.3200;-5.6579;-3.7800
2024-09-25 04:00;22.0800;28.7055;27.1100;-6.6255;-5.0300
2024-09-25 05:00;23.5400;28.2580;26.9100;-4.7180;-3.3700
2024-09-25 06:00;22.0800;27.7939;26.7100;-5.7139;-4.6300
2024-09-25 07:00;22.0800;27.6984;26.5200;-5.6184;-4.4400
2024-09-25 08:00;23.5400;27.2326;26.3300;-3.6926;-2.7900
2024-09-25 09:00;23.5400;25.6649;26.1400;-2.1249;-2.6000
2024-09-25 10:00;22.0800;23.3040;25.9400;-1.2240;-3.8600
2024-09-25 11:00;20.6100;20.8852;25.7400;-0.2752;-5.1300
2024-09-25 12:00;17.9300;19.1458;25.5400;-1.2158;-7.6100
2024-09-25 13:00;20.6100;17.2336;25.3400;3.3764;-4.7300
2024-09-25 14:00;20.6100;15.9944;25.1400;4.6156;-4.5300
2024-09-25 15:00;19.1500;14.7975;24.9300;4.3525;-5.7800
2024-09-25 16:00;20.6100;14.3790;24.7300;6.2310;-4.1200
2024-09-25 17:00;20.6100;14.1261;24.5300;6.4839;-3.9200
2024-09-25 18:00;20.6100;13.9706;24.3300;6.6394;-3.7200
2024-09-25 19:00;20.6100;14.0058;24.1400;6.6042;-3.5300
2024-09-25 20:00;20.6100;14.2260;23.9500;6.3840;-3.3400
2024-09-25 21:00;20.6100;14.2580;23.7600;6.3520;-3.1500
2024-09-25 22:00;20.6100;14.2265;23.5800;6.3835;-2.9700
2024-09-25 23:00;20.6100;13.9332;23.4000;6.6768;-2.7900
2024-09-26 00:00;20.6100;13.7194;23.2300;6.8906;-2.6200
2024-09-26 01:00;20.6100;13.3790;23.0600;7.2310;-2.4500
2024-09-26 02:00;20.6100;13.1064;22.9000;7.5036;-2.2900
2024-09-26 03:00;19.1500;12.8810;22.7400;6.2690;-3.5900
2024-09-26 04:00;20.6100;12.5441;22.5800;8.0659;-1.9700
2024-09-26 05:00;22.0800;12.1902;22.4300;9.8898;-0.3500
2024-09-26 06:00;22.0800;11.8593;22.2800;10.2207;-0.2000
2024-09-26 07:00;22.0800;11.5163;22.1400;10.5637;-0.0600
2024-09-26 08:00;22.0800;11.1533;21.9900;10.9267;0.0900
2024-09-26 09:00;20.6100;10.8789;21.8500;9.7311;-1.2400
2024-09-26 10:00;19.1500;10.2311;21.7200;8.9189;-2.5700
2024-09-26 11:00;16.7100;9.7510;21.5800;6.9590;-4.8700
2024-09-26 12:00;16.7100;9.1205;21.4600;7.5895;-4.7500
2024-09-26 13:00;15.5000;8.5727;21.3600;6.9273;-5.8600
2024-09-26 14:00;15.5000;7.9367;21.2700;7.5633;-5.7700
2024-09-26 15:00;16.7100;7.5074;21.2100;9.2026;-4.5000
2024-09-26 16:00;15.5000;7.0807;21.1700;8.4193;-5.6700
2024-09-26 17:00;16.7100;6.8155;21.1300;9.8945;-4.4200
2024-09-26 18:00;16.7100;6.8320;21.0900;9.8780;-4.3800
2024-09-26 19:00;17.9300;6.7764;21.0400;11.1536;-3.1100
2024-09-26 20:00;17.9300;6.9152;20.9700;11.0148;-3.0400
2024-09-26 21:00;16.7100;6.7443;20.8800;9.9657;-4.1700
2024-09-26 22:00;15.5000;6.7157;20.7700;8.7843;-5.2700
2024-09-26 23:00;15.5000;6.5589;20.6500;8.9411;-5.1500
2024-09-27 00:00;14.2800;6.6838;20.5100;7.5962;-6.2300
2024-09-27 01:00;15.5000;6.8808;20.3800;8.6192;-4.8800
2024-09-27 02:00;15.5000;6.8832;20.2500;8.6168;-4.7500
2024-09-27 03:00;15.5000;7.7499;20.1300;7.7501;-4.6300
2024-09-27 04:00;15.5000;8.7323;20.0300;6.7677;-4.5300
2024-09-27 05:00;15.5000;9.8277;19.9600;5.6723;-4.4600
2024-09-27 06:00;16.7100;10.9993;19.9000;5.7107;-3.1900
2024-09-27 07:00;15.5000;11.1922;19.8800;4.3078;-4.3800
2024-09-27 08:00;15.5000;12.6127;19.9200;2.8873;-4.4200
2024-09-27 09:00;16.7100;13.0211;20.0500;3.6889;-3.3400
2024-09-27 10:00;16.7100;15.0420;20.3200;1.6680;-3.6100
2024-09-27 11:00;15.5000;14.9263;20.7200;0.5737;-5.2200
2024-09-27 12:00;15.5000;18.4115;21.2500;-2.9115;-5.7500
2024-09-27 13:00;14.2800;19.8128;21.8500;-5.5328;-7.5700
2024-09-27 14:00;15.5000;23.8339;22.4900;-8.3339;-6.9900
2024-09-27 15:00;16.7100;26.0130;23.1500;-9.3030;-6.4400
2024-09-27 16:00;17.9300;30.3167;23.8300;-12.3867;-5.9000
2024-09-27 17:00;19.1500;31.8258;24.5400;-12.6758;-5.3900
2024-09-27 18:00;17.9300;34.9292;25.3100;-16.9992;-7.3800
2024-09-27 19:00;19.1500;34.4545;26.1800;-15.3045;-7.0300
2024-09-27 20:00;19.1500;33.9254;27.1900;-14.7754;-8.0400
2024-09-27 21:00;22.0800;32.1293;28.2700;-10.0493;-6.1900
2024-09-27 22:00;22.0800;31.2754;29.2900;-9.1954;-7.2100
2024-09-27 23:00;23.5400;28.9282;30.0900;-5.3882;-6.5500
2024-09-28 00:00;28.1800;27.2369;30.5500;0.9431;-2.3700
2024-09-28 01:00;26.4700;26.1709;30.6400;0.2991;-4.1700
2024-09-28 02:00;28.1800;24.9234;30.4000;3.2566;-2.2200
2024-09-28 03:00;28.1800;24.7814;29.9500;3.3986;-1.7700
2024-09-28 04:00;28.1800;24.0940;29.3600;4.0860;-1.1800
2024-09-28 05:00;28.1800;23.9538;28.7200;4.2262;-0.5400
2024-09-28 06:00;28.1800;23.3098;28.0600;4.8702;0.1200
2024-09-28 07:00;26.4700;22.9551;27.4300;3.5149;-0.9600
2024-09-28 08:00;26.4700;22.3953;26.8400;4.0747;-0.3700
2024-09-28 09:00;23.5400;21.1423;26.3000;2.3977;-2.7600
2024-09-28 10:00;22.0800;19.0222;25.8100;3.0578;-3.7300
2024-09-28 11:00;22.0800;17.3344;25.3600;4.7456;-3.2800
2024-09-28 12:00;20.6100;15.5574;24.9500;5.0526;-4.3400
2024-09-28 13:00;22.0800;14.3414;24.5800;7.7386;-2.5000
2024-09-28 14:00;22.0800;12.9973;24.2500;9.0827;-2.1700
2024-09-28 15:00;22.0800;12.3402;23.9500;9.7398;-1.8700
2024-09-28 16:00;22.0800;11.7916;23.6700;10.2884;-1.5900
2024-09-28 17:00;20.6100;11.6199;23.4100;8.9901;-2.8000
2024-09-28 18:00;20.6100;11.7022;23.1800;8.9078;-2.5700
2024-09-28 19:00;22.0800;12.5486;22.9500;9.5314;-0.8700
2024-09-28 20:00;22.0800;13.0038;22.7400;9.0762;-0.6600
2024-09-28 21:00;22.0800;13.4514;22.5400;8.6286;-0.4600
2024-09-28 22:00;20.6100;13.8833;22.3600;6.7267;-1.7500
2024-09-28 23:00;20.6100;14.5748;22.1900;6.0352;-1.5800
2024-09-29 00:00;20.6100;15.4443;22.0400;5.1657;-1.4300
2024-09-29 01:00;20.6100;15.7283;21.8900;4.8817;-1.2800
2024-09-29 02:00;20.6100;16.0518;21.7600;4.5582;-1.1500
2024-09-29 03:00;20.6100;16.2968;21.6400;4.3132;-1.0300
2024-09-29 04:00;20.6100;17.8072;21.5500;2.8028;-0.9400
2024-09-29 05:00;19.1500;18.4809;21.5200;0.6691;-2.3700
2024-09-29 06:00;19.1500;23.8340;21.5300;-4.6840;-2.3800
2024-09-29 07:00;19.1500;25.0345;21.5900;-5.8845;-2.4400
2024-09-29 08:00;19.1500;29.0531;21.7000;-9.9031;-2.5500
2024-09-29 09:00;20.6100;29.4514;21.9400;-8.8414;-1.3300
2024-09-29 10:00;22.0800;32.0318;22.4000;-9.9518;-0.3200
2024-09-29 11:00;19.1500;30.7464;23.1200;-11.5964;-3.9700
2024-09-29 12:00;28.1800;31.3104;24.0200;-3.1304;4.1600
2024-09-29 13:00;28.1800;28.1347;24.9500;0.0453;3.2300
2024-09-29 14:00;26.4700;25.2472;25.7200;1.2228;0.7500
2024-09-29 15:00;25.0100;22.7758;26.2400;2.2342;-1.2300
2024-09-29 16:00;23.5400;21.1475;26.4700;2.3925;-2.9300
2024-09-29 17:00;22.0800;20.2794;26.4400;1.8006;-4.3600
2024-09-29 18:00;23.5400;20.1815;26.2200;3.3585;-2.6800
2024-09-29 19:00;25.0100;20.2357;25.8900;4.7743;-0.8800
2024-09-29 20:00;23.5400;20.7545;25.4900;2.7855;-1.9500
2024-09-29 21:00;23.5400;21.0703;25.0700;2.4697;-1.5300
2024-09-29 22:00;23.5400;21.5820;24.6500;1.9580;-1.1100
2024-09-29 23:00;22.0800;21.2266;24.2500;0.8534;-2.1700
2024-09-30 00:00;22.0800;21.0493;23.8700;1.0307;-1.7900
2024-09-30 01:00;22.0800;20.6465;23.5300;1.4335;-1.4500
2024-09-30 02:00;20.6100;20.5198;23.2100;0.0902;-2.6000
2024-09-30 03:00;20.6100;19.9709;22.9200;0.6391;-2.3100
2024-09-30 04:00;20.6100;19.6538;22.6500;0.9562;-2.0400
2024-09-30 05:00;20.6100;19.1997;22.4000;1.4103;-1.7900
2024-09-30 06:00;20.6100;18.9707;22.1700;1.6393;-1.5600
2024-09-30 07:00;20.6100;18.7619;21.9600;1.8481;-1.3500
2024-09-30 08:00;20.6100;18.3417;21.7600;2.2683;-1.1500
2024-09-30 09:00;20.6100;17.1681;21.5700;3.4419;-0.9600
2024-09-30 10:00;19.1500;15.4453;21.3900;3.7047;-2.2400
2024-09-30 11:00;17.9300;13.6382;21.2200;4.2918;-3.2900
2024-09-30 12:00;17.9300;12.1568;21.0500;5.7732;-3.1200
2024-09-30 13:00;17.9300;10.9977;20.8900;6.9323;-2.9600
2024-09-30 14:00;17.9300;10.2661;20.7300;7.6639;-2.8000
2024-09-30 15:00;16.7100;9.7228;20.5800;6.9872;-3.8700
2024-09-30 16:00;16.7100;9.2375;20.4300;7.4725;-3.7200
2024-09-30 17:00;15.5000;9.0567;20.2900;6.4433;-4.7900
2024-09-30 18:00;16.7100;9.4148;20.1500;7.2952;-3.4400
2024-09-30 19:00;17.9300;9.7785;20.0100;8.1515;-2.0800
2024-09-30 20:00;19.1500;10.3311;19.8700;8.8189;-0.7200
2024-09-30 21:00;17.9300;10.7446;19.7300;7.1854;-1.8000
2024-09-30 22:00;17.9300;11.2950;19.6000;6.6350;-1.6700
2024-09-30 23:00;17.9300;11.5625;19.4700;6.3675;-1.5400
2024-10-01 00:00;17.9300;11.8911;19.3400;6.0389;-1.4100
2024-10-01 01:00;17.9300;11.8922;19.2100;6.0378;-1.2800
2024-10-01 02:00;17.9300;11.9165;19.0800;6.0135;-1.1500
2024-10-01 03:00;17.9300;11.7600;18.9600;6.1700;-1.0300
2024-10-01 04:00;17.9300;11.4577;18.8400;6.4723;-0.9100
2024-10-01 05:00;16.7100;11.1149;18.7300;5.5951;-2.0200
2024-10-01 06:00;16.7100;10.8381;18.6100;5.8719;-1.9000
2024-10-01 07:00;16.7100;10.6636;18.5000;6.0464;-1.7900
2024-10-01 08:00;16.7100;10.4019;18.4000;6.3081;-1.6900
2024-10-01 09:00;16.7100;9.9657;18.2900;6.7443;-1.5800
2024-10-01 10:00;16.7100;8.9544;18.1900;7.7556;-1.4800
2024-10-01 11:00;16.7100;8.3961;18.0800;8.3139;-1.3700
2024-10-01 12:00;16.7100;7.8428;17.9800;8.8672;-1.2700
2024-10-01 13:00;16.7100;7.3612;17.8800;9.3488;-1.1700
2024-10-01 14:00;16.7100;7.0492;17.7800;9.6608;-1.0700
2024-10-01 15:00;16.7100;7.1668;17.6900;9.5432;-0.9800
2024-10-01 16:00;16.7100;7.0223;17.6000;9.6877;-0.8900
2024-10-01 17:00;16.7100;7.0299;17.5100;9.6801;-0.8000
2024-10-01 18:00;16.7100;6.8054;17.4300;9.9046;-0.7200
2024-10-01 19:00;16.7100;6.8299;17.3600;9.8801;-0.6500
2024-10-01 20:00;17.9300;6.7411;17.2900;11.1889;0.6400
2024-10-01 21:00;16.7100;6.7828;17.2200;9.9272;-0.5100
2024-10-01 22:00;16.7100;6.6418;17.1500;10.0682;-0.4400
2024-10-01 23:00;16.7100;6.4565;17.0800;10.2535;-0.3700
2024-10-02 00:00;16.7100;6.2915;17.0200;10.4185;-0.3100
2024-10-02 01:00;16.7100;6.1163;16.9600;10.5937;-0.2500
2024-10-02 02:00;16.7100;5.9491;16.9100;10.7609;-0.2000
2024-10-02 03:00;16.7100;5.7998;16.8500;10.9102;-0.1400
2024-10-02 04:00;16.7100;5.8793;16.7900;10.8307;-0.0800
2024-10-02 05:00;17.9300;6.3447;16.7300;11.5853;1.2000
2024-10-02 06:00;17.9300;7.1508;16.6700;10.7792;1.2600
2024-10-02 07:00;16.7100;8.7551;16.6000;7.9549;0.1100
2024-10-02 08:00;16.7100;9.3534;16.5400;7.3566;0.1700
2024-10-02 09:00;14.2800;10.1851;16.5000;4.0949;-2.2200
2024-10-02 10:00;15.5000;10.5929;16.4900;4.9071;-0.9900
2024-10-02 11:00;14.2800;10.6111;16.5400;3.6689;-2.2600
2024-10-02 12:00;14.2800;10.5031;16.6900;3.7769;-2.4100
2024-10-02 13:00;15.5000;10.3173;16.9600;5.1827;-1.4600
2024-10-02 14:00;16.7100;9.9820;17.3500;6.7280;-0.6400
2024-10-02 15:00;16.7100;9.7676;17.8400;6.9424;-1.1300
2024-10-02 16:00;16.7100;10.7759;18.3800;5.9341;-1.6700
2024-10-02 17:00;16.7100;11.8264;18.9000;4.8836;-2.1900
2024-10-02 18:00;16.7100;15.6106;19.3600;1.0994;-2.6500
2024-10-02 19:00;16.7100;18.4015;19.7300;-1.6915;-3.0200
2024-10-02 20:00;16.7100;20.3997;20.0200;-3.6897;-3.3100
2024-10-02 21:00;16.7100;25.1649;20.2900;-8.4549;-3.5800
2024-10-02 22:00;17.9300;27.2929;20.6200;-9.3629;-2.6900
2024-10-02 23:00;17.9300;32.5719;21.0700;-14.6419;-3.1400
2024-10-03 00:00;17.9300;33.6608;21.7000;-15.7308;-3.7700
2024-10-03 01:00;17.9300;36.9372;22.5000;-19.0072;-4.5700
2024-10-03 02:00;19.1500;36.1764;23.4000;-17.0264;-4.2500
2024-10-03 03:00;19.1500;36.9876;24.3300;-17.8376;-5.1800
2024-10-03 04:00;19.1500;35.3188;25.1900;-16.1688;-6.0400
2024-10-03 05:00;23.5400;33.5265;25.9300;-9.9865;-2.3900
2024-10-03 06:00;29.9000;33.1893;26.5000;-3.2893;3.4000
2024-10-03 07:00;31.6100;32.2045;26.9200;-0.5945;4.6900
2024-10-03 08:00;31.6100;32.3648;27.2500;-0.7548;4.3600
2024-10-03 09:00;31.6100;31.3473;27.5700;0.2627;4.0400
2024-10-03 10:00;29.9000;32.3027;27.9400;-2.4027;1.9600
2024-10-03 11:00;31.6100;34.5806;28.5400;-2.9706;3.0700
2024-10-03 12:00;33.3300;39.1153;29.8200;-5.7853;3.5100
2024-10-03 13:00;33.3300;50.1163;33.4300;-16.7863;-0.1000
2024-10-03 14:00;35.0400;72.4417;43.8600;-37.4017;-8.8200
2024-10-03 15:00;38.9700;108.9084;68.6600;-69.9384;-29.6900
2024-10-03 16:00;42.9000;153.2062;111.9000;-110.3062;-69.0000
2024-10-03 17:00;134.9800;202.1080;166.1600;-67.1280;-31.1800
2024-10-03 18:00;215.4900;240.3741;216.2200;-24.8841;-0.7300
2024-10-03 19:00;225.2900;264.5188;249.7300;-39.2288;-24.4400
2024-10-03 20:00;220.3900;271.2170;263.7600;-50.8270;-43.3700
2024-10-03 21:00;210.8600;261.7858;262.0300;-50.9258;-51.1700
2024-10-03 22:00;192.3600;247.0482;249.9600;-54.6882;-57.6000
2024-10-03 23:00;174.9500;226.0473;232.6600;-51.0973;-57.7100
2024-10-04 00:00;158.3700;207.1457;213.8700;-48.7757;-55.5000
2024-10-04 01:00;142.5900;191.5497;196.0200;-48.9597;-53.4300
2024-10-04 02:00;131.1700;177.5616;179.8400;-46.3916;-48.6700
2024-10-04 03:00;120.5600;167.0663;165.2800;-46.5063;-44.7200
2024-10-04 04:00;113.4800;157.2017;151.9900;-43.7217;-38.5100
2024-10-04 05:00;110.2100;148.8082;139.6700;-38.5982;-29.4600
2024-10-04 06:00;103.6600;141.0187;128.3400;-37.3587;-24.6800
2024-10-04 07:00;100.3900;133.1861;118.0600;-32.7961;-17.6700
2024-10-04 08:00;94.1200;126.2598;108.7800;-32.1398;-14.6600
2024-10-04 09:00;88.1100;120.1388;100.2100;-32.0288;-12.1000
2024-10-04 10:00;82.1000;114.1565;92.3100;-32.0565;-10.2100
2024-10-04 11:00;79.3600;109.1088;85.2000;-29.7488;-5.8400
2024-10-04 12:00;76.6200;103.9746;78.9300;-27.3546;-2.3100
2024-10-04 13:00;71.1300;99.7052;73.4700;-28.5752;-2.3400
2024-10-04 14:00;71.1300;95.0398;68.6900;-23.9098;2.4400
2024-10-04 15:00;68.3900;91.4043;64.4800;-23.0143;3.9100
2024-10-04 16:00;65.9100;87.5856;60.7500;-21.6756;5.1600
2024-10-04 17:00;63.4300;85.5135;57.4300;-22.0835;6.0000
2024-10-04 18:00;60.9400;82.9928;54.4900;-22.0528;6.4500
2024-10-04 19:00;58.4600;80.7397;51.9000;-22.2797;6.5600
2024-10-04 20:00;58.4600;78.8557;49.6100;-20.3957;8.8500
2024-10-04 21:00;55.9800;76.2232;47.5900;-20.2432;8.3900
2024-10-04 22:00;53.7600;74.5888;45.8200;-20.8288;7.9400
2024-10-04 23:00;53.7600;72.7242;44.2700;-18.9642;9.4900
2024-10-05 00:00;53.7600;71.2820;42.9100;-17.5220;10.8500
2024-10-05 01:00;53.7600;70.7277;41.7300;-16.9677;12.0300
2024-10-05 02:00;51.5400;68.8730;40.7200;-17.3330;10.8200
2024-10-05 03:00;51.5400;69.3839;39.8800;-17.8439;11.6600
2024-10-05 04:00;49.3100;68.4981;39.1900;-19.1881;10.1200
2024-10-05 05:00;49.3100;67.6391;38.6200;-18.3291;10.6900
2024-10-05 06:00;47.0900;66.7534;38.1600;-19.6634;8.9300
2024-10-05 07:00;47.0900;66.1635;37.7600;-19.0735;9.3300
2024-10-05 08:00;47.0900;65.9192;37.3900;-18.8292;9.7000
2024-10-05 09:00;44.8700;64.8800;37.0500;-20.0100;7.8200
2024-10-05 10:00;44.8700;63.6532;36.7300;-18.7832;8.1400
2024-10-05 11:00;44.8700;62.1376;36.4200;-17.2676;8.4500
2024-10-05 12:00;42.9000;60.4229;36.1000;-17.5229;6.8000
2024-10-05 13:00;42.9000;58.8665;35.7400;-15.9665;7.1600
2024-10-05 14:00;42.9000;57.1987;35.3400;-14.2987;7.5600
2024-10-05 15:00;42.9000;55.4769;34.9200;-12.5769;7.9800
2024-10-05 16:00;40.9400;54.2395;34.4900;-13.2995;6.4500
2024-10-05 17:00;40.9400;53.1562;34.0800;-12.2162;6.8600
2024-10-05 18:00;40.9400;52.9327;33.6800;-11.9927;7.2600
2024-10-05 19:00;40.9400;52.6863;33.2400;-11.7463;7.7000
2024-10-05 20:00;40.9400;52.5055;32.7500;-11.5655;8.1900
2024-10-05 21:00;38.9700;51.9654;32.2400;-12.9954;6.7300
2024-10-05 22:00;38.9700;51.4688;31.7200;-12.4988;7.2500
2024-10-05 23:00;38.9700;51.3562;31.2200;-12.3862;7.7500
2024-10-06 00:00;38.9700;51.1339;30.7300;-12.1639;8.2400
2024-10-06 01:00;38.9700;51.2100;30.2700;-12.2400;8.7000
2024-10-06 02:00;38.9700;50.4380;29.8300;-11.4680;9.1400
2024-10-06 03:00;38.9700;50.1910;29.4200;-11.2210;9.5500
2024-10-06 04:00;38.9700;49.5587;29.0300;-10.5887;9.9400
2024-10-06 05:00;38.9700;49.5135;28.6600;-10.5435;10.3100
2024-10-06 06:00;37.0100;48.9870;28.3100;-11.9770;8.7000
2024-10-06 07:00;37.0100;48.9220;27.9700;-11.9120;9.0400
2024-10-06 08:00;37.0100;48.6743;27.6600;-11.6643;9.3500
2024-10-06 09:00;35.0400;47.8463;27.3600;-12.8063;7.6800
2024-10-06 10:00;31.6100;46.4278;27.0700;-14.8178;4.5400
2024-10-06 11:00;31.6100;44.2575;26.8000;-12.6475;4.8100
2024-10-06 12:00;31.6100;41.2079;26.5300;-9.5979;5.0800
2024-10-06 13:00;29.9000;38.0808;26.2800;-8.1808;3.6200
2024-10-06 14:00;28.1800;35.1462;26.0300;-6.9662;2.1500
2024-10-06 15:00;29.9000;32.6930;25.7900;-2.7930;4.1100
2024-10-06 16:00;29.9000;31.2633;25.5500;-1.3633;4.3500
2024-10-06 17:00;29.9000;30.2059;25.3200;-0.3059;4.5800
2024-10-06 18:00;29.9000;29.6968;25.0900;0.2032;4.8100
2024-10-06 19:00;29.9000;30.0884;24.8700;-0.1884;5.0300
2024-10-06 20:00;29.9000;30.1994;24.6500;-0.2994;5.2500
2024-10-06 21:00;29.9000;31.0284;24.4400;-1.1284;5.4600
2024-10-06 22:00;28.1800;31.1061;24.2300;-2.9261;3.9500
2024-10-06 23:00;25.0100;31.5328;24.0200;-6.5228;0.9900
2024-10-07 00:00;23.5400;31.0197;23.8100;-7.4797;-0.2700
2024-10-07 01:00;20.6100;30.8375;23.6100;-10.2275;-3.0000
2024-10-07 02:00;19.1500;29.8558;23.4200;-10.7058;-4.2700
2024-10-07 03:00;17.9300;29.4000;23.2300;-11.4700;-5.3000
2024-10-07 04:00;17.9300;28.4159;23.0500;-10.4859;-5.1200
2024-10-07 05:00;16.7100;27.9630;22.8700;-11.2530;-6.1600
2024-10-07 06:00;15.5000;27.4202;22.7000;-11.9202;-7.2000
2024-10-07 07:00;15.5000;27.2093;22.5300;-11.7093;-7.0300
2024-10-07 08:00;14.2800;26.5579;22.3700;-12.2779;-8.0900
2024-10-07 09:00;13.0600;25.6261;22.2100;-12.5661;-9.1500
2024-10-07 10:00;13.0600;24.3830;22.0500;-11.3230;-8.9900
2024-10-07 11:00;12.0800;22.9809;21.8900;-10.9009;-9.8100
2024-10-07 12:00;12.0800;21.4766;21.7400;-9.3966;-9.6600
2024-10-07 13:00;11.1000;19.8452;21.5900;-8.7452;-10.4900
2024-10-07 14:00;11.1000;18.6823;21.4400;-7.5823;-10.3400
2024-10-07 15:00;11.1000;17.7362;21.2900;-6.6362;-10.1900
2024-10-07 16:00;11.1000;17.0510;21.1500;-5.9510;-10.0500
2024-10-07 17:00;11.1000;16.9200;21.0000;-5.8200;-9.9000
2024-10-07 18:00;11.1000;17.0888;20.8600;-5.9888;-9.7600
2024-10-07 19:00;11.1000;17.4956;20.7200;-6.3956;-9.6200
2024-10-07 20:00;11.1000;17.6618;20.5900;-6.5618;-9.4900
2024-10-07 21:00;11.1000;17.9700;20.4600;-6.8700;-9.3600
2024-10-07 22:00;11.1000;17.9124;20.3400;-6.8124;-9.2400
2024-10-07 23:00;10.1300;18.6510;20.2400;-8.5210;-10.1100
2024-10-08 00:00;10.1300;18.4383;20.1700;-8.3083;-10.0400
2024-10-08 01:00;10.1300;18.4295;20.1300;-8.2995;-10.0000
2024-10-08 02:00;10.1300;18.2911;20.1200;-8.1611;-9.9900
2024-10-08 03:00;10.1300;18.0612;20.1500;-7.9312;-10.0200
2024-10-08 04:00;11.1000;17.8899;20.2000;-6.7899;-9.1000
2024-10-08 05:00;11.1000;17.6172;20.2700;-6.5172;-9.1700
2024-10-08 06:00;11.1000;18.0304;20.3300;-6.9304;-9.2300
2024-10-08 07:00;10.1300;17.6223;20.3800;-7.4923;-10.2500
2024-10-08 08:00;10.1300;18.1412;20.4000;-8.0112;-10.2700
2024-10-08 09:00;10.1300;18.5142;20.3800;-8.3842;-10.2500
2024-10-08 10:00;10.1300;19.8215;20.3500;-9.6915;-10.2200
2024-10-08 11:00;10.1300;25.1978;20.3400;-15.0678;-10.2100
2024-10-08 12:00;11.1000;30.8456;20.4600;-19.7456;-9.3600
2024-10-08 13:00;10.1300;40.0724;21.1200;-29.9424;-10.9900
2024-10-08 14:00;10.1300;51.9320;23.4300;-41.8020;-13.3000
2024-10-08 15:00;10.1300;73.2210;29.4700;-63.0910;-19.3400
2024-10-08 16:00;10.1300;113.7532;42.2500;-103.6232;-32.1200
2024-10-08 17:00;14.2800;175.7109;66.2500;-161.4309;-51.9700
2024-10-08 18:00;22.0800;231.0337;106.2400;-208.9537;-84.1600
2024-10-08 19:00;174.9500;299.8939;160.1200;-124.9439;14.8300
2024-10-08 20:00;322.0900;334.8130;214.5800;-12.7230;107.5100
2024-10-08 21:00;344.1700;370.2643;253.4900;-26.0943;90.6800
2024-10-08 22:00;298.9600;358.3569;269.6700;-59.3969;29.2900
2024-10-08 23:00;250.3600;350.0589;265.6900;-99.6989;-15.3300
2024-10-09 00:00;215.4900;304.7732;249.3600;-89.2832;-33.8700
2024-10-09 01:00;188.0100;260.1919;228.5600;-72.1819;-40.5500
2024-10-09 02:00;166.5200;231.3357;208.3100;-64.8157;-41.7900
2024-10-09 03:00;150.2100;213.4497;190.9800;-63.2397;-40.7700
2024-10-09 04:00;138.7900;209.8680;176.6500;-71.0780;-37.8600
2024-10-09 05:00;134.9800;200.1655;164.6000;-65.1855;-29.6200
2024-10-09 06:00;138.7900;198.0911;153.8900;-59.3011;-15.1000
2024-10-09 07:00;134.9800;186.2196;143.8400;-51.2396;-8.8600
2024-10-09 08:00;127.6300;178.5495;134.1000;-50.9195;-6.4700
2024-10-09 09:00;120.5600;163.7197;124.6100;-43.1597;-4.0500
2024-10-09 10:00;110.2100;150.0066;115.4800;-39.7966;-5.2700
2024-10-09 11:00;103.6600;139.3037;106.8700;-35.6437;-3.2100
2024-10-09 12:00;94.1200;129.8479;98.9100;-35.7279;-4.7900
2024-10-09 13:00;88.1100;122.3590;91.6800;-34.2490;-3.5700
2024-10-09 14:00;85.1000;116.0471;85.2100;-30.9471;-0.1100
2024-10-09 15:00;79.3600;109.6909;79.4800;-30.3309;-0.1200
2024-10-09 16:00;73.8700;104.3959;74.4400;-30.5259;-0.5700
2024-10-09 17:00;71.1300;99.2869;70.0300;-28.1569;1.1000
2024-10-09 18:00;68.3900;95.1694;66.1900;-26.7794;2.2000
2024-10-09 19:00;68.3900;91.0688;62.8500;-22.6788;5.5400
2024-10-09 20:00;65.9100;87.4438;59.9200;-21.5338;5.9900
2024-10-09 21:00;63.4300;83.7758;57.3300;-20.3458;6.1000
2024-10-09 22:00;60.9400;80.4992;55.0400;-19.5592;5.9000
2024-10-09 23:00;58.4600;77.2244;53.0000;-18.7644;5.4600
2024-10-10 00:00;55.9800;73.8434;51.1800;-17.8634;4.8000
2024-10-10 01:00;51.5400;71.0712;49.5500;-19.5312;1.9900
2024-10-10 02:00;51.5400;68.2454;48.0700;-16.7054;3.4700
2024-10-10 03:00;49.3100;66.1107;46.7200;-16.8007;2.5900
2024-10-10 04:00;49.3100;64.1416;45.5000;-14.8316;3.8100
2024-10-10 05:00;47.0900;62.3522;44.3700;-15.2622;2.7200
2024-10-10 06:00;47.0900;60.1843;43.3300;-13.0943;3.7600
2024-10-10 07:00;44.8700;58.7167;42.3600;-13.8467;2.5100
2024-10-10 08:00;40.9400;56.9836;41.4600;-16.0436;-0.5200
2024-10-10 09:00;38.9700;56.4098;40.6100;-17.4398;-1.6400
2024-10-10 10:00;35.0400;56.0148;39.8200;-20.9748;-4.7800
2024-10-10 11:00;31.6100;56.3434;39.1000;-24.7334;-7.4900
2024-10-10 12:00;33.3300;58.7717;38.5200;-25.4417;-5.1900
2024-10-10 13:00;35.0400;62.8121;38.1900;-27.7721;-3.1500
2024-10-10 14:00;33.3300;75.3109;38.4300;-41.9809;-5.1000
2024-10-10 15:00;33.3300;82.2052;40.0000;-48.8752;-6.6700
2024-10-10 16:00;29.9000;101.5866;44.4800;-71.6866;-14.5800
2024-10-10 17:00;33.3300;108.2966;53.7500;-74.9666;-20.4200
2024-10-10 18:00;47.0900;129.9419;67.6200;-82.8519;-20.5300
2024-10-10 19:00;55.9800;132.9899;82.8400;-77.0099;-26.8600
2024-10-10 20:00;79.3600;142.4048;95.1100;-63.0448;-15.7500
2024-10-10 21:00;91.1100;137.1911;101.6000;-46.0811;-10.4900
2024-10-10 22:00;91.1100;133.3754;102.2700;-42.2654;-11.1600
2024-10-10 23:00;88.1100;122.6672;98.7700;-34.5572;-10.6600
2024-10-11 00:00;82.1000;114.0946;93.1300;-31.9946;-11.0300
2024-10-11 01:00;79.3600;106.9877;86.7400;-27.6277;-7.3800
2024-10-11 02:00;76.6200;101.1184;80.4500;-24.4984;-3.8300
2024-10-11 03:00;71.1300;95.8583;74.6400;-24.7283;-3.5100
2024-10-11 04:00;68.3900;91.9904;69.4300;-23.6004;-1.0400
2024-10-11 05:00;65.9100;87.7992;64.8200;-21.8892;1.0900
2024-10-11 06:00;63.4300;84.8815;60.7700;-21.4515;2.6600
2024-10-11 07:00;60.9400;81.6379;57.2400;-20.6979;3.7000
2024-10-11 08:00;60.9400;79.1759;54.1700;-18.2359;6.7700
2024-10-11 09:00;60.9400;76.7607;51.5200;-15.8207;9.4200
2024-10-11 10:00;55.9800;73.5206;49.2000;-17.5406;6.7800
2024-10-11 11:00;53.7600;70.1669;47.1700;-16.4069;6.5900
2024-10-11 12:00;49.3100;66.7459;45.4000;-17.4359;3.9100
2024-10-11 13:00;49.3100;64.0793;43.8300;-14.7693;5.4800
2024-10-11 14:00;49.3100;60.6404;42.4300;-11.3304;6.8800
2024-10-11 15:00;47.0900;59.4614;41.1900;-12.3714;5.9000
2024-10-11 16:00;49.3100;58.0575;40.1200;-8.7475;9.1900
2024-10-11 17:00;51.5400;59.8138;39.3700;-8.2738;12.1700
2024-10-11 18:00;53.7600;58.1144;39.4300;-4.3544;14.3300
2024-10-11 19:00;55.9800;59.7433;40.8000;-3.7633;15.1800
2024-10-11 20:00;53.7600;58.7053;43.2100;-4.9453;10.5500
2024-10-11 21:00;55.9800;60.5776;45.8100;-4.5976;10.1700
2024-10-11 22:00;58.4600;60.4635;47.7500;-2.0035;10.7100
2024-10-11 23:00;55.9800;61.5697;48.5300;-5.5897;7.4500
2024-10-12 00:00;53.7600;62.7922;48.2100;-9.0322;5.5500
2024-10-12 01:00;53.7600;62.6193;47.0500;-8.8593;6.7100
2024-10-12 02:00;51.5400;61.4131;45.4100;-9.8731;6.1300
2024-10-12 03:00;51.5400;60.0082;43.5900;-8.4682;7.9500
2024-10-12 04:00;49.3100;58.2783;41.7500;-8.9683;7.5600
2024-10-12 05:00;49.3100;56.9834;40.0000;-7.6734;9.3100
2024-10-12 06:00;47.0900;55.7652;38.3800;-8.6752;8.7100
2024-10-12 07:00;44.8700;54.4035;36.9200;-9.5335;7.9500
2024-10-12 08:00;40.9400;53.3544;35.6000;-12.4144;5.3400
2024-10-12 09:00;40.9400;52.4105;34.4300;-11.4705;6.5100
2024-10-12 10:00;40.9400;50.7997;33.3900;-9.8597;7.5500
2024-10-12 11:00;37.0100;48.8265;32.4500;-11.8165;4.5600
2024-10-12 12:00;35.0400;46.1624;31.6200;-11.1224;3.4200
2024-10-12 13:00;33.3300;43.0929;30.8800;-9.7629;2.4500
2024-10-12 14:00;33.3300;40.2529;30.2100;-6.9229;3.1200
2024-10-12 15:00;33.3300;37.5452;29.6100;-4.2152;3.7200
2024-10-12 16:00;33.3300;35.4568;29.0600;-2.1268;4.2700
2024-10-12 17:00;40.9400;34.4983;28.5500;6.4417;12.3900
2024-10-12 18:00;40.9400;33.9405;28.0800;6.9995;12.8600
2024-10-12 19:00;40.9400;34.3117;27.6500;6.6283;13.2900
2024-10-12 20:00;40.9400;34.8223;27.2400;6.1177;13.7000
2024-10-12 21:00;40.9400;34.8305;26.8600;6.1095;14.0800
2024-10-12 22:00;38.9700;35.5043;26.5000;3.4657;12.4700
2024-10-12 23:00;38.9700;35.3862;26.1600;3.5838;12.8100
2024-10-13 00:00;38.9700;35.3498;25.8400;3.6202;13.1300
2024-10-13 01:00;38.9700;34.9722;25.5300;3.9978;13.4400
2024-10-13 02:00;40.9400;34.2389;25.2400;6.7011;15.7000
2024-10-13 03:00;38.9700;33.5739;24.9700;5.3961;14.0000
2024-10-13 04:00;38.9700;33.0631;24.7100;5.9069;14.2600
2024-10-13 05:00;38.9700;32.4341;24.4600;6.5359;14.5100
2024-10-13 06:00;37.0100;31.9649;24.2200;5.0451;12.7900
2024-10-13 07:00;37.0100;31.2789;24.0000;5.7311;13.0100
2024-10-13 08:00;31.6100;30.8565;23.7800;0.7535;7.8300
2024-10-13 09:00;29.9000;30.0439;23.5700;-0.1439;6.3300
2024-10-13 10:00;29.9000;28.4154;23.3600;1.4846;6.5400
2024-10-13 11:00;28.1800;25.9540;23.1600;2.2260;5.0200
2024-10-13 12:00;26.4700;24.0258;22.9600;2.4442;3.5100
2024-10-13 13:00;26.4700;22.4643;22.7700;4.0057;3.7000
2024-10-13 14:00;25.0100;21.0194;22.5800;3.9906;2.4300
2024-10-13 15:00;31.6100;19.7956;22.3900;11.8144;9.2200
2024-10-13 16:00;29.9000;18.9477;22.2100;10.9523;7.6900
2024-10-13 17:00;31.6100;18.8268;22.0300;12.7832;9.5800
2024-10-13 18:00;33.3300;19.4071;21.8500;13.9229;11.4800
2024-10-13 19:00;33.3300;19.9104;21.6800;13.4196;11.6500
2024-10-13 20:00;33.3300;20.6744;21.5000;12.6556;11.8300
2024-10-13 21:00;33.3300;20.9947;21.3300;12.3353;12.0000
2024-10-13 22:00;33.3300;21.3474;21.1600;11.9826;12.1700
2024-10-13 23:00;33.3300;20.9784;20.9900;12.3516;12.3400
2024-10-14 00:00;33.3300;21.2511;20.8200;12.0789;12.5100
2024-10-14 01:00;33.3300;20.8571;20.6600;12.4729;12.6700
2024-10-14 02:00;33.3300;20.9937;20.5000;12.3363;12.8300
2024-10-14 03:00;33.3300;20.4841;20.3500;12.8459;12.9800
2024-10-14 04:00;33.3300;20.4005;20.2000;12.9295;13.1300
2024-10-14 05:00;33.3300;20.0343;20.0500;13.2957;13.2800
2024-10-14 06:00;31.6100;19.8582;19.9100;11.7518;11.7000
2024-10-14 07:00;33.3300;19.4539;19.7700;13.8761;13.5600
2024-10-14 08:00;31.6100;18.9914;19.6400;12.6186;11.9700
2024-10-14 09:00;31.6100;17.9910;19.5100;13.6190;12.1000
2024-10-14 10:00;33.3300;16.5700;19.3800;16.7600;13.9500
2024-10-14 11:00;29.9000;14.8417;19.2500;15.0583;10.6500
2024-10-14 12:00;29.9000;13.0064;19.1300;16.8936;10.7700
2024-10-14 13:00;28.1800;11.6653;19.0000;16.5147;9.1800
2024-10-14 14:00;28.1800;10.7161;18.8800;17.4639;9.3000
2024-10-14 15:00;26.4700;10.3310;18.7600;16.1390;7.7100
2024-10-14 16:00;26.4700;9.9671;18.6400;16.5029;7.8300
2024-10-14 17:00;28.1800;10.0615;18.5300;18.1185;9.6500
2024-10-14 18:00;29.9000;10.2804;18.4100;19.6196;11.4900
2024-10-14 19:00;29.9000;10.9466;18.2900;18.9534;11.6100
2024-10-14 20:00;29.9000;11.3189;18.1800;18.5811;11.7200
2024-10-14 21:00;29.9000;11.7291;18.0600;18.1709;11.8400
2024-10-14 22:00;29.9000;12.2031;17.9500;17.6969;11.9500
2024-10-14 23:00;29.9000;12.3657;17.8300;17.5343;12.0700
2024-10-15 00:00;31.6100;12.5377;17.7200;19.0723;13.8900
2024-10-15 01:00;29.9000;12.6886;17.6100;17.2114;12.2900
2024-10-15 02:00;29.9000;12.4755;17.5000;17.4245;12.4000
2024-10-15 03:00;31.6100;12.3072;17.3900;19.3028;14.2200
2024-10-15 04:00;31.6100;12.2479;17.2900;19.3621;14.3200
2024-10-15 05:00;29.9000;12.1104;17.1900;17.7896;12.7100
2024-10-15 06:00;29.9000;11.9767;17.0900;17.9233;12.8100
2024-10-15 07:00;29.9000;11.8934;16.9900;18.0066;12.9100
2024-10-15 08:00;29.9000;11.7052;16.9000;18.1948;13.0000
2024-10-15 09:00;29.9000;11.1516;16.8000;18.7484;13.1000
2024-10-15 10:00;29.9000;9.7621;16.7100;20.1379;13.1900
2024-10-15 11:00;28.1800;8.2417;16.6200;19.9383;11.5600
2024-10-15 12:00;26.4700;7.1253;16.5400;19.3447;9.9300
2024-10-15 13:00;26.4700;6.4775;16.4500;19.9925;10.0200
2024-10-15 14:00;26.4700;5.8805;16.3600;20.5895;10.1100
2024-10-15 15:00;26.4700;5.6076;16.2800;20.8624;10.1900
2024-10-15 16:00;28.1800;5.5990;16.1900;22.5810;11.9900
2024-10-15 17:00;28.1800;5.5567;16.1100;22.6233;12.0700
2024-10-15 18:00;28.1800;5.7741;16.0200;22.4059;12.1600
2024-10-15 19:00;28.1800;6.0560;15.9400;22.1240;12.2400
2024-10-15 20:00;28.1800;6.2149;15.8600;21.9651;12.3200
2024-10-15 21:00;28.1800;6.3852;15.7700;21.7948;12.4100
2024-10-15 22:00;28.1800;6.4887;15.6900;21.6913;12.4900
2024-10-15 23:00;28.1800;6.6131;15.6000;21.5669;12.5800
2024-10-16 00:00;28.1800;6.7717;15.5200;21.4083;12.6600
2024-10-16 01:00;26.4700;6.7874;15.4400;19.6826;11.0300
2024-10-16 02:00;25.0100;6.7945;15.3500;18.2155;9.6600
2024-10-16 03:00;25.0100;6.8542;15.2700;18.1558;9.7400
2024-10-16 04:00;23.5400;6.8291;15.1900;16.7109;8.3500
2024-10-16 05:00;23.5400;6.7877;15.1100;16.7523;8.4300
2024-10-16 06:00;23.5400;6.7719;15.0400;16.7681;8.5000
2024-10-16 07:00;22.0800;6.7217;14.9600;15.3583;7.1200
2024-10-16 08:00;22.0800;6.6588;14.8900;15.4212;7.1900
2024-10-16 09:00;23.5400;6.5408;14.8200;16.9992;8.7200
2024-10-16 10:00;22.0800;6.2754;14.7500;15.8046;7.3300
2024-10-16 11:00;22.0800;5.9907;14.6800;16.0893;7.4000
2024-10-16 12:00;22.0800;5.6554;14.6100;16.4246;7.4700
2024-10-16 13:00;22.0800;5.5741;14.5400;16.5059;7.5400
2024-10-16 14:00;22.0800;5.4156;14.4800;16.6644;7.6000
2024-10-16 15:00;22.0800;5.6710;14.4100;16.4090;7.6700
2024-10-16 16:00;22.0800;5.5872;14.3500;16.4928;7.7300
2024-10-16 17:00;22.0800;5.6592;14.3100;16.4208;7.7700
2024-10-16 18:00;22.0800;5.8862;14.2700;16.1938;7.8100
2024-10-16 19:00;22.0800;6.4394;14.2400;15.6406;7.8400
2024-10-16 20:00;22.0800;6.9807;14.2200;15.0993;7.8600
2024-10-16 21:00;22.0800;7.1116;14.2000;14.9684;7.8800
2024-10-16 22:00;22.0800;7.0551;14.1800;15.0249;7.9000
2024-10-16 23:00;22.0800;6.9614;14.1800;15.1186;7.9000
2024-10-17 00:00;22.0800;7.0221;14.2000;15.0579;7.8800
2024-10-17 01:00;22.0800;7.1285;14.2400;14.9515;7.8400
2024-10-17 02:00;22.0800;7.1428;14.3000;14.9372;7.7800
2024-10-17 03:00;22.0800;7.2857;14.3700;14.7943;7.7100
2024-10-17 04:00;22.0800;7.5073;14.4600;14.5727;7.6200
2024-10-17 05:00;23.5400;7.4647;14.5400;16.0753;9.0000
2024-10-17 06:00;23.5400;7.3672;14.6200;16.1728;8.9200
2024-10-17 07:00;22.0800;7.3848;14.6800;14.6952;7.4000
2024-10-17 08:00;22.0800;7.2853;14.7200;14.7947;7.3600
2024-10-17 09:00;22.0800;7.0521;14.7400;15.0279;7.3400
2024-10-17 10:00;22.0800;6.6689;14.7300;15.4111;7.3500
2024-10-17 11:00;22.0800;6.0953;14.7100;15.9847;7.3700
2024-10-17 12:00;22.0800;5.6467;14.6800;16.4333;7.4000
2024-10-17 13:00;22.0800;5.3644;14.6400;16.7156;7.4400
2024-10-17 14:00;22.0800;5.0015;14.6000;17.0785;7.4800
2024-10-17 15:00;22.0800;4.8728;14.5600;17.2072;7.5200
2024-10-17 16:00;22.0800;5.2572;14.5400;16.8228;7.5400
2024-10-17 17:00;22.0800;6.8331;14.5700;15.2469;7.5100
2024-10-17 18:00;23.5400;19.1980;14.7500;4.3420;8.7900
2024-10-17 19:00;25.0100;29.6454;15.5900;-4.6354;9.4200
2024-10-17 20:00;26.4700;45.7978;20.8500;-19.3278;5.6200
2024-10-17 21:00;29.9000;98.0123;53.0900;-68.1123;-23.1900
2024-10-17 22:00;162.4400;194.0749;157.4700;-31.6349;4.9700
2024-10-17 23:00;388.8400;286.9484;339.9700;101.8916;48.8700
2024-10-18 00:00;567.8000;468.4745;565.3600;99.3255;2.4400
2024-10-18 01:00;665.2700;633.9471;783.7000;31.3229;-118.4300
2024-10-18 02:00;706.6200;787.9883;943.7400;-81.3683;-237.1200
2024-10-18 03:00;841.6000;910.1108;1009.8900;-68.5108;-168.2900
2024-10-18 04:00;910.5700;939.3568;981.4500;-28.7868;-70.8800
2024-10-18 05:00;910.5700;957.3776;888.7400;-46.8076;21.8300
2024-10-18 06:00;875.9800;866.3945;771.6500;9.5855;104.3300
2024-10-18 07:00;665.2700;774.1776;657.9600;-108.9076;7.3100
2024-10-18 08:00;480.8000;622.9197;559.2400;-142.1197;-78.4400
2024-10-18 09:00;381.3500;496.9440;476.8800;-115.5940;-95.5300
2024-10-18 10:00;316.3100;408.6949;409.5500;-92.3849;-93.2400
2024-10-18 11:00;287.7200;345.7086;355.2700;-57.9886;-67.5500
2024-10-18 12:00;265.8900;308.5454;311.7400;-42.6554;-45.8500
2024-10-18 13:00;245.1800;282.9688;276.6000;-37.7888;-31.4200
2024-10-18 14:00;230.2000;263.3221;247.8700;-33.1221;-17.6700
2024-10-18 15:00;215.4900;245.4659;224.2400;-29.9759;-8.7500
2024-10-18 16:00;201.6100;234.3320;204.8900;-32.7220;-3.2800
2024-10-18 17:00;192.3600;222.1323;189.0500;-29.7723;3.3100
2024-10-18 18:00;183.6600;208.6766;175.6900;-25.0166;7.9700
2024-10-18 19:00;174.9500;198.0215;163.7900;-23.0715;11.1600
2024-10-18 20:00;170.6000;189.3330;152.6800;-18.7330;17.9200
2024-10-18 21:00;162.4400;179.3811;142.1000;-16.9411;20.3400
2024-10-18 22:00;150.2100;166.7284;132.1100;-16.5184;18.1000
2024-10-18 23:00;146.4000;159.0068;122.8000;-12.6068;23.6000
2024-10-19 00:00;138.7900;148.3960;114.2500;-9.6060;24.5400
2024-10-19 01:00;131.1700;138.7813;106.5200;-7.6113;24.6500
2024-10-19 02:00;127.6300;130.9197;99.6000;-3.2897;28.0300
2024-10-19 03:00;124.0900;125.2680;93.4400;-1.1780;30.6500
2024-10-19 04:00;117.0200;120.1161;87.9900;-3.0961;29.0300
2024-10-19 05:00;113.4800;115.2322;83.1800;-1.7522;30.3000
2024-10-19 06:00;106.9400;110.7171;78.9500;-3.7771;27.9900
2024-10-19 07:00;103.6600;106.3156;75.2500;-2.6556;28.4100
2024-10-19 08:00;100.3900;101.9551;71.9600;-1.5651;28.4300
2024-10-19 09:00;97.1200;98.0247;69.0000;-0.9047;28.1200
2024-10-19 10:00;97.1200;94.1679;66.3400;2.9521;30.7800
2024-10-19 11:00;94.1200;91.3114;63.9800;2.8086;30.1400
2024-10-19 12:00;91.1100;87.6173;61.8900;3.4927;29.2200
2024-10-19 13:00;88.1100;86.5758;60.3900;1.5342;27.7200
2024-10-19 14:00;91.1100;85.8167;62.6500;5.2933;28.4600
2024-10-19 15:00;94.1200;86.9712;69.4300;7.1488;24.6900
2024-10-19 16:00;97.1200;91.4741;75.2900;5.6459;21.8300
2024-10-19 17:00;94.1200;96.4106;79.0300;-2.2906;15.0900
2024-10-19 18:00;100.3900;111.3030;84.7400;-10.9130;15.6500
2024-10-19 19:00;127.6300;129.6382;113.5200;-2.0082;14.1100
2024-10-19 20:00;183.6600;161.9882;185.9700;21.6718;-2.3100
2024-10-19 21:00;298.9600;211.8800;284.7200;87.0800;14.2400
2024-10-19 22:00;426.7600;270.6801;393.0200;156.0799;33.7400
2024-10-19 23:00;520.0400;333.1438;501.5900;186.8962;18.4500
2024-10-20 00:00;591.8700;404.7754;577.1900;187.0946;14.6800
2024-10-20 01:00;591.8700;467.3180;618.1700;124.5520;-26.3000
2024-10-20 02:00;551.7500;533.4879;649.3400;18.2621;-97.5900
2024-10-20 03:00;559.7700;573.7847;680.1500;-14.0147;-120.3800
2024-10-20 04:00;599.9900;605.3532;688.9100;-5.3632;-88.9200
2024-10-20 05:00;624.3300;603.0649;662.7100;21.2651;-38.3800
2024-10-20 06:00;551.7500;589.1384;610.8300;-37.3884;-59.0800
2024-10-20 07:00;442.0900;552.5447;549.0700;-110.4547;-106.9800
2024-10-20 08:00;358.8900;504.5999;488.5100;-145.7099;-129.6200
2024-10-20 09:00;304.7400;447.9941;434.4800;-143.2541;-129.7400
2024-10-20 10:00;276.8100;389.6851;387.8000;-112.8751;-110.9900
2024-10-20 11:00;255.5300;342.2634;347.3500;-86.7334;-91.8200
2024-10-20 12:00;240.0000;303.1342;311.5100;-63.1342;-71.5100
2024-10-20 13:00;230.2000;273.3430;279.5000;-43.1430;-49.3000
2024-10-20 14:00;210.8600;248.7420;250.9500;-37.8820;-40.0900
2024-10-20 15:00;196.9900;222.6062;226.0300;-25.6162;-29.0400
2024-10-20 16:00;183.6600;202.2925;204.1600;-18.6325;-20.5000
2024-10-20 17:00;174.9500;182.0313;184.5400;-7.0813;-9.5900
2024-10-20 18:00;162.4400;169.4859;166.9600;-7.0459;-4.5200
2024-10-20 19:00;154.2900;157.3070;151.4900;-3.0170;2.8000
2024-10-20 20:00;150.2100;151.9409;138.0800;-1.7309;12.1300
2024-10-20 21:00;142.5900;144.1966;126.5200;-1.6066;16.0700
2024-10-20 22:00;138.7900;137.2139;116.5500;1.5761;22.2400
2024-10-20 23:00;131.1700;129.7473;107.9100;1.4227;23.2600
2024-10-21 00:00;124.0900;123.3179;100.3700;0.7721;23.7200
2024-10-21 01:00;120.5600;118.1424;93.7700;2.4176;26.7900
2024-10-21 02:00;117.0200;112.6116;88.0100;4.4084;29.0100
2024-10-21 03:00;113.4800;108.8301;82.9800;4.6499;30.5000
2024-10-21 04:00;110.2100;104.2828;78.6100;5.9272;31.6000
2024-10-21 05:00;106.9400;101.2778;74.8300;5.6622;32.1100
2024-10-21 06:00;103.6600;97.8517;71.5500;5.8083;32.1100
2024-10-21 07:00;100.3900;94.6843;68.6800;5.7057;31.7100
2024-10-21 08:00;97.1200;91.3804;66.1700;5.7396;30.9500
2024-10-21 09:00;94.1200;88.4663;63.9500;5.6537;30.1700
2024-10-21 10:00;94.1200;85.7798;61.9900;8.3402;32.1300
2024-10-21 11:00;91.1100;82.9680;60.2400;8.1420;30.8700
2024-10-21 12:00;88.1100;80.4173;58.6700;7.6927;29.4400
2024-10-21 13:00;85.1000;78.4077;57.2500;6.6923;27.8500
2024-10-21 14:00;82.1000;77.0331;55.9600;5.0669;26.1400
2024-10-21 15:00;82.1000;75.3665;54.7700;6.7335;27.3300
2024-10-21 16:00;85.1000;74.2914;53.6800;10.8086;31.4200
2024-10-21 17:00;85.1000;72.5898;52.6600;12.5102;32.4400
2024-10-21 18:00;85.1000;71.8729;51.7100;13.2271;33.3900
2024-10-21 19:00;85.1000;70.4172;50.8200;14.6828;34.2800
2024-10-21 20:00;82.1000;69.2849;49.9800;12.8151;32.1200
2024-10-21 21:00;82.1000;68.3297;49.1900;13.7703;32.9100
2024-10-21 22:00;85.1000;67.1786;48.4300;17.9214;36.6700
2024-10-21 23:00;82.1000;66.3800;47.7100;15.7200;34.3900
2024-10-22 00:00;82.1000;65.2484;47.0300;16.8516;35.0700
2024-10-22 01:00;79.3600;64.2873;46.3700;15.0727;32.9900
2024-10-22 02:00;79.3600;63.0396;45.7400;16.3204;33.6200
2024-10-22 03:00;76.6200;62.4064;45.1300;14.2136;31.4900
2024-10-22 04:00;76.6200;61.4942;44.5500;15.1258;32.0700
2024-10-22 05:00;76.6200;60.9948;43.9900;15.6252;32.6300
2024-10-22 06:00;71.1300;59.9196;43.4500;11.2104;27.6800
2024-10-22 07:00;65.9100;59.1513;42.9300;6.7587;22.9800
2024-10-22 08:00;63.4300;58.3887;42.4200;5.0413;21.0100
2024-10-22 09:00;63.4300;57.4062;41.9200;6.0238;21.5100
2024-10-22 10:00;63.4300;56.4516;41.4400;6.9784;21.9900
2024-10-22 11:00;63.4300;55.0698;40.9800;8.3602;22.4500
2024-10-22 12:00;60.9400;53.7743;40.5300;7.1657;20.4100
2024-10-22 13:00;60.9400;52.4626;40.1000;8.4774;20.8400
2024-10-22 14:00;63.4300;51.4206;39.6900;12.0094;23.7400
2024-10-22 15:00;60.9400;50.4849;39.2700;10.4551;21.6700
2024-10-22 16:00;58.4600;49.4851;38.8700;8.9749;19.5900
2024-10-22 17:00;60.9400;48.6591;38.4600;12.2809;22.4800
2024-10-22 18:00;71.1300;48.3431;38.0700;22.7869;33.0600
2024-10-22 19:00;71.1300;48.2179;37.6900;22.9121;33.4400
2024-10-22 20:00;71.1300;48.2299;37.3100;22.9001;33.8200
2024-10-22 21:00;71.1300;48.0903;36.9700;23.0397;34.1600
2024-10-22 22:00;71.1300;48.0233;36.6500;23.1067;34.4800
2024-10-22 23:00;71.1300;47.8843;36.3600;23.2457;34.7700
2024-10-23 00:00;71.1300;47.3144;36.1000;23.8156;35.0300
2024-10-23 01:00;71.1300;46.6322;35.8600;24.4978;35.2700
2024-10-23 02:00;68.3900;45.3533;35.6300;23.0367;32.7600
2024-10-23 03:00;68.3900;44.6545;35.4000;23.7355;32.9900
2024-10-23 04:00;60.9400;43.7934;35.1400;17.1466;25.8000
2024-10-23 05:00;53.7600;43.1154;34.9000;10.6446;18.8600
2024-10-23 06:00;49.3100;41.5821;34.6900;7.7279;14.6200
2024-10-23 07:00;47.0900;40.5334;34.5700;6.5566;12.5200
2024-10-23 08:00;47.0900;41.9830;34.5100;5.1070;12.5800
2024-10-23 09:00;49.3100;41.6436;34.4700;7.6664;14.8400
2024-10-23 10:00;49.3100;43.7523;34.4900;5.5577;14.8200
2024-10-23 11:00;51.5400;42.9369;34.6100;8.6031;16.9300
2024-10-23 12:00;55.9800;45.4563;34.8800;10.5237;21.1000
2024-10-23 13:00;58.4600;46.3782;35.5100;12.0818;22.9500
2024-10-23 14:00;60.9400;49.6923;36.5100;11.2477;24.4300
2024-10-23 15:00;63.4300;50.6293;38.4400;12.8007;24.9900
2024-10-23 16:00;71.1300;60.0077;42.6100;11.1223;28.5200
2024-10-23 17:00;110.2100;69.4111;50.7200;40.7989;59.4900
2024-10-23 18:00;192.3600;86.8224;63.7000;105.5376;128.6600
2024-10-23 19:00;206.2400;108.2818;81.1100;97.9582;125.1300
2024-10-23 20:00;192.3600;140.1981;102.8400;52.1619;89.5200
2024-10-23 21:00;183.6600;181.8957;130.4200;1.7643;53.2400
2024-10-23 22:00;282.2600;229.1374;165.4600;53.1226;116.8000
2024-10-23 23:00;358.8900;275.0913;205.2700;83.7987;153.6200
2024-10-24 00:00;396.3300;316.6013;242.0100;79.7287;154.3200
2024-10-24 01:00;403.9400;343.7240;267.5500;60.2160;136.3900
2024-10-24 02:00;358.8900;365.6538;278.8800;-6.7638;80.0100
2024-10-24 03:00;310.5300;366.4341;278.8900;-55.9041;31.6400
2024-10-24 04:00;287.7200;357.4848;272.3500;-69.7648;15.3700
2024-10-24 05:00;282.2600;334.7034;262.4100;-52.4434;19.8500
2024-10-24 06:00;260.7100;310.5974;250.1700;-49.8874;10.5400
2024-10-24 07:00;250.3600;292.0064;235.9600;-41.6464;14.4000
2024-10-24 08:00;235.1000;273.5131;219.9200;-38.4131;15.1800
2024-10-24 09:00;220.3900;256.9046;202.9800;-36.5146;17.4100
2024-10-24 10:00;204.5000;238.4215;186.9400;-33.9215;17.5600
2024-10-24 11:00;194.8700;221.4388;173.6800;-26.5688;21.1900
2024-10-24 12:00;192.5500;211.4553;164.3700;-18.9053;28.1800
2024-10-24 13:00;200.4600;206.0905;159.0100;-5.6305;41.4500
2024-10-24 14:00;207.0100;206.0170;156.5400;0.9930;50.4700
2024-10-24 15:00;203.3500;208.8827;155.3200;-5.5327;48.0300
2024-10-24 16:00;204.5000;213.9988;153.6800;-9.4988;50.8200
2024-10-24 17:00;199.6800;212.5398;150.2000;-12.8598;49.4800
2024-10-24 18:00;190.0100;203.9612;144.3900;-13.9512;45.6200
2024-10-24 19:00;179.3000;192.1868;136.5800;-12.8868;42.7200
2024-10-24 20:00;169.6100;180.3398;127.5500;-10.7298;42.0600
2024-10-24 21:00;162.1000;164.8819;118.2000;-2.7819;43.9000
2024-10-24 22:00;154.6300;152.0145;109.2200;2.6155;45.4100
2024-10-24 23:00;147.0400;142.8532;100.9700;4.1868;46.0700
2024-10-25 00:00;140.5300;134.5377;93.5600;5.9923;46.9700
2024-10-25 01:00;134.9800;128.8082;87.0000;6.1718;47.9800
2024-10-25 02:00;132.1200;122.7117;81.2300;9.4083;50.8900
2024-10-25 03:00;127.6300;118.2588;76.1800;9.3712;51.4500
2024-10-25 04:00;123.3600;113.1654;71.7700;10.1946;51.5900
2024-10-25 05:00;119.2300;109.3808;67.9400;9.8492;51.2900
2024-10-25 06:00;115.9900;105.3149;64.6200;10.6751;51.3700
2024-10-25 07:00;113.4800;101.9801;61.7200;11.4999;51.7600
2024-10-25 08:00;110.6200;98.4913;59.1800;12.1287;51.4400
2024-10-25 09:00;104.4800;95.7255;56.9700;8.7545;47.5100
2024-10-25 10:00;104.4800;92.9363;55.0600;11.5437;49.4200
2024-10-25 11:00;103.6600;93.2366;53.4400;10.4234;50.2200
2024-10-25 12:00;101.3500;94.0279;52.1600;7.3221;49.1900
2024-10-25 13:00;102.7100;97.4726;51.3000;5.2374;51.4100
2024-10-25 14:00;105.4400;101.5859;50.9700;3.8541;54.4700
2024-10-25 15:00;110.0700;105.5519;51.1400;4.5181;58.9300
2024-10-25 16:00;107.4800;110.8231;51.6900;-3.3431;55.7900
2024-10-25 17:00;103.6600;113.0372;52.5000;-9.3772;51.1600
2024-10-25 18:00;103.6600;111.7495;53.4800;-8.0895;50.1800
2024-10-25 19:00;103.6600;112.6800;54.5700;-9.0200;49.0900
2024-10-25 20:00;102.3000;114.1514;55.7500;-11.8514;46.5500
2024-10-25 21:00;98.3500;118.7245;57.1300;-20.3745;41.2200
2024-10-25 22:00;101.6200;125.3830;59.0000;-23.7630;42.6200
2024-10-25 23:00;103.6600;130.8548;62.0100;-27.1948;41.6500
2024-10-26 00:00;105.7100;145.3742;67.9500;-39.6642;37.7600
2024-10-26 01:00;113.3200;165.8180;79.4400;-52.4980;33.8800
2024-10-26 02:00;135.7100;192.8722;98.0300;-57.1622;37.6800
2024-10-26 03:00;171.8500;223.3493;122.6700;-51.4993;49.1800
2024-10-26 04:00;234.5400;253.1124;149.7400;-18.5724;84.8000
2024-10-26 05:00;267.7400;275.6337;174.0500;-7.8937;93.6900
2024-10-26 06:00;271.5800;290.8388;191.0800;-19.2588;80.5000
2024-10-26 07:00;262.4600;289.2950;198.7600;-26.8350;63.7000
2024-10-26 08:00;249.0600;281.8636;197.4300;-32.8036;51.6300
2024-10-26 09:00;235.3100;259.6460;189.1500;-24.3360;46.1600
2024-10-26 10:00;221.0000;237.7570;176.6700;-16.7570;44.3300
2024-10-26 11:00;209.3200;213.1036;162.3300;-3.7836;46.9900
2024-10-26 12:00;196.0200;192.5215;147.9400;3.4985;48.0800
2024-10-26 13:00;186.9200;173.3930;134.4400;13.5270;52.4800
2024-10-26 14:00;176.5800;158.8832;122.2000;17.6968;54.3800
2024-10-26 15:00;167.5400;148.4356;111.3200;19.1044;56.2200
2024-10-26 16:00;156.3300;140.5881;101.8200;15.7419;54.5100
2024-10-26 17:00;152.0800;134.6228;93.5900;17.4572;58.4900
2024-10-26 18:00;144.8200;129.1783;86.5300;15.6417;58.2900
2024-10-26 19:00;139.2600;123.5041;80.5000;15.7559;58.7600
2024-10-26 20:00;135.9300;117.6273;75.3500;18.3027;60.5800
2024-10-26 21:00;130.9000;111.6877;70.9700;19.2123;59.9300
2024-10-26 22:00;127.3400;106.8955;67.2500;20.4445;60.0900
2024-10-26 23:00;123.5000;101.8750;64.0800;21.6250;59.4200
2024-10-27 00:00;119.9700;98.5768;61.3500;21.3932;58.6200
2024-10-27 01:00;114.8100;95.4580;58.9900;19.3520;55.8200
2024-10-27 02:00;113.2100;92.2649;56.9300;20.9451;56.2800
2024-10-27 03:00;110.3400;91.5723;55.1400;18.7677;55.2000
2024-10-27 04:00;108.0300;88.9282;53.6000;19.1018;54.4300
2024-10-27 05:00;107.0700;90.4109;52.2900;16.6591;54.7800
2024-10-27 06:00;106.5300;87.7073;51.2000;18.8227;55.3300
2024-10-27 07:00;104.7500;89.0689;50.3200;15.6811;54.4300
2024-10-27 08:00;102.9800;86.2919;49.6200;16.6881;53.3600
2024-10-27 09:00;98.8900;87.0786;49.0400;11.8114;49.8500
2024-10-27 10:00;96.8700;83.8958;48.5200;12.9742;48.3500
2024-10-27 11:00;93.6200;81.4913;47.9900;12.1287;45.6300
2024-10-27 12:00;91.1100;78.5379;47.4200;12.5721;43.6900
2024-10-27 13:00;90.2400;76.3410;46.8100;13.8990;43.4300
2024-10-27 14:00;88.1100;75.1071;46.1600;13.0029;41.9500
2024-10-27 15:00;88.7300;73.2344;45.4800;15.4956;43.2500
2024-10-27 16:00;91.3600;73.1434;44.7900;18.2166;46.5700
2024-10-27 17:00;91.1100;71.8903;44.1000;19.2197;47.0100
2024-10-27 18:00;91.1100;72.2311;43.4000;18.8789;47.7100
2024-10-27 19:00;89.7400;70.6664;42.7100;19.0736;47.0300
2024-10-27 20:00;87.8600;69.3142;42.0400;18.5458;45.8200
2024-10-27 21:00;87.8600;67.8609;41.3800;19.9991;46.4800
2024-10-27 22:00;86.2300;65.9408;40.7400;20.2892;45.4900
2024-10-27 23:00;85.1000;65.0132;40.1200;20.0868;44.9800
2024-10-28 00:00;83.9800;63.1978;39.5300;20.7822;44.4500
2024-10-28 01:00;82.3500;62.5997;38.9600;19.7503;43.3900
2024-10-28 02:00;81.7600;61.3768;38.4200;20.3832;43.3400
2024-10-28 03:00;79.8200;61.0073;37.9000;18.8127;41.9200
2024-10-28 04:00;79.1300;60.0494;37.4000;19.0806;41.7300
2024-10-28 05:00;79.1300;59.6078;36.9300;19.5222;42.2000
2024-10-28 06:00;79.1300;58.9081;36.4700;20.2219;42.6600
2024-10-28 07:00;79.3600;58.3011;36.0400;21.0589;43.3200
2024-10-28 08:00;78.5600;57.5798;35.6100;20.9802;42.9500
2024-10-28 09:00;76.6200;57.0210;35.2100;19.5990;41.4100
2024-10-28 10:00;76.6200;56.1094;34.8100;20.5106;41.8100
2024-10-28 11:00;75.8200;54.5463;34.4300;21.2737;41.3900
2024-10-28 12:00;74.3300;52.7116;34.0600;21.6184;40.2700
2024-10-28 13:00;71.7000;50.5697;33.6900;21.1303;38.0100
2024-10-28 14:00;70.1000;48.5787;33.3400;21.5213;36.7600
2024-10-28 15:00;68.3100;46.5041;32.9900;21.8059;35.3200
2024-10-28 16:00;65.9100;45.5911;32.6500;20.3189;33.2600
2024-10-28 17:00;68.0800;43.9100;32.3200;24.1700;35.7600
2024-10-28 18:00;68.3900;44.9767;32.0000;23.4133;36.3900
2024-10-28 19:00;68.6200;44.1884;31.6800;24.4316;36.9400
2024-10-28 20:00;68.3900;45.6858;31.3700;22.7042;37.0200
2024-10-28 21:00;67.7700;45.0066;31.0600;22.7634;36.7100
2024-10-28 22:00;68.3900;45.6367;30.7600;22.7533;37.6300
2024-10-28 23:00;68.3900;45.7540;30.4700;22.6360;37.9200
2024-10-29 00:00;67.4600;45.4182;30.1800;22.0418;37.2800
2024-10-29 01:00;65.9100;45.2413;29.9000;20.6687;36.0100
2024-10-29 02:00;65.9100;44.4900;29.6300;21.4200;36.2800
2024-10-29 03:00;65.2900;43.9453;29.3600;21.3447;35.9300
2024-10-29 04:00;65.7000;43.5601;29.1000;22.1399;36.6000
2024-10-29 05:00;63.9400;43.0756;28.8500;20.8644;35.0900
2024-10-29 06:00;63.4300;42.9699;28.6100;20.4601;34.8200
2024-10-29 07:00;63.4300;42.8270;28.3700;20.6030;35.0600
2024-10-29 08:00;63.4300;42.8978;28.1400;20.5322;35.2900
2024-10-29 09:00;63.4300;42.6619;27.9100;20.7681;35.5200
2024-10-29 10:00;63.6300;41.4409;27.6900;22.1891;35.9400
2024-10-29 11:00;61.6700;39.6340;27.4700;22.0360;34.2000
2024-10-29 12:00;60.1200;37.7366;27.2600;22.3834;32.8600
2024-10-29 13:00;57.4300;35.4950;27.0400;21.9350;30.3900
2024-10-29 14:00;56.1900;33.5316;26.8300;22.6584;29.3600
2024-10-29 15:00;56.6000;31.1140;26.6200;25.4860;29.9800
2024-10-29 16:00;55.7900;30.6129;26.4200;25.1771;29.3700
2024-10-29 17:00;57.2200;29.3122;26.2100;27.9078;31.0100
2024-10-29 18:00;57.8400;30.0804;26.0100;27.7596;31.8300
2024-10-29 19:00;58.3600;29.7428;25.8200;28.6172;32.5400
2024-10-29 20:00;58.1500;30.8529;25.6200;27.2971;32.5300
2024-10-29 21:00;58.0500;30.7027;25.4300;27.3473;32.6200
2024-10-29 22:00;56.6000;31.5053;25.2400;25.0947;31.3600
2024-10-29 23:00;56.8100;31.4790;25.0500;25.3310;31.7600
2024-10-30 00:00;56.8100;32.0604;24.8600;24.7496;31.9500
2024-10-30 01:00;55.9800;31.8925;24.6800;24.0875;31.3000
2024-10-30 02:00;55.9800;32.2458;24.5000;23.7342;31.4800
2024-10-30 03:00;55.9800;32.0858;24.3300;23.8942;31.6500
2024-10-30 04:00;55.9800;32.1621;24.1600;23.8179;31.8200
2024-10-30 05:00;54.3100;31.9617;23.9900;22.3483;30.3200
2024-10-30 06:00;49.1300;31.9650;23.8300;17.1650;25.3000
2024-10-30 07:00;44.2300;31.6637;23.6800;12.5663;20.5500
2024-10-30 08:00;42.3300;31.4636;23.5300;10.8664;18.8000
2024-10-30 09:00;40.9400;30.7849;23.3800;10.1551;17.5600
2024-10-30 10:00;40.8600;29.5865;23.2300;11.2735;17.6300
2024-10-30 11:00;38.7300;27.3839;23.0800;11.3461;15.6500
2024-10-30 12:00;36.7600;24.8674;22.9400;11.8926;13.8200
2024-10-30 13:00;35.5300;22.4044;22.7900;13.1256;12.7400
2024-10-30 14:00;35.0400;20.0758;22.6500;14.9642;12.3900
2024-10-30 15:00;35.2000;18.3516;22.5000;16.8484;12.7000
2024-10-30 16:00;34.1100;17.1751;22.3600;16.9349;11.7500
2024-10-30 17:00;35.5600;17.2000;22.2300;18.3600;13.3300
2024-10-30 18:00;37.1700;17.9134;22.0900;19.2566;15.0800
2024-10-30 19:00;37.0100;19.0177;21.9500;17.9923;15.0600
2024-10-30 20:00;37.9100;19.6089;21.8200;18.3011;16.0900
2024-10-30 21:00;38.0700;20.3106;21.6800;17.7594;16.3900
2024-10-30 22:00;37.0100;20.9155;21.5500;16.0945;15.4600
2024-10-30 23:00;37.8300;21.5639;21.4200;16.2661;16.4100
2024-10-31 00:00;37.0100;21.8575;21.2900;15.1525;15.7200
2024-10-31 01:00;37.1700;21.9243;21.1600;15.2457;16.0100
2024-10-31 02:00;36.8400;21.9407;21.0300;14.8993;15.8100
2024-10-31 03:00;37.0100;21.9084;20.9100;15.1016;16.1000
2024-10-31 04:00;35.7800;21.9747;20.7900;13.8053;14.9900
2024-10-31 05:00;35.2000;21.8420;20.6700;13.3580;14.5300
2024-10-31 06:00;35.0400;21.8535;20.5600;13.1865;14.4800
2024-10-31 07:00;35.0400;21.5816;20.4500;13.4584;14.5900
2024-10-31 08:00;35.0400;21.5460;20.3400;13.4940;14.7000
2024-10-31 09:00;35.0400;21.2890;20.2300;13.7510;14.8100
2024-10-31 10:00;35.6200;19.9039;20.1200;15.7161;15.5000
2024-10-31 11:00;34.1800;17.6238;20.0200;16.5562;14.1600
2024-10-31 12:00;31.6100;15.4738;19.9100;16.1362;11.7000
2024-10-31 13:00;31.2500;13.6739;19.8100;17.5761;11.4400
2024-10-31 14:00;30.6800;12.2458;19.7000;18.4342;10.9800
2024-10-31 15:00;29.9700;11.3799;19.6000;18.5901;10.3700
2024-10-31 16:00;28.4700;10.8902;19.5000;17.5798;8.9700
2024-10-31 17:00;30.3300;11.1398;19.4000;19.1902;10.9300
2024-10-31 18:00;31.9700;12.2002;19.2900;19.7698;12.6800
2024-10-31 19:00;32.9700;13.3409;19.1900;19.6291;13.7800
2024-10-31 20:00;32.8300;13.8228;19.0900;19.0072;13.7400
2024-10-31 21:00;33.3300;13.9374;19.0000;19.3926;14.3300
2024-10-31 22:00;33.1800;14.3132;18.9000;18.8668;14.2800
2024-10-31 23:00;32.1100;14.7156;18.8000;17.3944;13.3100
2024-11-01 00:00;31.6100;14.8581;18.7000;16.7519;12.9100
2024-11-01 01:00;31.7500;14.7954;18.6000;16.9546;13.1500
2024-11-01 02:00;31.8300;14.7217;18.5100;17.1083;13.3200
2024-11-01 03:00;31.8300;14.8197;18.4200;17.0103;13.4100
2024-11-01 04:00;33.2500;14.7111;18.3300;18.5389;14.9200
2024-11-01 05:00;33.1100;14.9376;18.2400;18.1724;14.8700
2024-11-01 06:00;33.2500;14.9985;18.1600;18.2515;15.0900
2024-11-01 07:00;33.3300;15.1989;18.0800;18.1311;15.2500
2024-11-01 08:00;32.6100;15.4306;18.0000;17.1794;14.6100
2024-11-01 09:00;31.6800;15.3098;17.9200;16.3702;13.7600
2024-11-01 10:00;31.7500;14.0899;17.8400;17.6601;13.9100
2024-11-01 11:00;29.7600;11.9194;17.7700;17.8406;11.9900
2024-11-01 12:00;28.1800;9.9394;17.6900;18.2406;10.4900
2024-11-01 13:00;28.0400;8.2895;17.6100;19.7505;10.4300
2024-11-01 14:00;26.9700;7.1682;17.5400;19.8018;9.4300
2024-11-01 15:00;26.4900;6.5600;17.4700;19.9300;9.0200
2024-11-01 16:00;26.1000;6.3241;17.3900;19.7759;8.7100
2024-11-01 17:00;27.4000;6.5179;17.3200;20.8821;10.0800
2024-11-01 18:00;29.2600;7.3976;17.2500;21.8624;12.0100
2024-11-01 19:00;28.9000;8.3718;17.1700;20.5282;11.7300
2024-11-01 20:00;29.6800;9.2436;17.1000;20.4364;12.5800
2024-11-01 21:00;28.6100;9.7926;17.0300;18.8174;11.5800
2024-11-01 22:00;29.0400;10.4422;16.9600;18.5978;12.0800
2024-11-01 23:00;28.1800;10.9388;16.8800;17.2412;11.3000
2024-11-02 00:00;28.1800;11.3311;16.8100;16.8489;11.3700
2024-11-02 01:00;28.1800;11.5787;16.7400;16.6013;11.4400
2024-11-02 02:00;28.3300;11.8200;16.6700;16.5100;11.6600
2024-11-02 03:00;28.1800;12.0303;16.6000;16.1497;11.5800
2024-11-02 04:00;28.0400;12.3505;16.5300;15.6895;11.5100
2024-11-02 05:00;28.1800;12.7048;16.4600;15.4752;11.7200
2024-11-02 06:00;27.7600;12.9394;16.4000;14.8206;11.3600
2024-11-02 07:00;27.3300;12.9601;16.3300;14.3699;11.0000
2024-11-02 08:00;28.0400;13.0227;16.2700;15.0173;11.7700
2024-11-02 09:00;28.1800;12.9007;16.2100;15.2793;11.9700
2024-11-02 10:00;28.1100;11.5067;16.1500;16.6033;11.9600
2024-11-02 11:00;25.3700;9.3484;16.0800;16.0216;9.2900
2024-11-02 12:00;23.7900;7.8306;16.0200;15.9594;7.7700
2024-11-02 13:00;23.3600;6.5241;15.9600;16.8359;7.4000
2024-11-02 14:00;22.2000;5.4919;15.9000;16.7081;6.3000
2024-11-02 15:00;22.3200;4.8675;15.8400;17.4525;6.4800
2024-11-02 16:00;21.4100;4.7051;15.7800;16.7049;5.6300
2024-11-02 17:00;22.5700;4.9172;15.7200;17.6528;6.8500
2024-11-02 18:00;24.5800;5.6140;15.6600;18.9660;8.9200
2024-11-02 19:00;25.0100;6.5982;15.6000;18.4118;9.4100
2024-11-02 20:00;25.0100;7.2529;15.5400;17.7571;9.4700
2024-11-02 21:00;25.0100;7.8891;15.4800;17.1209;9.5300
2024-11-02 22:00;25.0100;8.5100;15.4300;16.5000;9.5800
2024-11-02 23:00;25.0100;9.2320;15.3700;15.7780;9.6400
2024-11-03 00:00;25.0100;9.7576;15.3100;15.2524;9.7000
2024-11-03 01:00;25.0100;10.1819;15.2500;14.8281;9.7600
2024-11-03 02:00;25.0100;10.4060;15.1900;14.6040;9.8200
2024-11-03 03:00;24.8200;10.8849;15.1400;13.9351;9.6800
2024-11-03 04:00;24.9500;10.8997;15.0800;14.0503;9.8700
2024-11-03 05:00;24.6400;10.7993;15.0300;13.8407;9.6100
2024-11-03 06:00;24.8200;10.6077;14.9800;14.2123;9.8400
2024-11-03 07:00;24.3400;10.2702;14.9200;14.0698;9.4200
2024-11-03 08:00;25.0100;10.3460;14.8700;14.6640;10.1400
2024-11-03 09:00;25.0100;9.7647;14.8200;15.2453;10.1900
2024-11-03 10:00;24.7000;9.0550;14.7700;15.6450;9.9300
2024-11-03 11:00;23.5400;7.8258;14.7200;15.7142;8.8200
2024-11-03 12:00;23.6000;6.9346;14.6700;16.6654;8.9300
2024-11-03 13:00;22.2000;5.9302;14.6200;16.2698;7.5800
2024-11-03 14:00;21.4100;5.2263;14.5800;16.1837;6.8300
2024-11-03 15:00;21.1000;4.8009;14.5300;16.2991;6.5700
2024-11-03 16:00;20.7400;4.6082;14.4800;16.1318;6.2600
2024-11-03 17:00;22.0200;4.6668;14.4300;17.3532;7.5900
2024-11-03 18:00;22.8700;5.0617;14.3800;17.8083;8.4900
2024-11-03 19:00;23.5400;5.6502;14.3400;17.8898;9.2000
2024-11-03 20:00;23.5400;6.2689;14.2900;17.2711;9.2500
2024-11-03 21:00;23.5400;6.8472;14.2400;16.6928;9.3000
2024-11-03 22:00;23.5400;7.3691;14.1900;16.1709;9.3500
2024-11-03 23:00;23.5400;7.9880;14.1500;15.5520;9.3900
2024-11-04 00:00;23.5400;8.2750;14.1000;15.2650;9.4400
2024-11-04 01:00;23.4200;8.4199;14.0500;15.0001;9.3700
2024-11-04 02:00;23.5400;8.5011;14.0100;15.0389;9.5300
2024-11-04 03:00;23.6000;8.6372;13.9600;14.9628;9.6400
2024-11-04 04:00;24.8200;8.6968;13.9200;16.1232;10.9000
2024-11-04 05:00;23.5400;8.7641;13.8700;14.7759;9.6700
2024-11-04 06:00;23.5400;8.9655;13.8300;14.5745;9.7100
2024-11-04 07:00;23.5400;9.1396;13.7900;14.4004;9.7500
2024-11-04 08:00;23.5400;9.2401;13.7500;14.2999;9.7900
2024-11-04 09:00;23.4200;9.1417;13.7000;14.2783;9.7200
2024-11-04 10:00;23.1200;8.1734;13.6600;14.9466;9.4600
2024-11-04 11:00;21.2900;6.8666;13.6200;14.4234;7.6700
2024-11-04 12:00;20.2500;5.7325;13.5800;14.5175;6.6700
2024-11-04 13:00;20.3100;4.7982;13.5400;15.5118;6.7700
2024-11-04 14:00;19.1500;4.1043;13.4900;15.0457;5.6600
2024-11-04 15:00;18.8500;3.7426;13.4500;15.1074;5.4000
2024-11-04 16:00;20.1900;3.5246;13.4100;16.6654;6.7800
2024-11-04 17:00;20.9200;3.5915;13.3700;17.3285;7.5500
2024-11-04 18:00;22.5700;4.0631;13.3300;18.5069;9.2400
2024-11-04 19:00;23.4800;4.5944;13.2800;18.8856;10.2000
2024-11-04 20:00;23.4200;5.1335;13.2400;18.2865;10.1800
2024-11-04 21:00;23.3600;5.6795;13.2000;17.6805;10.1600
2024-11-04 22:00;23.4800;6.2325;13.1600;17.2475;10.3200
2024-11-04 23:00;23.5400;6.5928;13.1200;16.9472;10.4200
2024-11-05 00:00;23.5400;7.0108;13.0800;16.5292;10.4600
2024-11-05 01:00;23.5400;7.2946;13.0400;16.2454;10.5000
2024-11-05 02:00;23.5400;7.4421;13.0000;16.0979;10.5400
2024-11-05 03:00;23.5400;7.6441;12.9600;15.8959;10.5800
2024-11-05 04:00;23.5400;7.7756;12.9200;15.7644;10.6200
2024-11-05 05:00;23.5400;7.9621;12.8800;15.5779;10.6600
2024-11-05 06:00;22.7500;8.1559;12.8500;14.5941;9.9000
2024-11-05 07:00;22.0800;8.3534;12.8100;13.7266;9.2700
2024-11-05 08:00;22.0800;8.4473;12.7700;13.6327;9.3100
2024-11-05 09:00;22.0800;8.3409;12.7400;13.7391;9.3400
2024-11-05 10:00;22.0800;7.3719;12.7000;14.7081;9.3800
2024-11-05 11:00;22.0800;6.1477;12.6700;15.9323;9.4100
2024-11-05 12:00;21.1600;5.0323;12.6300;16.1277;8.5300
2024-11-05 13:00;20.7400;4.3248;12.6000;16.4152;8.1400
2024-11-05 14:00;20.4900;3.7643;12.5600;16.7257;7.9300
2024-11-05 15:00;19.4600;3.4660;12.5200;15.9940;6.9400
2024-11-05 16:00;19.1500;3.2806;12.4900;15.8694;6.6600
2024-11-05 17:00;20.1900;3.2850;12.4500;16.9050;7.7400
2024-11-05 18:00;21.4100;3.6888;12.4200;17.7212;8.9900
2024-11-05 19:00;20.6800;4.3037;12.3900;16.3763;8.2900
2024-11-05 20:00;21.7700;4.9428;12.3500;16.8272;9.4200
2024-11-05 21:00;22.0800;5.3430;12.3200;16.7370;9.7600
2024-11-05 22:00;22.0800;5.7539;12.2800;16.3261;9.8000
2024-11-05 23:00;21.7100;6.1378;12.2500;15.5722;9.4600
2024-11-06 00:00;21.8300;6.5096;12.2200;15.3204;9.6100
2024-11-06 01:00;22.0200;6.7962;12.1800;15.2238;9.8400
2024-11-06 02:00;21.5900;7.0925;12.1500;14.4975;9.4400
2024-11-06 03:00;21.3500;7.3920;12.1100;13.9580;9.2400
2024-11-06 04:00;20.8600;7.6331;12.0800;13.2269;8.7800
2024-11-06 05:00;20.7400;7.7365;12.0500;13.0035;8.6900
2024-11-06 06:00;20.6100;7.9917;12.0200;12.6183;8.5900
2024-11-06 07:00;20.6100;7.9642;11.9900;12.6458;8.6200
2024-11-06 08:00;20.9200;7.8908;11.9600;13.0292;8.9600
2024-11-06 09:00;21.7700;7.6797;11.9300;14.0903;9.8400
2024-11-06 10:00;21.4700;7.0288;11.9000;14.4412;9.5700
2024-11-06 11:00;19.3200;5.4173;11.8700;13.9027;7.4500
2024-11-06 12:00;18.4400;4.4719;11.8300;13.9681;6.6100
2024-11-06 13:00;17.9300;3.7976;11.8000;14.1324;6.1300
2024-11-06 14:00;17.3700;3.3251;11.7700;14.0449;5.6000
2024-11-06 15:00;16.8200;3.0020;11.7400;13.8180;5.0800
2024-11-06 16:00;17.2700;2.9223;11.7100;14.3477;5.5600
2024-11-06 17:00;18.1900;3.0573;11.6800;15.1327;6.5100
2024-11-06 18:00;19.9400;3.3993;11.6500;16.5407;8.2900
2024-11-06 19:00;21.4700;4.0086;11.6200;17.4614;9.8500
2024-11-06 20:00;20.6100;4.4039;11.5900;16.2061;9.0200
2024-11-06 21:00;20.1300;4.9311;11.5600;15.1989;8.5700
2024-11-06 22:00;20.6100;5.3471;11.5300;15.2629;9.0800
2024-11-06 23:00;20.5500;5.8145;11.5000;14.7355;9.0500
2024-11-07 00:00;19.5200;6.0964;11.4700;13.4236;8.0500
2024-11-07 01:00;20.0700;6.2978;11.4500;13.7722;8.6200
2024-11-07 02:00;20.2500;6.4851;11.4200;13.7649;8.8300
2024-11-07 03:00;20.6100;6.6478;11.3900;13.9622;9.2200
2024-11-07 04:00;20.4300;6.8428;11.3600;13.5872;9.0700
2024-11-07 05:00;19.7000;6.8405;11.3300;12.8595;8.3700
2024-11-07 06:00;20.6100;6.9457;11.3000;13.6643;9.3100
2024-11-07 07:00;20.1300;6.9924;11.2700;13.1376;8.8600
2024-11-07 08:00;20.6100;7.0735;11.2500;13.5365;9.3600
2024-11-07 09:00;20.6100;6.9864;11.2200;13.6236;9.3900
2024-11-07 10:00;20.1900;5.9898;11.2000;14.2002;8.9900
2024-11-07 11:00;18.2400;4.7083;11.1700;13.5317;7.0700
2024-11-07 12:00;17.4200;3.9791;11.1400;13.4409;6.2800
2024-11-07 13:00;16.8200;3.2648;11.1200;13.5552;5.7000
2024-11-07 14:00;16.3600;2.7922;11.0900;13.5678;5.2700
2024-11-07 15:00;15.7000;2.4919;11.0600;13.2081;4.6400
2024-11-07 16:00;16.4600;2.3833;11.0400;14.0767;5.4200
2024-11-07 17:00;17.4800;2.4407;11.0100;15.0393;6.4700
2024-11-07 18:00;18.3400;2.6915;10.9800;15.6485;7.3600
2024-11-07 19:00;19.0000;3.1322;10.9600;15.8678;8.0400
2024-11-07 20:00;19.2700;3.4483;10.9300;15.8217;8.3400
2024-11-07 21:00;19.1500;3.8950;10.9100;15.2550;8.2400
2024-11-07 22:00;19.2700;4.1853;10.8800;15.0847;8.3900
2024-11-07 23:00;19.3900;4.5911;10.8600;14.7989;8.5300
2024-11-08 00:00;19.1500;5.0229;10.8300;14.1271;8.3200
2024-11-08 01:00;19.1500;5.2411;10.8100;13.9089;8.3400
2024-11-08 02:00;19.1500;5.4354;10.7800;13.7146;8.3700
2024-11-08 03:00;19.1500;5.5211;10.7500;13.6289;8.4000
2024-11-08 04:00;18.9500;5.6558;10.7300;13.2942;8.2200
2024-11-08 05:00;19.1500;5.7683;10.7000;13.3817;8.4500
2024-11-08 06:00;19.1500;5.8545;10.6800;13.2955;8.4700
2024-11-08 07:00;19.1500;5.9383;10.6600;13.2117;8.4900
2024-11-08 08:00;19.1500;5.9798;10.6300;13.1702;8.5200
2024-11-08 09:00;19.1500;5.8479;10.6100;13.3021;8.5400
2024-11-08 10:00;19.1500;5.2121;10.5900;13.9379;8.5600
2024-11-08 11:00;18.8500;4.3035;10.5600;14.5465;8.2900
2024-11-08 12:00;18.0800;3.6361;10.5400;14.4439;7.5400
2024-11-08 13:00;17.9300;3.0258;10.5200;14.9042;7.4100
2024-11-08 14:00;17.6300;2.6488;10.4900;14.9812;7.1400
2024-11-08 15:00;17.7300;2.3951;10.4700;15.3349;7.2600
2024-11-08 16:00;17.9300;2.2323;10.4500;15.6977;7.4800
2024-11-08 17:00;17.9300;2.2604;10.4200;15.6696;7.5100
2024-11-08 18:00;17.9300;2.4214;10.4000;15.5086;7.5300
2024-11-08 19:00;18.2900;2.7285;10.3800;15.5615;7.9100
2024-11-08 20:00;19.1500;2.9303;10.3600;16.2197;8.7900
2024-11-08 21:00;19.1500;3.0992;10.3300;16.0508;8.8200
2024-11-08 22:00;19.0000;3.1924;10.3100;15.8076;8.6900
2024-11-08 23:00;19.0000;3.2901;10.2900;15.7099;8.7100
2024-11-09 00:00;18.1900;3.3416;10.2600;14.8484;7.9300
2024-11-09 01:00;19.1000;3.3863;10.2400;15.7137;8.8600
2024-11-09 02:00;18.6400;3.3722;10.2200;15.2678;8.4200
2024-11-09 03:00;18.5400;3.4051;10.1900;15.1349;8.3500
2024-11-09 04:00;19.0500;3.4059;10.1700;15.6441;8.8800
2024-11-09 05:00;18.9000;3.3716;10.1500;15.5284;8.7500
2024-11-09 06:00;18.6900;3.3574;10.1300;15.3326;8.5600
2024-11-09 07:00;18.2900;3.3641;10.1000;14.9259;8.1900
2024-11-09 08:00;18.3400;3.3328;10.0800;15.0072;8.2600
2024-11-09 09:00;17.9300;3.2904;10.0600;14.6396;7.8700
2024-11-09 10:00;17.9300;3.1879;10.0400;14.7421;7.8900
2024-11-09 11:00;16.8700;3.0085;10.0200;13.8615;6.8500
2024-11-09 12:00;16.7100;2.8194;10.0000;13.8906;6.7100
2024-11-09 13:00;16.0500;2.7439;9.9800;13.3061;6.0700
2024-11-09 14:00;15.7000;2.6225;9.9600;13.0775;5.7400
2024-11-09 15:00;15.6000;2.5274;9.9400;13.0726;5.6600
2024-11-09 16:00;15.5000;2.4700;9.9200;13.0300;5.5800
2024-11-09 17:00;15.5000;2.4657;9.8900;13.0343;5.6100
2024-11-09 18:00;15.5000;2.4864;9.8700;13.0136;5.6300
2024-11-09 19:00;15.5000;2.5331;9.8500;12.9669;5.6500
2024-11-09 20:00;15.5000;2.5764;9.8300;12.9236;5.6700
2024-11-09 21:00;15.5000;2.6494;9.8100;12.8506;5.6900
2024-11-09 22:00;15.5000;2.7238;9.7900;12.7762;5.7100
2024-11-09 23:00;15.5000;2.8001;9.7700;12.6999;5.7300
2024-11-10 00:00;15.5000;2.7852;9.7500;12.7148;5.7500
2024-11-10 01:00;15.5000;2.7829;9.7300;12.7171;5.7700
2024-11-10 02:00;15.5000;2.7420;9.7100;12.7580;5.7900
2024-11-10 03:00;15.5000;2.7309;9.6900;12.7691;5.8100
2024-11-10 04:00;15.5000;2.7900;9.6700;12.7100;5.8300
2024-11-10 05:00;15.5000;2.9406;9.6500;12.5594;5.8500
2024-11-10 06:00;15.5000;3.1452;9.6300;12.3548;5.8700
2024-11-10 07:00;15.5000;3.3094;9.6100;12.1906;5.8900
2024-11-10 08:00;15.6000;3.5188;9.5900;12.0812;6.0100
2024-11-10 09:00;15.8500;3.5933;9.5700;12.2567;6.2800
2024-11-10 10:00;16.6600;3.3481;9.5500;13.3119;7.1100
2024-11-10 11:00;15.7000;2.7237;9.5300;12.9763;6.1700
2024-11-10 12:00;14.7300;2.2507;9.5100;12.4793;5.2200
2024-11-10 13:00;14.0800;1.9352;9.4900;12.1448;4.5900
2024-11-10 14:00;13.5700;1.7874;9.4700;11.7826;4.1000
2024-11-10 15:00;13.3100;1.6820;9.4500;11.6280;3.8600
2024-11-10 16:00;12.6500;1.6468;9.4300;11.0032;3.2200
2024-11-10 17:00;13.5200;1.6423;9.4100;11.8777;4.1100
2024-11-10 18:00;14.2800;1.7461;9.3900;12.5339;4.8900
2024-11-10 19:00;14.5800;1.9167;9.3800;12.6633;5.2000
2024-11-10 20:00;15.4500;2.1827;9.3600;13.2673;6.0900
2024-11-10 21:00;15.5000;2.4709;9.3400;13.0291;6.1600
2024-11-10 22:00;15.2900;2.7614;9.3200;12.5286;5.9700
2024-11-10 23:00;15.3900;2.9968;9.3000;12.3932;6.0900
2024-11-11 00:00;15.0900;3.2490;9.2800;11.8410;5.8100
2024-11-11 01:00;15.0400;3.4072;9.2600;11.6328;5.7800
2024-11-11 02:00;14.8900;3.5034;9.2500;11.3866;5.6400
2024-11-11 03:00;14.2800;3.5331;9.2300;10.7469;5.0500
2024-11-11 04:00;14.6800;3.6068;9.2100;11.0732;5.4700
2024-11-11 05:00;14.2800;3.7288;9.1900;10.5512;5.0900
2024-11-11 06:00;14.7300;3.8596;9.1700;10.8704;5.5600
2024-11-11 07:00;15.3900;3.9296;9.1600;11.4604;6.2300
2024-11-11 08:00;15.5000;4.0123;9.1400;11.4877;6.3600
2024-11-11 09:00;15.9000;4.0115;9.1200;11.8885;6.7800
2024-11-11 10:00;16.4600;3.5187;9.1100;12.9413;7.3500
2024-11-11 11:00;14.7900;2.8291;9.0900;11.9609;5.7000
2024-11-11 12:00;13.3100;2.3370;9.0800;10.9730;4.2300
2024-11-11 13:00;12.4900;2.0034;9.0600;10.4866;3.4300
2024-11-11 14:00;12.2900;1.8280;9.0400;10.4620;3.2500
2024-11-11 15:00;12.1600;1.7452;9.0300;10.4148;3.1300
2024-11-11 16:00;11.6700;1.7234;9.0100;9.9466;2.6600
2024-11-11 17:00;12.2900;1.7656;8.9900;10.5244;3.3000
2024-11-11 18:00;13.1100;1.9409;8.9800;11.1691;4.1300
2024-11-11 19:00;13.2100;2.2540;8.9600;10.9560;4.2500
2024-11-11 20:00;13.5200;2.5916;8.9400;10.9284;4.5800
2024-11-11 21:00;14.0800;2.8460;8.9300;11.2340;5.1500
2024-11-11 22:00;14.2800;3.1619;8.9100;11.1181;5.3700
2024-11-11 23:00;14.2800;3.3914;8.9000;10.8886;5.3800
2024-11-12 00:00;14.2800;3.5047;8.8800;10.7753;5.4000
2024-11-12 01:00;14.0800;3.5881;8.8700;10.4919;5.2100
2024-11-12 02:00;13.8700;3.7119;8.8500;10.1581;5.0200
2024-11-12 03:00;13.8200;3.6431;8.8300;10.1769;4.9900
2024-11-12 04:00;13.6200;3.4849;8.8200;10.1351;4.8000
2024-11-12 05:00;13.3100;3.3886;8.8000;9.9214;4.5100
2024-11-12 06:00;13.2600;3.2746;8.7900;9.9854;4.4700
2024-11-12 07:00;13.6200;3.1504;8.7700;10.4696;4.8500
2024-11-12 08:00;14.1800;3.0672;8.7600;11.1128;5.4200
2024-11-12 09:00;13.5700;2.9481;8.7400;10.6219;4.8300
2024-11-12 10:00;14.1800;2.8793;8.7300;11.3007;5.4500
2024-11-12 11:00;13.3100;2.7937;8.7100;10.5163;4.6000
2024-11-12 12:00;12.9800;2.7140;8.7000;10.2660;4.2800
2024-11-12 13:00;13.2100;2.6024;8.6800;10.6076;4.5300
2024-11-12 14:00;13.5700;2.5391;8.6700;11.0309;4.9000
2024-11-12 15:00;13.7200;2.4490;8.6600;11.2710;5.0600
2024-11-12 16:00;13.0600;2.4303;8.6400;10.6297;4.4200
2024-11-12 17:00;13.3600;2.3899;8.6300;10.9701;4.7300
2024-11-12 18:00;13.8200;2.3665;8.6200;11.4535;5.2000
2024-11-12 19:00;14.2800;2.3603;8.6000;11.9197;5.6800
2024-11-12 20:00;14.1800;2.4087;8.5900;11.7713;5.5900
2024-11-12 21:00;14.2800;2.5407;8.5700;11.7393;5.7100
2024-11-12 22:00;14.2800;2.6228;8.5600;11.6572;5.7200
2024-11-12 23:00;14.2800;2.6869;8.5400;11.5931;5.7400
2024-11-13 00:00;14.3300;2.7112;8.5300;11.6188;5.8000
2024-11-13 01:00;14.3300;2.7349;8.5100;11.5951;5.8200
2024-11-13 02:00;14.2800;2.7686;8.5000;11.5114;5.7800
2024-11-13 03:00;14.2800;2.8420;8.4800;11.4380;5.8000
2024-11-13 04:00;14.2800;2.9187;8.4700;11.3613;5.8100
2024-11-13 05:00;14.1800;3.0103;8.4500;11.1697;5.7300
2024-11-13 06:00;14.2800;3.1713;8.4400;11.1087;5.8400
2024-11-13 07:00;14.3800;3.3434;8.4200;11.0366;5.9600
2024-11-13 08:00;15.1400;3.5810;8.4100;11.5590;6.7300
2024-11-13 09:00;15.9000;3.7201;8.4000;12.1799;7.5000
2024-11-13 10:00;15.4500;3.4902;8.3800;11.9598;7.0700
2024-11-13 11:00;14.3300;2.8910;8.3700;11.4390;5.9600
2024-11-13 12:00;12.7700;2.4645;8.3600;10.3055;4.4100
2024-11-13 13:00;12.0800;2.1291;8.3400;9.9509;3.7400
2024-11-13 14:00;11.9200;1.9350;8.3300;9.9850;3.5900
2024-11-13 15:00;11.2300;1.8407;8.3100;9.3893;2.9200
2024-11-13 16:00;10.5300;1.7650;8.3000;8.7650;2.2300
2024-11-13 17:00;11.6300;1.7776;8.2800;9.8524;3.3500
2024-11-13 18:00;12.2000;1.9286;8.2700;10.2714;3.9300
2024-11-13 19:00;12.2000;2.2236;8.2600;9.9764;3.9400
2024-11-13 20:00;12.1600;2.4598;8.2400;9.7002;3.9200
2024-11-13 21:00;12.6900;2.7488;8.2300;9.9412;4.4600
2024-11-13 22:00;12.9800;3.0372;8.2200;9.9428;4.7600
2024-11-13 23:00;12.9800;3.2347;8.2000;9.7453;4.7800
2024-11-14 00:00;12.9400;3.3658;8.1900;9.5742;4.7500
2024-11-14 01:00;12.5700;3.3648;8.1800;9.2052;4.3900
2024-11-14 02:00;12.4900;3.2819;8.1600;9.2081;4.3300
2024-11-14 03:00;12.4100;3.2225;8.1500;9.1875;4.2600
2024-11-14 04:00;12.0800;3.1615;8.1400;8.9185;3.9400
2024-11-14 05:00;12.4500;3.0787;8.1200;9.3713;4.3300
2024-11-14 06:00;12.2000;3.0484;8.1200;9.1516;4.0800
2024-11-14 07:00;12.0800;3.0629;8.1100;9.0171;3.9700
2024-11-14 08:00;12.0800;2.6905;8.1100;9.3895;3.9700
2024-11-14 09:00;12.8200;1.8524;8.1100;10.9676;4.7100
2024-11-14 10:00;12.2400;1.7821;8.1000;10.4579;4.1400
2024-11-14 11:00;11.7200;1.8940;8.0900;9.8260;3.6300
2024-11-14 12:00;11.0200;2.0367;8.0800;8.9833;2.9400
2024-11-14 13:00;10.9000;2.4151;8.0700;8.4849;2.8300
2024-11-14 14:00;11.0600;2.4294;8.0600;8.6306;3.0000
2024-11-14 15:00;11.1000;2.1173;8.0500;8.9827;3.0500
2024-11-14 16:00;10.8600;1.9834;8.0400;8.8766;2.8200
2024-11-14 17:00;11.1000;1.7121;8.0300;9.3879;3.0700
2024-11-14 18:00;11.1000;1.6008;8.0200;9.4992;3.0800
2024-11-14 19:00;11.1000;1.6538;8.0100;9.4462;3.0900
2024-11-14 20:00;11.8000;1.6482;8.0000;10.1518;3.8000
2024-11-14 21:00;11.9200;1.8455;8.0000;10.0745;3.9200
2024-11-14 22:00;12.0800;1.8376;7.9900;10.2424;4.0900
2024-11-14 23:00;12.0800;2.0010;7.9800;10.0790;4.1000
2024-11-15 00:00;12.0800;1.8454;7.9800;10.2346;4.1000
2024-11-15 01:00;12.1600;1.7359;7.9700;10.4241;4.1900
2024-11-15 02:00;12.4900;1.7254;7.9700;10.7646;4.5200
2024-11-15 03:00;12.1600;1.7240;7.9600;10.4360;4.2000
2024-11-15 04:00;12.2000;1.7190;7.9500;10.4810;4.2500
2024-11-15 05:00;12.8200;1.7295;7.9400;11.0905;4.8800
2024-11-15 06:00;12.8200;1.7149;7.9300;11.1051;4.8900
2024-11-15 07:00;12.9800;1.7222;7.9200;11.2578;5.0600
2024-11-15 08:00;13.0600;1.7109;7.9000;11.3491;5.1600
2024-11-15 09:00;13.0600;1.7275;7.8900;11.3325;5.1700
2024-11-15 10:00;13.1200;1.7136;7.8800;11.4064;5.2400
2024-11-15 11:00;12.6100;1.7470;7.8700;10.8630;4.7400
2024-11-15 12:00;11.1000;1.8407;7.8500;9.2593;3.2500
2024-11-15 13:00;10.5700;1.8968;7.8400;8.6732;2.7300
2024-11-15 14:00;9.5100;1.7500;7.8300;7.7600;1.6800
2024-11-15 15:00;8.8600;1.5123;7.8100;7.3477;1.0500
2024-11-15 16:00;8.5400;1.5028;7.8000;7.0372;0.7400
2024-11-15 17:00;9.4700;1.5117;7.7800;7.9583;1.6900
2024-11-15 18:00;9.7200;1.4020;7.7700;8.3180;1.9500
2024-11-15 19:00;10.3300;1.3301;7.7600;8.9999;2.5700
2024-11-15 20:00;10.6600;1.4324;7.7400;9.2276;2.9200
2024-11-15 21:00;10.7000;1.4767;7.7300;9.2233;2.9700
2024-11-15 22:00;10.7800;1.6283;7.7200;9.1517;3.0600
2024-11-15 23:00;10.8600;1.6658;7.7000;9.1942;3.1600
2024-11-16 00:00;11.1000;1.8711;7.6900;9.2289;3.4100
2024-11-16 01:00;11.1000;1.6206;7.6800;9.4794;3.4200
2024-11-16 02:00;11.1000;1.5661;7.6600;9.5339;3.4400
2024-11-16 03:00;11.1000;1.5994;7.6500;9.5006;3.4500
2024-11-16 04:00;11.1000;1.5973;7.6400;9.5027;3.4600
2024-11-16 05:00;11.1000;1.5276;7.6200;9.5724;3.4800
2024-11-16 06:00;10.1300;1.5288;7.6100;8.6012;2.5200
2024-11-16 07:00;10.7400;1.4483;7.6000;9.2917;3.1400
2024-11-16 08:00;11.1000;1.4358;7.5800;9.6642;3.5200
2024-11-16 09:00;10.7800;1.3850;7.5700;9.3950;3.2100
2024-11-16 10:00;10.7400;1.3757;7.5600;9.3643;3.1800
2024-11-16 11:00;10.1300;1.3631;7.5500;8.7669;2.5800
2024-11-16 12:00;10.1300;1.3601;7.5300;8.7699;2.6000
2024-11-16 13:00;10.7400;1.3583;7.5200;9.3817;3.2200
2024-11-16 14:00;10.7400;1.3565;7.5100;9.3835;3.2300
2024-11-16 15:00;10.1300;1.3549;7.5000;8.7751;2.6300
2024-11-16 16:00;10.1300;1.3531;7.4900;8.7769;2.6400
2024-11-16 17:00;10.1400;1.3514;7.4800;8.7886;2.6600
2024-11-16 18:00;10.1500;1.3499;7.4600;8.8001;2.6900
2024-11-16 19:00;10.1600;1.3482;7.4500;8.8118;2.7100
2024-11-16 20:00;10.1700;1.3465;7.4400;8.8235;2.7300
2024-11-16 21:00;10.1800;1.3449;7.4300;8.8351;2.7500
2024-11-16 22:00;10.1900;1.3430;7.4200;8.8470;2.7700
2024-11-16 23:00;10.2000;1.3412;7.4100;8.8588;2.7900
2024-11-17 00:00;10.2100;1.3395;7.4000;8.8705;2.8100
2024-11-17 01:00;10.7400;1.3545;7.3900;9.3855;3.3500
2024-11-17 02:00;11.1000;1.3800;7.3700;9.7200;3.7300
2024-11-17 03:00;10.7800;1.3742;7.3600;9.4058;3.4200
2024-11-17 04:00;11.1000;1.3957;7.3500;9.7043;3.7500
2024-11-17 05:00;10.4100;1.3901;7.3400;9.0199;3.0700
2024-11-17 06:00;10.1300;1.4021;7.3300;8.7279;2.8000
2024-11-17 07:00;10.5300;1.3950;7.3200;9.1350;3.2100
2024-11-17 08:00;11.0600;1.3784;7.3100;9.6816;3.7500
2024-11-17 09:00;11.6300;1.3884;7.3000;10.2416;4.3300
2024-11-17 10:00;11.3900;1.3998;7.2900;9.9902;4.1000
2024-11-17 11:00;10.9400;1.5256;7.2800;9.4144;3.6600
2024-11-17 12:00;10.9400;1.5217;7.2700;9.4183;3.6700
2024-11-17 13:00;10.5300;1.4623;7.2600;9.0677;3.2700
2024-11-17 14:00;9.8000;1.3066;7.2500;8.4934;2.5500
2024-11-17 15:00;9.3100;1.3045;7.2300;8.0055;2.0800
2024-11-17 16:00;8.7400;1.2946;7.2200;7.4454;1.5200
2024-11-17 17:00;9.2700;1.2951;7.2100;7.9749;2.0600
2024-11-17 18:00;9.7600;1.3036;7.2000;8.4564;2.5600
2024-11-17 19:00;9.3500;1.3121;7.1900;8.0379;2.1600
2024-11-17 20:00;9.6800;1.3324;7.1800;8.3476;2.5000
2024-11-17 21:00;9.9200;1.3526;7.1700;8.5674;2.7500
2024-11-17 22:00;10.1300;1.3820;7.1500;8.7480;2.9800
2024-11-17 23:00;10.1300;1.4037;7.1400;8.7263;2.9900
2024-11-18 00:00;10.1300;1.4296;7.1300;8.7004;3.0000
2024-11-18 01:00;10.1300;1.4329;7.1200;8.6971;3.0100
2024-11-18 02:00;10.2100;1.4389;7.1100;8.7711;3.1000
2024-11-18 03:00;10.1300;1.4344;7.1000;8.6956;3.0300
2024-11-18 04:00;10.1300;1.4358;7.0900;8.6942;3.0400
2024-11-18 05:00;10.1300;1.4229;7.0800;8.7071;3.0500
2024-11-18 06:00;10.1300;1.4118;7.0700;8.7182;3.0600
2024-11-18 07:00;10.4100;1.4034;7.0600;9.0066;3.3500
2024-11-18 08:00;11.0200;1.4006;7.0600;9.6194;3.9600
2024-11-18 09:00;11.1000;1.4134;7.0500;9.6866;4.0500
2024-11-18 10:00;11.1900;1.3977;7.0400;9.7923;4.1500
2024-11-18 11:00;11.1000;1.3394;7.0300;9.7606;4.0700
2024-11-18 12:00;10.3300;1.3045;7.0200;9.0255;3.3100
2024-11-18 13:00;10.2100;1.2946;7.0200;8.9154;3.1900
2024-11-18 14:00;10.1300;1.2946;7.0100;8.8354;3.1200
2024-11-18 15:00;10.1300;1.2946;7.0000;8.8354;3.1300
2024-11-18 16:00;10.1300;1.2946;6.9900;8.8354;3.1400
2024-11-18 17:00;10.5300;1.2946;6.9800;9.2354;3.5500
2024-11-18 18:00;10.7000;1.2946;6.9700;9.4054;3.7300
2024-11-18 19:00;10.3700;1.2946;6.9600;9.0754;3.4100
2024-11-18 20:00;10.2100;1.2946;6.9500;8.9154;3.2600
2024-11-18 21:00;10.1300;1.3050;6.9400;8.8250;3.1900
2024-11-18 22:00;10.1300;1.3282;6.9300;8.8018;3.2000
2024-11-18 23:00;10.1300;1.3589;6.9200;8.7711;3.2100
2024-11-19 00:00;10.1300;1.3872;6.9000;8.7428;3.2300
2024-11-19 01:00;9.3500;1.4303;6.8900;7.9197;2.4600
2024-11-19 02:00;9.6000;1.4668;6.8800;8.1332;2.7200
2024-11-19 03:00;9.9600;1.5014;6.8700;8.4586;3.0900
2024-11-19 04:00;10.1300;1.5201;6.8600;8.6099;3.2700
2024-11-19 05:00;10.1300;1.5258;6.8500;8.6042;3.2800
2024-11-19 06:00;10.2100;1.5417;6.8400;8.6683;3.3700
2024-11-19 07:00;10.9400;1.5355;6.8300;9.4045;4.1100
2024-11-19 08:00;10.8200;1.5184;6.8200;9.3016;4.0000
2024-11-19 09:00;11.1000;1.4816;6.8200;9.6184;4.2800
2024-11-19 10:00;11.1000;1.4135;6.8100;9.6865;4.2900
2024-11-19 11:00;11.0600;1.3374;6.8000;9.7226;4.2600
2024-11-19 12:00;10.5300;1.3006;6.7900;9.2294;3.7400
2024-11-19 13:00;10.1300;1.2946;6.7800;8.8354;3.3500
2024-11-19 14:00;9.4300;1.2946;6.7700;8.1354;2.6600
2024-11-19 15:00;9.1500;1.2946;6.7600;7.8554;2.3900
2024-11-19 16:00;9.3900;1.2946;6.7500;8.0954;2.6400
2024-11-19 17:00;9.1500;1.2946;6.7400;7.8554;2.4100
2024-11-19 18:00;9.6800;1.2946;6.7300;8.3854;2.9500
2024-11-19 19:00;9.7600;1.2946;6.7200;8.4654;3.0400
2024-11-19 20:00;9.2300;1.2946;6.7100;7.9354;2.5200
2024-11-19 21:00;9.1500;1.2946;6.7000;7.8554;2.4500
2024-11-19 22:00;9.9200;1.2946;6.6900;8.6254;3.2300
2024-11-19 23:00;10.1300;1.2946;6.6800;8.8354;3.4500
2024-11-20 00:00;10.5700;1.2946;6.6700;9.2754;3.9000
2024-11-20 01:00;15.4500;1.2946;6.6600;14.1554;8.7900
2024-11-20 02:00;25.6500;1.2946;6.6600;24.3554;18.9900
2024-11-20 03:00;33.1100;1.2946;6.6500;31.8154;26.4600
2024-11-20 04:00;33.3300;1.2946;6.6500;32.0354;26.6800
2024-11-20 05:00;34.8300;1.2946;6.6500;33.5354;28.1800
2024-11-20 06:00;34.9000;1.2946;6.6500;33.6054;28.2500
2024-11-20 07:00;34.0400;1.3005;6.6500;32.7395;27.3900
2024-11-20 08:00;34.9000;1.3445;6.6500;33.5555;28.2500
2024-11-20 09:00;35.0400;1.4229;6.6600;33.6171;28.3800
2024-11-20 10:00;35.0400;1.4900;6.6600;33.5500;28.3800
2024-11-20 11:00;35.8600;1.5822;6.6700;34.2778;29.1900
2024-11-20 12:00;35.0400;1.6347;6.6800;33.4053;28.3600
2024-11-20 13:00;35.2000;1.7377;6.7000;33.4623;28.5000
2024-11-20 14:00;33.6800;1.9246;6.7400;31.7554;26.9400
2024-11-20 15:00;33.4000;2.6820;6.8200;30.7180;26.5800
2024-11-20 16:00;32.1800;3.4108;6.9500;28.7692;25.2300
2024-11-20 17:00;34.5100;5.2000;7.1200;29.3100;27.3900
2024-11-20 18:00;36.0200;6.3060;7.3400;29.7140;28.6800
2024-11-20 19:00;36.3500;7.0502;7.6000;29.2998;28.7500
2024-11-20 20:00;36.7600;7.5672;7.8900;29.1928;28.8700
2024-11-20 21:00;37.4200;8.6468;8.2200;28.7732;29.2000
2024-11-20 22:00;39.3000;9.3472;8.6000;29.9528;30.7000
2024-11-20 23:00;39.1400;10.1899;9.0300;28.9501;30.1100
2024-11-21 00:00;40.3600;10.8184;9.4900;29.5416;30.8700
2024-11-21 01:00;41.5100;11.5947;9.9700;29.9153;31.5400
2024-11-21 02:00;44.4800;12.1587;10.4400;32.3213;34.0400
2024-11-21 03:00;44.8700;12.7054;10.8800;32.1646;33.9900
2024-11-21 04:00;44.8700;12.9872;11.2800;31.8828;33.5900
2024-11-21 05:00;45.1500;13.3047;11.6100;31.8453;33.5400
2024-11-21 06:00;45.3300;13.4671;11.8800;31.8629;33.4500
2024-11-21 07:00;44.4600;13.6999;12.0700;30.7601;32.3900
2024-11-21 08:00;43.6400;13.6065;12.2000;30.0335;31.4400
2024-11-21 09:00;43.7200;13.4730;12.2700;30.2470;31.4500
2024-11-21 10:00;42.2500;12.7778;12.2900;29.4722;29.9600
2024-11-21 11:00;39.7100;11.0333;12.2700;28.6767;27.4400
2024-11-21 12:00;38.2300;9.2742;12.2100;28.9558;26.0200
2024-11-21 13:00;37.0100;7.8196;12.1300;29.1904;24.8800
2024-11-21 14:00;37.0100;6.8671;12.0200;30.1429;24.9900
2024-11-21 15:00;39.5500;6.3946;11.9000;33.1554;27.6500
2024-11-21 16:00;42.4100;5.7523;11.7800;36.6577;30.6300
2024-11-21 17:00;41.3500;5.4542;11.6500;35.8958;29.7000
2024-11-21 18:00;41.4300;6.7760;11.5300;34.6540;29.9000
2024-11-21 19:00;40.9400;10.4037;11.4100;30.5363;29.5300
2024-11-21 20:00;40.9400;12.9256;11.3000;28.0144;29.6400
2024-11-21 21:00;39.8700;17.5389;11.2000;22.3311;28.6700
2024-11-21 22:00;40.3600;22.0904;11.1500;18.2696;29.2100
2024-11-21 23:00;42.6600;27.5301;11.2300;15.1299;31.4300
2024-11-22 00:00;42.5800;33.5315;11.7300;9.0485;30.8500
2024-11-22 01:00;42.1700;46.3032;13.3800;-4.1332;28.7900
2024-11-22 02:00;43.0700;62.9163;17.8000;-19.8463;25.2700
2024-11-22 03:00;45.0600;98.4802;27.8000;-53.4202;17.2600
2024-11-22 04:00;168.4700;141.3688;46.7200;27.1012;121.7500
2024-11-22 05:00;274.2100;186.1545;76.2300;88.0555;197.9800
2024-11-22 06:00;336.7200;227.8953;113.6100;108.8247;223.1100
2024-11-22 07:00;365.4500;251.0089;151.1500;114.4411;214.3000
2024-11-22 08:00;340.1800;265.7266;179.9400;74.4534;160.2400
2024-11-22 09:00;299.1100;257.3174;195.2000;41.7926;103.9100
2024-11-22 10:00;268.1600;240.3923;197.1900;27.7677;70.9700
2024-11-22 11:00;234.3700;209.1443;189.4900;25.2257;44.8800
2024-11-22 12:00;210.3700;179.1492;176.4900;31.2208;33.8800
2024-11-22 13:00;189.3300;152.3499;161.5100;36.9801;27.8200
2024-11-22 14:00;175.8800;136.1084;146.7700;39.7716;29.1100
2024-11-22 15:00;157.9200;117.3053;133.2400;40.6147;24.6800
2024-11-22 16:00;137.9900;106.7570;121.1600;31.2330;16.8300
2024-11-22 17:00;126.4500;103.8938;110.5800;22.5562;15.8700
2024-11-22 18:00;118.9300;98.6134;101.3800;20.3166;17.5500
2024-11-22 19:00;111.5900;94.6186;93.4400;16.9714;18.1500
2024-11-22 20:00;101.7600;91.0363;86.5900;10.7237;15.1700
2024-11-22 21:00;99.4400;86.7386;80.6900;12.7014;18.7500
2024-11-22 22:00;95.4100;83.3125;75.6000;12.0975;19.8100
2024-11-22 23:00;90.6100;79.4095;71.2000;11.2005;19.4100
2024-11-23 00:00;88.8600;75.4804;67.3900;13.3796;21.4700
2024-11-23 01:00;84.8900;70.8913;64.0800;13.9987;20.8100
2024-11-23 02:00;80.2700;65.5961;61.1700;14.6739;19.1000
2024-11-23 03:00;78.4400;62.5747;58.5800;15.8653;19.8600
2024-11-23 04:00;76.6200;59.7949;56.2700;16.8251;20.3500
2024-11-23 05:00;74.3300;57.5407;54.2000;16.7893;20.1300
2024-11-23 06:00;72.8500;55.3887;52.3200;17.4613;20.5300
2024-11-23 07:00;70.6700;52.3229;50.6200;18.3471;20.0500
2024-11-23 08:00;69.4200;50.1522;49.0600;19.2678;20.3600
2024-11-23 09:00;68.4100;47.6011;47.6300;20.8089;20.7800
2024-11-23 10:00;67.4600;45.3857;46.3000;22.0743;21.1600
2024-11-23 11:00;64.4600;43.2028;45.0700;21.2572;19.3900
2024-11-23 12:00;58.8800;40.0745;43.9300;18.8055;14.9500
2024-11-23 13:00;55.8900;36.2313;42.8500;19.6587;13.0400
2024-11-23 14:00;54.1300;33.0126;41.8300;21.1174;12.3000
2024-11-23 15:00;53.7600;30.2348;40.8700;23.5252;12.8900
2024-11-23 16:00;53.7600;28.2271;39.9600;25.5329;13.8000
2024-11-23 17:00;55.1500;26.4294;39.0900;28.7206;16.0600
2024-11-23 18:00;56.1900;25.9761;38.2600;30.2139;17.9300
2024-11-23 19:00;55.6100;25.4349;37.4600;30.1751;18.1500
2024-11-23 20:00;55.5200;26.1345;36.6900;29.3855;18.8300
2024-11-23 21:00;53.7600;26.9857;35.9500;26.7743;17.8100
2024-11-23 22:00;53.7600;28.4461;35.2400;25.3139;18.5200
2024-11-23 23:00;52.7400;29.3583;34.5600;23.3817;18.1800
2024-11-24 00:00;52.5500;27.8452;33.9200;24.7048;18.6300
2024-11-24 01:00;54.3100;25.9740;33.3000;28.3360;21.0100
2024-11-24 02:00;53.9400;24.9606;32.7100;28.9794;21.2300
2024-11-24 03:00;53.7600;23.8742;32.1400;29.8858;21.6200
2024-11-24 04:00;51.6300;22.6958;31.6000;28.9342;20.0300
2024-11-24 05:00;51.5400;21.7603;31.0800;29.7797;20.4600
2024-11-24 06:00;51.2600;20.8833;30.5800;30.3767;20.6800
2024-11-24 07:00;48.4800;20.2465;30.1000;28.2335;18.3800
2024-11-24 08:00;47.0900;19.6007;29.6300;27.4893;17.4600
2024-11-24 09:00;47.0900;19.0408;29.1800;28.0492;17.9100
2024-11-24 10:00;45.7000;18.6014;28.7400;27.0986;16.9600
2024-11-24 11:00;43.9700;17.7389;28.3200;26.2311;15.6500
2024-11-24 12:00;42.6600;19.1977;27.9000;23.4623;14.7600
2024-11-24 13:00;40.9400;21.7197;27.5000;19.2203;13.4400
2024-11-24 14:00;40.9400;22.3031;27.1200;18.6369;13.8200
2024-11-24 15:00;38.9700;20.6034;26.7400;18.3666;12.2300
2024-11-24 16:00;35.4500;21.5530;26.3700;13.8970;9.0800
2024-11-24 17:00;36.9200;21.8836;26.0200;15.0364;10.9000
2024-11-24 18:00;37.5000;24.1963;25.6700;13.3037;11.8300
2024-11-24 19:00;37.1700;26.7606;25.3400;10.4094;11.8300
2024-11-24 20:00;37.0100;27.1009;25.0100;9.9091;12.0000
2024-11-24 21:00;36.6000;26.6180;24.7000;9.9820;11.9000
2024-11-24 22:00;35.0400;27.1167;24.4000;7.9233;10.6400
2024-11-24 23:00;35.0400;26.8169;24.1100;8.2231;10.9300
2024-11-25 00:00;35.0400;26.8842;23.8300;8.1558;11.2100
2024-11-25 01:00;34.6100;27.1194;23.5600;7.4906;11.0500
2024-11-25 02:00;35.0400;27.0787;23.2900;7.9613;11.7500
2024-11-25 03:00;34.1100;26.1480;23.0400;7.9620;11.0700
2024-11-25 04:00;33.3300;25.2308;22.7900;8.0992;10.5400
2024-11-25 05:00;33.3300;23.8989;22.5500;9.4311;10.7800
2024-11-25 06:00;32.9000;23.1878;22.3100;9.7122;10.5900
2024-11-25 07:00;32.4000;22.7062;22.0800;9.6938;10.3200
2024-11-25 08:00;31.4000;22.2974;21.8600;9.1026;9.5400
2024-11-25 09:00;29.9000;21.5760;21.6400;8.3240;8.2600
2024-11-25 10:00;29.9000;20.3747;21.4200;9.5253;8.4800
2024-11-25 11:00;29.9000;19.4784;21.2000;10.4216;8.7000
2024-11-25 12:00;29.2600;19.8938;20.9900;9.3662;8.2700
2024-11-25 13:00;28.1800;19.6623;20.7800;8.5177;7.4000
2024-11-25 14:00;28.0400;18.3227;20.5700;9.7173;7.4700
2024-11-25 15:00;28.1800;17.8165;20.3700;10.3635;7.8100
2024-11-25 16:00;27.1100;16.5810;20.1700;10.5290;6.9400
2024-11-25 17:00;26.4700;15.8503;19.9800;10.6197;6.4900
2024-11-25 18:00;25.4300;15.7893;19.7900;9.6407;5.6400
2024-11-25 19:00;24.3300;15.3079;19.6000;9.0221;4.7300
2024-11-25 20:00;22.7500;15.4048;19.4100;7.3452;3.3400
2024-11-25 21:00;22.0800;15.9118;19.2300;6.1682;2.8500
2024-11-25 22:00;22.0800;16.0224;19.0500;6.0576;3.0300
2024-11-25 23:00;21.9600;15.9808;18.8800;5.9792;3.0800
2024-11-26 00:00;20.8000;16.0841;18.7000;4.7159;2.1000
2024-11-26 01:00;20.6100;16.0468;18.5300;4.5632;2.0800
2024-11-26 02:00;20.6100;15.5559;18.3700;5.0541;2.2400
2024-11-26 03:00;20.6100;14.9785;18.2000;5.6315;2.4100
2024-11-26 04:00;20.6100;14.4026;18.0400;6.2074;2.5700
2024-11-26 05:00;20.7400;13.8793;17.8900;6.8607;2.8500
2024-11-26 06:00;19.7000;13.4409;17.7400;6.2591;1.9600
2024-11-26 07:00;20.1900;12.9227;17.5900;7.2673;2.6000
2024-11-26 08:00;20.7400;12.0253;17.4400;8.7147;3.3000
2024-11-26 09:00;20.0000;11.1846;17.3000;8.8154;2.7000
2024-11-26 10:00;20.4900;10.5045;17.1600;9.9855;3.3300
2024-11-26 11:00;19.4000;9.8173;17.0200;9.5827;2.3800
2024-11-26 12:00;18.0300;9.5502;16.8900;8.4798;1.1400
2024-11-26 13:00;18.2400;9.4622;16.7600;8.7778;1.4800
2024-11-26 14:00;19.1000;9.5150;16.6300;9.5850;2.4700
2024-11-26 15:00;16.9700;9.8435;16.5000;7.1265;0.4700
2024-11-26 16:00;14.3300;10.1912;16.3800;4.1388;-2.0500
2024-11-26 17:00;15.3400;10.8861;16.2600;4.4539;-0.9200
2024-11-26 18:00;19.0000;11.3354;16.1500;7.6646;2.8500
2024-11-26 19:00;18.7900;11.7790;16.0600;7.0110;2.7300
2024-11-26 20:00;18.4400;12.3753;15.9800;6.0647;2.4600
2024-11-26 21:00;18.9000;13.4139;15.9300;5.4861;2.9700
2024-11-26 22:00;19.1500;15.0068;15.9200;4.1432;3.2300
2024-11-26 23:00;20.2500;16.0429;15.9400;4.2071;4.3100
2024-11-27 00:00;19.3900;17.1576;16.0100;2.2324;3.3800
2024-11-27 01:00;19.1500;18.4000;16.1400;0.7500;3.0100
2024-11-27 02:00;19.3300;20.2118;16.3400;-0.8818;2.9900
2024-11-27 03:00;19.4600;22.1692;16.6300;-2.7092;2.8300
2024-11-27 04:00;20.3100;24.1145;17.0600;-3.8045;3.2500
2024-11-27 05:00;20.6100;26.3495;17.6500;-5.7395;2.9600
2024-11-27 06:00;20.6100;28.3388;18.4500;-7.7288;2.1600
2024-11-27 07:00;20.6100;30.5543;19.5500;-9.9443;1.0600
2024-11-27 08:00;20.5700;32.4193;21.0100;-11.8493;-0.4400
2024-11-27 09:00;16.2100;34.5203;22.8200;-18.3103;-6.6100
2024-11-27 10:00;16.7100;35.3705;24.8100;-18.6605;-8.1000
2024-11-27 11:00;17.1700;35.5626;26.7200;-18.3926;-9.5500
2024-11-27 12:00;17.8300;34.7352;28.2700;-16.9052;-10.4400
2024-11-27 13:00;18.5700;33.3578;29.3100;-14.7878;-10.7400
2024-11-27 14:00;23.5400;30.8653;29.7800;-7.3253;-6.2400
2024-11-27 15:00;27.4000;29.0670;29.7800;-1.6670;-2.3800
2024-11-27 16:00;28.8300;27.2913;29.4200;1.5387;-0.5900
2024-11-27 17:00;30.9000;26.7765;28.8300;4.1235;2.0700
2024-11-27 18:00;36.2400;25.8530;28.0900;10.3870;8.1500
2024-11-27 19:00;35.8600;25.4733;27.3000;10.3867;8.5600
2024-11-27 20:00;36.2700;24.9337;26.4800;11.3363;9.7900
2024-11-27 21:00;34.7500;24.6866;25.6700;10.0634;9.0800
2024-11-27 22:00;33.5400;24.2420;24.8900;9.2980;8.6500
2024-11-27 23:00;33.3300;23.9745;24.1400;9.3555;9.1900
2024-11-28 00:00;33.3300;23.3406;23.4400;9.9894;9.8900
2024-11-28 01:00;32.1100;22.5917;22.7900;9.5183;9.3200
2024-11-28 02:00;31.7500;21.9501;22.1800;9.7999;9.5700
2024-11-28 03:00;31.3300;21.4729;21.6300;9.8571;9.7000
2024-11-28 04:00;29.9700;21.1827;21.1200;8.7873;8.8500
2024-11-28 05:00;29.9000;20.9912;20.6600;8.9088;9.2400
2024-11-28 06:00;28.5400;20.7727;20.2400;7.7673;8.3000
2024-11-28 07:00;28.1800;20.7185;19.8500;7.4615;8.3300
2024-11-28 08:00;28.1100;20.6627;19.5100;7.4473;8.6000
2024-11-28 09:00;24.1500;20.5778;19.1900;3.5722;4.9600
2024-11-28 10:00;23.5400;19.5273;18.9000;4.0127;4.6400
2024-11-28 11:00;23.5400;18.9657;18.6300;4.5743;4.9100
2024-11-28 12:00;23.5400;18.6209;18.3800;4.9191;5.1600
2024-11-28 13:00;23.2400;18.2611;18.1400;4.9789;5.1000
2024-11-28 14:00;20.2500;17.3258;17.9300;2.9242;2.3200
2024-11-28 15:00;18.0800;14.7214;17.7200;3.3586;0.3600
2024-11-28 16:00;18.2300;13.9959;17.5300;4.2341;0.7000
2024-11-28 17:00;23.1200;13.0910;17.3500;10.0290;5.7700
2024-11-28 18:00;23.1200;13.2162;17.1700;9.9038;5.9500
2024-11-28 19:00;21.8300;13.1839;17.0000;8.6461;4.8300
2024-11-28 20:00;23.6600;12.9602;16.8400;10.6998;6.8200
2024-11-28 21:00;24.7600;13.1719;16.6800;11.5881;8.0800
2024-11-28 22:00;24.8800;13.2819;16.5300;11.5981;8.3500
2024-11-28 23:00;25.0100;13.4975;16.3900;11.5125;8.6200
2024-11-29 00:00;24.7000;13.2635;16.2400;11.4365;8.4600
2024-11-29 01:00;23.5400;12.9702;16.1000;10.5698;7.4400
2024-11-29 02:00;23.5400;12.7199;15.9700;10.8201;7.5700
2024-11-29 03:00;24.3400;12.4998;15.8400;11.8402;8.5000
2024-11-29 04:00;24.0900;12.6228;15.7100;11.4672;8.3800
2024-11-29 05:00;23.5400;12.9915;15.5900;10.5485;7.9500
2024-11-29 06:00;23.5400;13.0849;15.4700;10.4551;8.0700
2024-11-29 07:00;23.5400;12.9517;15.3500;10.5883;8.1900
2024-11-29 08:00;22.5300;12.6477;15.2400;9.8823;7.2900
2024-11-29 09:00;18.0800;12.3980;15.1300;5.6820;2.9500
2024-11-29 10:00;17.6300;12.0783;15.0200;5.5517;2.6100
2024-11-29 11:00;17.6700;11.8619;14.9100;5.8081;2.7600
2024-11-29 12:00;16.7600;11.7829;14.8100;4.9771;1.9500
2024-11-29 13:00;16.7100;11.6338;14.7100;5.0762;2.0000
2024-11-29 14:00;16.7100;11.3948;14.6100;5.3152;2.1000
2024-11-29 15:00;16.7100;11.2269;14.5200;5.4831;2.1900
2024-11-29 16:00;16.0500;11.1191;14.4200;4.9309;1.6300
2024-11-29 17:00;18.0200;11.0653;14.3300;6.9547;3.6900
2024-11-29 18:00;20.6100;11.2716;14.2400;9.3384;6.3700
2024-11-29 19:00;20.6100;11.1887;14.1500;9.4213;6.4600
2024-11-29 20:00;20.6100;10.3387;14.0600;10.2713;6.5500
2024-11-29 21:00;20.6100;10.0581;13.9800;10.5519;6.6300
2024-11-29 22:00;20.6100;9.4054;13.8900;11.2046;6.7200
2024-11-29 23:00;20.1900;8.9671;13.8100;11.2229;6.3800
2024-11-30 00:00;19.8200;9.0583;13.7300;10.7617;6.0900
2024-11-30 01:00;20.6100;9.9360;13.6500;10.6740;6.9600
2024-11-30 02:00;21.0400;9.6720;13.5700;11.3680;7.4700
2024-11-30 03:00;21.4100;9.6892;13.5000;11.7208;7.9100
2024-11-30 04:00;20.6100;8.4882;13.4200;12.1218;7.1900
2024-11-30 05:00;20.6100;7.9072;13.3500;12.7028;7.2600
2024-11-30 06:00;21.0400;6.7997;13.2800;14.2403;7.7600
2024-11-30 07:00;20.6800;5.9621;13.2100;14.7179;7.4700
2024-11-30 08:00;20.6100;5.8817;13.1400;14.7283;7.4700
2024-11-30 09:00;20.6100;5.7724;13.0700;14.8376;7.5400
2024-11-30 10:00;20.6800;5.5984;13.0100;15.0816;7.6700
2024-11-30 11:00;18.9500;5.3428;12.9400;13.6072;6.0100
2024-11-30 12:00;18.1900;4.9692;12.8800;13.2208;5.3100
2024-11-30 13:00;17.7800;4.6649;12.8200;13.1151;4.9600
2024-11-30 14:00;16.8200;4.3212;12.7600;12.4988;4.0600
2024-11-30 15:00;16.3100;4.0035;12.7000;12.3065;3.6100
2024-11-30 16:00;16.7100;3.7208;12.6400;12.9892;4.0700
2024-11-30 17:00;16.8700;3.5507;12.5800;13.3193;4.2900
2024-11-30 18:00;17.9300;3.5186;12.5200;14.4114;5.4100
2024-11-30 19:00;18.2900;3.6477;12.4600;14.6423;5.8300
2024-11-30 20:00;18.2900;3.8415;12.4000;14.4485;5.8900
2024-11-30 21:00;18.3900;4.0927;12.3500;14.2973;6.0400
2024-11-30 22:00;19.1000;4.2933;12.2900;14.8067;6.8100
2024-11-30 23:00;18.0300;4.4801;12.2300;13.5499;5.8000
2024-12-01 00:00;18.5900;4.5389;12.1700;14.0511;6.4200
2024-12-01 01:00;19.1500;4.5394;12.1200;14.6106;7.0300
2024-12-01 02:00;18.5900;4.4743;12.0600;14.1157;6.5300
2024-12-01 03:00;17.9300;4.3848;12.0100;13.5452;5.9200
2024-12-01 04:00;17.9300;4.2154;11.9500;13.7146;5.9800
2024-12-01 05:00;17.8800;4.1076;11.9000;13.7724;5.9800
2024-12-01 06:00;17.7800;3.9432;11.8500;13.8368;5.9300
2024-12-01 07:00;17.8300;3.8871;11.8000;13.9429;6.0300
2024-12-01 08:00;17.5300;3.7667;11.7500;13.7633;5.7800
2024-12-01 09:00;17.9300;3.7604;11.7000;14.1696;6.2300
2024-12-01 10:00;18.6900;3.6763;11.6500;15.0137;7.0400
2024-12-01 11:00;17.9300;3.4286;11.6100;14.5014;6.3200
2024-12-01 12:00;16.7100;3.1290;11.5600;13.5810;5.1500
2024-12-01 13:00;16.9200;2.8649;11.5200;14.0551;5.4000
2024-12-01 14:00;16.7100;2.6602;11.4700;14.0498;5.2400
2024-12-01 15:00;16.3100;2.4740;11.4300;13.8360;4.8800
2024-12-01 16:00;16.1100;2.4191;11.3800;13.6909;4.7300
2024-12-01 17:00;16.5100;2.3680;11.3400;14.1420;5.1700
2024-12-01 18:00;16.8200;2.4247;11.3000;14.3953;5.5200
2024-12-01 19:00;16.6100;2.4632;11.2500;14.1468;5.3600
2024-12-01 20:00;16.5600;2.6168;11.2100;13.9432;5.3500
2024-12-01 21:00;16.4600;2.8183;11.1700;13.6417;5.2900
2024-12-01 22:00;16.7100;3.0876;11.1300;13.6224;5.5800
2024-12-01 23:00;16.5600;3.3222;11.0800;13.2378;5.4800
2024-12-02 00:00;16.1600;3.3258;11.0400;12.8342;5.1200
2024-12-02 01:00;15.8500;3.2685;11.0000;12.5815;4.8500
2024-12-02 02:00;16.3100;3.1346;10.9500;13.1754;5.3600
2024-12-02 03:00;16.4600;3.0617;10.9100;13.3983;5.5500
2024-12-02 04:00;16.6100;2.9857;10.8700;13.6243;5.7400
2024-12-02 05:00;16.9200;2.9935;10.8300;13.9265;6.0900
2024-12-02 06:00;16.7100;2.9550;10.7900;13.7550;5.9200
2024-12-02 07:00;16.9700;2.9760;10.7500;13.9940;6.2200
2024-12-02 08:00;17.9300;2.9972;10.7100;14.9328;7.2200
2024-12-02 09:00;18.0300;2.9963;10.6700;15.0337;7.3600
2024-12-02 10:00;18.0300;2.9705;10.6300;15.0595;7.4000
2024-12-02 11:00;17.7800;2.8492;10.6000;14.9308;7.1800
2024-12-02 12:00;15.7000;2.5937;10.5600;13.1063;5.1400
2024-12-02 13:00;14.1300;2.3655;10.5200;11.7645;3.6100
2024-12-02 14:00;13.1600;2.1462;10.4900;11.0138;2.6700
2024-12-02 15:00;13.0200;2.0181;10.4500;11.0019;2.5700
2024-12-02 16:00;12.5300;1.9040;10.4200;10.6260;2.1100
2024-12-02 17:00;13.9200;1.8772;10.3800;12.0428;3.5400
2024-12-02 18:00;14.7300;1.8745;10.3500;12.8555;4.3800
2024-12-02 19:00;15.5000;1.9194;10.3100;13.5806;5.1900
2024-12-02 20:00;15.5000;2.0567;10.2800;13.4433;5.2200
2024-12-02 21:00;15.5000;2.2558;10.2400;13.2442;5.2600
2024-12-02 22:00;15.5000;2.5094;10.2100;12.9906;5.2900
2024-12-02 23:00;15.6000;2.6690;10.1700;12.9310;5.4300
2024-12-03 00:00;15.5000;2.7429;10.1400;12.7571;5.3600
2024-12-03 01:00;15.5000;2.7462;10.1100;12.7538;5.3900
2024-12-03 02:00;15.5000;2.7327;10.0700;12.7673;5.4300
2024-12-03 03:00;15.5000;2.7212;10.0400;12.7788;5.4600
2024-12-03 04:00;15.5000;2.7108;10.0000;12.7892;5.5000
2024-12-03 05:00;15.5000;2.6923;9.9700;12.8077;5.5300
2024-12-03 06:00;15.5000;2.7158;9.9400;12.7842;5.5600
2024-12-03 07:00;15.5000;2.7125;9.9100;12.7875;5.5900
2024-12-03 08:00;16.0000;2.6873;9.8700;13.3127;6.1300
2024-12-03 09:00;13.1600;2.6188;9.8400;10.5412;3.3200
2024-12-03 10:00;12.0800;2.5294;9.8100;9.5506;2.2700
2024-12-03 11:00;11.4700;2.4522;9.7800;9.0178;1.6900
2024-12-03 12:00;11.1000;2.5839;9.7600;8.5161;1.3400
2024-12-03 13:00;11.1000;2.8295;9.7300;8.2705;1.3700
2024-12-03 14:00;11.1000;3.5586;9.7000;7.5414;1.4000
2024-12-03 15:00;11.1000;4.2330;9.6700;6.8670;1.4300
2024-12-03 16:00;11.1000;4.6133;9.6500;6.4867;1.4500
2024-12-03 17:00;14.2800;4.6664;9.6300;9.6136;4.6500
2024-12-03 18:00;15.6000;4.9830;9.6100;10.6170;5.9900
2024-12-03 19:00;15.9500;5.3160;9.5900;10.6340;6.3600
2024-12-03 20:00;16.6100;4.8459;9.5800;11.7641;7.0300
2024-12-03 21:00;16.5600;4.2746;9.5700;12.2854;6.9900
2024-12-03 22:00;15.8000;4.2562;9.5800;11.5438;6.2200
2024-12-03 23:00;15.5000;4.3091;9.6000;11.1909;5.9000
2024-12-04 00:00;15.5000;4.4621;9.6500;11.0379;5.8500
2024-12-04 01:00;15.5000;5.2019;9.7100;10.2981;5.7900
2024-12-04 02:00;15.5000;4.7295;9.8100;10.7705;5.6900
2024-12-04 03:00;15.5000;4.7425;9.9300;10.7575;5.5700
2024-12-04 04:00;15.6500;4.3042;10.0700;11.3458;5.5800
2024-12-04 05:00;16.7100;4.9341;10.2300;11.7759;6.4800
2024-12-04 06:00;16.9700;4.8306;10.3800;12.1394;6.5900
2024-12-04 07:00;17.9300;4.4686;10.5000;13.4614;7.4300
2024-12-04 08:00;17.4800;4.8514;10.6100;12.6286;6.8700
2024-12-04 09:00;13.2100;4.3159;10.6800;8.8941;2.5300
2024-12-04 10:00;13.0600;4.7595;10.7600;8.3005;2.3000
2024-12-04 11:00;13.0600;5.4056;10.8500;7.6544;2.2100
2024-12-04 12:00;13.0600;6.2807;10.9700;6.7793;2.0900
2024-12-04 13:00;13.0600;5.7948;11.0800;7.2652;1.9800
2024-12-04 14:00;12.9800;5.7603;11.1600;7.2197;1.8200
2024-12-04 15:00;12.9800;5.2510;11.2000;7.7290;1.7800
2024-12-04 16:00;13.0600;5.2350;11.2200;7.8250;1.8400
2024-12-04 17:00;15.6500;5.4268;11.2200;10.2232;4.4300
2024-12-04 18:00;17.7800;5.5952;11.2300;12.1848;6.5500
2024-12-04 19:00;18.6900;5.4127;11.2800;13.2773;7.4100
2024-12-04 20:00;19.4600;5.3674;11.3700;14.0926;8.0900
2024-12-04 21:00;19.8200;5.1450;11.4900;14.6750;8.3300
2024-12-04 22:00;19.0000;5.0783;11.6300;13.9217;7.3700
2024-12-04 23:00;18.1400;4.8974;11.7700;13.2426;6.3700
2024-12-05 00:00;18.3400;4.7067;11.8800;13.6333;6.4600
2024-12-05 01:00;18.1900;4.5306;11.9500;13.6594;6.2400
2024-12-05 02:00;18.9500;4.4190;11.9700;14.5310;6.9800
2024-12-05 03:00;18.5400;4.3239;11.9400;14.2161;6.6000
2024-12-05 04:00;18.1900;4.2348;11.8700;13.9552;6.3200
2024-12-05 05:00;18.9000;4.1287;11.7600;14.7713;7.1400
2024-12-05 06:00;18.0800;4.0873;11.6400;13.9927;6.4400
2024-12-05 07:00;16.3100;4.0055;11.5000;12.3045;4.8100
2024-12-05 08:00;13.0600;3.9103;11.3600;9.1497;1.7000
2024-12-05 09:00;13.0600;3.8318;11.2200;9.2282;1.8400
2024-12-05 10:00;13.1100;3.6699;11.0800;9.4401;2.0300
2024-12-05 11:00;12.7000;3.4804;10.9500;9.2196;1.7500
2024-12-05 12:00;11.2700;3.2567;10.8300;8.0133;0.4400
2024-12-05 13:00;10.3700;3.0902;10.7200;7.2798;-0.3500
2024-12-05 14:00;10.4900;2.9464;10.6200;7.5436;-0.1300
2024-12-05 15:00;9.9200;2.8588;10.5300;7.0612;-0.6100
2024-12-05 16:00;9.2700;2.8507;10.4500;6.4193;-1.1800
2024-12-05 17:00;9.8800;2.8364;10.3700;7.0436;-0.4900
2024-12-05 18:00;13.3400;2.9550;10.3000;10.3850;3.0400
2024-12-05 19:00;14.3800;3.0322;10.2400;11.3478;4.1400
2024-12-05 20:00;14.8900;3.2208;10.1800;11.6692;4.7100
2024-12-05 21:00;15.2900;3.4260;10.1200;11.8640;5.1700
2024-12-05 22:00;15.7000;3.5895;10.0700;12.1105;5.6300
2024-12-05 23:00;15.7500;3.7137;10.0200;12.0363;5.7300
2024-12-06 00:00;16.5100;3.8148;9.9700;12.6952;6.5400
2024-12-06 01:00;16.7100;3.7913;9.9300;12.9187;6.7800
2024-12-06 02:00;16.6100;3.8539;9.8800;12.7561;6.7300
2024-12-06 03:00;16.7100;3.8775;9.8400;12.8325;6.8700
2024-12-06 04:00;16.7100;3.8823;9.8000;12.8277;6.9100
2024-12-06 05:00;16.7100;3.8104;9.7700;12.8996;6.9400
2024-12-06 06:00;16.7100;3.7446;9.7300;12.9654;6.9800
2024-12-06 07:00;16.7100;3.6496;9.7000;13.0604;7.0100
2024-12-06 08:00;15.4500;3.5025;9.6700;11.9475;5.7800
2024-12-06 09:00;11.9200;3.3877;9.6300;8.5323;2.2900
2024-12-06 10:00;11.2700;3.2523;9.6000;8.0177;1.6700
2024-12-06 11:00;10.8200;3.0822;9.5700;7.7378;1.2500
2024-12-06 12:00;10.1300;2.8818;9.5400;7.2482;0.5900
2024-12-06 13:00;9.9200;2.8490;9.5100;7.0710;0.4100
2024-12-06 14:00;10.8200;2.8379;9.4900;7.9821;1.3300
2024-12-06 15:00;9.9200;2.9058;9.4600;7.0142;0.4600
2024-12-06 16:00;11.0600;2.8945;9.4300;8.1655;1.6300
2024-12-06 17:00;12.0800;3.0364;9.4000;9.0436;2.6800
2024-12-06 18:00;13.0600;3.1878;9.3700;9.8722;3.6900
2024-12-06 19:00;13.0600;3.1466;9.3500;9.9134;3.7100
2024-12-06 20:00;13.0600;3.3503;9.3200;9.7097;3.7400
2024-12-06 21:00;13.3600;3.3523;9.2900;10.0077;4.0700
2024-12-06 22:00;13.6700;3.6167;9.2600;10.0533;4.4100
2024-12-06 23:00;13.0600;3.4838;9.2400;9.5762;3.8200
2024-12-07 00:00;13.0600;3.5760;9.2100;9.4840;3.8500
2024-12-07 01:00;13.0600;3.2779;9.1800;9.7821;3.8800
2024-12-07 02:00;13.0600;3.1763;9.1500;9.8837;3.9100
2024-12-07 03:00;13.0600;3.1540;9.1300;9.9060;3.9300
2024-12-07 04:00;13.2600;3.0562;9.1000;10.2038;4.1600
2024-12-07 05:00;14.0800;3.0282;9.0700;11.0518;5.0100
2024-12-07 06:00;13.4700;2.9476;9.0500;10.5224;4.4200
2024-12-07 07:00;13.5200;2.9221;9.0200;10.5979;4.5000
2024-12-07 08:00;14.4300;2.8495;9.0000;11.5805;5.4300
2024-12-07 09:00;15.5000;2.8219;8.9700;12.6781;6.5300
2024-12-07 10:00;16.1100;2.7314;8.9500;13.3786;7.1600
2024-12-07 11:00;15.5000;2.5244;8.9200;12.9756;6.5800
2024-12-07 12:00;14.4300;2.3374;8.9000;12.0926;5.5300
2024-12-07 13:00;13.6200;2.3521;8.8800;11.2679;4.7400
2024-12-07 14:00;13.0600;2.4221;8.8500;10.6379;4.2100
2024-12-07 15:00;13.0600;2.5950;8.8300;10.4650;4.2300
2024-12-07 16:00;13.5200;2.2704;8.8100;11.2496;4.7100
2024-12-07 17:00;13.4700;2.2979;8.7800;11.1721;4.6900
2024-12-07 18:00;14.1800;2.4140;8.7600;11.7660;5.4200
2024-12-07 19:00;14.2800;2.6684;8.7400;11.6116;5.5400
2024-12-07 20:00;14.2800;3.0681;8.7200;11.2119;5.5600
2024-12-07 21:00;14.2800;3.6322;8.6900;10.6478;5.5900
2024-12-07 22:00;14.2800;4.7933;8.6700;9.4867;5.6100
2024-12-07 23:00;15.3400;6.9498;8.6600;8.3902;6.6800
2024-12-08 00:00;15.6000;9.5706;8.6800;6.0294;6.9200
2024-12-08 01:00;15.6000;13.8030;8.7800;1.7970;6.8200
2024-12-08 02:00;16.4600;17.4174;9.0000;-0.9574;7.4600
2024-12-08 03:00;16.7100;19.8608;9.3100;-3.1508;7.4000
2024-12-08 04:00;17.0200;21.8823;9.7100;-4.8623;7.3100
2024-12-08 05:00;16.9200;25.7325;10.4100;-8.8125;6.5100
2024-12-08 06:00;17.3700;28.1019;11.7800;-10.7319;5.5900
2024-12-08 07:00;18.4900;30.8861;14.1700;-12.3961;4.3200
2024-12-08 08:00;19.5800;29.9676;17.5800;-10.3876;2.0000
2024-12-08 09:00;19.7000;30.0979;21.5000;-10.3979;-1.8000
2024-12-08 10:00;20.1300;27.5184;25.0800;-7.3884;-4.9500
2024-12-08 11:00;20.3100;25.5919;27.7000;-5.2819;-7.3900
2024-12-08 12:00;25.3200;24.0469;29.3200;1.2731;-4.0000
2024-12-08 13:00;34.8400;23.2380;30.3400;11.6020;4.5000
2024-12-08 14:00;40.1200;23.3008;31.1500;16.8192;8.9700
2024-12-08 15:00;43.7600;24.2684;31.7100;19.4916;12.0500
2024-12-08 16:00;50.1500;24.9980;32.1200;25.1520;18.0300
2024-12-08 17:00;59.0100;26.3090;32.5600;32.7010;26.4500
2024-12-08 18:00;72.9900;28.7666;33.2900;44.2234;39.7000
2024-12-08 19:00;91.5300;30.1509;34.5300;61.3791;57.0000
2024-12-08 20:00;112.3900;32.6845;36.3000;79.7055;76.0900
2024-12-08 21:00;131.9700;35.4927;38.8200;96.4773;93.1500
2024-12-08 22:00;145.2900;38.0336;41.5700;107.2564;103.7200
2024-12-08 23:00;146.4000;39.7252;43.2300;106.6748;103.1700
2024-12-09 00:00;141.1700;40.0617;43.9700;101.1083;97.2000
2024-12-09 01:00;130.9300;40.0853;44.4300;90.8447;86.5000
2024-12-09 02:00;125.7200;39.6071;44.4800;86.1129;81.2400
2024-12-09 03:00;122.7700;39.2725;43.8400;83.4975;78.9300
2024-12-09 04:00;119.2300;38.6422;42.6600;80.5878;76.5700
2024-12-09 05:00;111.1700;38.0902;41.3100;73.0798;69.8600
2024-12-09 06:00;101.0700;37.1568;39.9900;63.9132;61.0800
2024-12-09 07:00;93.8700;36.5062;38.7600;57.3638;55.1100
2024-12-09 08:00;88.1100;35.9949;37.6200;52.1151;50.4900
2024-12-09 09:00;81.9000;35.5802;36.5700;46.3198;45.3300
2024-12-09 10:00;77.6400;34.9834;35.5800;42.6566;42.0600
2024-12-09 11:00;74.9000;34.1756;34.6600;40.7244;40.2400
2024-12-09 12:00;73.1900;33.4728;33.8000;39.7172;39.3900
2024-12-09 13:00;73.5300;33.3550;33.0100;40.1750;40.5200
2024-12-09 14:00;71.1300;33.6230;32.3500;37.5070;38.7800
2024-12-09 15:00;71.1300;34.0999;32.0000;37.0301;39.1300
2024-12-09 16:00;70.9000;34.2790;32.0100;36.6210;38.8900
2024-12-09 17:00;71.1300;35.0321;32.1800;36.0979;38.9500
2024-12-09 18:00;71.9300;35.9050;32.5800;36.0250;39.3500
2024-12-09 19:00;73.8700;37.4133;33.4100;36.4567;40.4600
2024-12-09 20:00;75.3600;39.2946;34.7400;36.0654;40.6200
2024-12-09 21:00;77.8700;41.1976;36.5500;36.6724;41.3200
2024-12-09 22:00;81.3000;42.7796;38.7800;38.5204;42.5200
2024-12-09 23:00;82.6000;44.0407;41.1300;38.5593;41.4700
2024-12-10 00:00;83.9800;45.1306;43.2300;38.8494;40.7500
2024-12-10 01:00;82.4800;46.0680;45.0600;36.4120;37.4200
2024-12-10 02:00;82.1000;47.0724;47.0500;35.0276;35.0500
2024-12-10 03:00;82.1000;48.2507;49.4200;33.8493;32.6800
2024-12-10 04:00;82.6000;49.3301;52.2100;33.2699;30.3900
2024-12-10 05:00;84.4800;50.7327;55.1200;33.7473;29.3600
2024-12-10 06:00;85.1000;52.0837;57.2500;33.0163;27.8500
2024-12-10 07:00;85.1000;53.3760;58.5700;31.7240;26.5300
2024-12-10 08:00;85.1000;55.1691;59.5700;29.9309;25.5300
2024-12-10 09:00;82.7300;55.8050;60.0000;26.9250;22.7300
2024-12-10 10:00;82.1000;56.9598;59.5200;25.1402;22.5800
2024-12-10 11:00;80.1600;56.6027;58.4800;23.5573;21.6800
2024-12-10 12:00;79.3600;56.6756;57.5000;22.6844;21.8600
2024-12-10 13:00;79.2400;55.8769;56.6300;23.3631;22.6100
2024-12-10 14:00;77.0700;56.1674;55.7200;20.9026;21.3500
2024-12-10 15:00;76.6200;56.2302;55.3900;20.3898;21.2300
2024-12-10 16:00;76.6200;57.5644;56.0200;19.0556;20.6000
2024-12-10 17:00;76.6200;59.5597;57.2100;17.0603;19.4100
2024-12-10 18:00;76.8400;62.0450;58.5900;14.7950;18.2500
2024-12-10 19:00;76.6200;64.5311;59.9800;12.0889;16.6400
2024-12-10 20:00;77.3000;66.4029;61.1900;10.8971;16.1100
2024-12-10 21:00;76.6200;67.9485;61.9800;8.6715;14.6400
2024-12-10 22:00;74.9000;68.0241;62.1100;6.8759;12.7900
2024-12-10 23:00;73.8700;67.9688;61.5900;5.9012;12.2800
2024-12-11 00:00;72.8500;66.6858;60.6200;6.1642;12.2300
2024-12-11 01:00;71.1300;65.5552;59.5100;5.5748;11.6200
2024-12-11 02:00;69.1900;64.3570;58.4500;4.8330;10.7400
2024-12-11 03:00;68.3900;63.8196;57.5200;4.5704;10.8700
2024-12-11 04:00;67.6700;63.5843;56.7400;4.0857;10.9300
2024-12-11 05:00;65.8000;64.0340;56.1300;1.7660;9.6700
2024-12-11 06:00;63.4300;64.1123;55.7600;-0.6823;7.6700
2024-12-11 07:00;61.8700;64.8170;55.6900;-2.9470;6.1800
2024-12-11 08:00;60.9400;65.1327;55.9100;-4.1927;5.0300
2024-12-11 09:00;60.9400;65.7769;56.2800;-4.8369;4.6600
2024-12-11 10:00;60.7400;66.5180;56.7200;-5.7780;4.0200
2024-12-11 11:00;60.4300;67.1045;57.2300;-6.6745;3.2000
2024-12-11 12:00;57.6300;68.2655;57.8900;-10.6355;-0.2600
2024-12-11 13:00;57.7400;69.4707;58.8200;-11.7307;-1.0800
2024-12-11 14:00;56.3900;71.7854;60.3100;-15.3954;-3.9200
2024-12-11 15:00;54.9600;75.3447;62.8100;-20.3847;-7.8500
2024-12-11 16:00;54.3100;79.3416;66.6500;-25.0316;-12.3400
2024-12-11 17:00;55.1500;85.4734;71.6700;-30.3234;-16.5200
2024-12-11 18:00;55.9800;91.2559;77.0600;-35.2759;-21.0800
2024-12-11 19:00;55.9800;97.1165;81.5800;-41.1365;-25.6000
2024-12-11 20:00;56.5000;100.0333;84.0500;-43.5333;-27.5500
2024-12-11 21:00;57.2200;100.6031;83.9100;-43.3831;-26.6900
2024-12-11 22:00;58.4600;97.4892;81.3300;-39.0292;-22.8700
2024-12-11 23:00;58.2600;92.5510;77.0300;-34.2910;-18.7700
2024-12-12 00:00;58.3600;86.4022;71.7500;-28.0422;-13.3900
2024-12-12 01:00;56.3900;80.2459;66.1800;-23.8559;-9.7900
2024-12-12 02:00;55.9800;74.8138;60.7500;-18.8338;-4.7700
2024-12-12 03:00;55.1500;71.0581;55.7000;-15.9081;-0.5500
2024-12-12 04:00;53.7600;67.8638;51.0900;-14.1038;2.6700
2024-12-12 05:00;53.1100;65.7200;46.9700;-12.6100;6.1400
2024-12-12 06:00;50.5200;63.8172;43.3200;-13.2972;7.2000
2024-12-12 07:00;49.3100;62.4559;40.1400;-13.1459;9.1700
2024-12-12 08:00;45.2500;61.3507;37.3800;-16.1007;7.8700
2024-12-12 09:00;40.7700;60.2601;34.9900;-19.4901;5.7800
2024-12-12 10:00;40.6100;59.1458;32.9500;-18.5358;7.6600
2024-12-12 11:00;38.8100;57.6773;31.1900;-18.8673;7.6200
2024-12-12 12:00;36.2700;55.9624;29.6900;-19.6924;6.5800
2024-12-12 13:00;34.7500;53.7119;28.4000;-18.9619;6.3500
2024-12-12 14:00;35.9400;52.0206;27.3400;-16.0806;8.6000
2024-12-12 15:00;37.0100;49.5056;26.6000;-12.4956;10.4100
2024-12-12 16:00;37.0100;48.8338;26.3700;-11.8238;10.6400
2024-12-12 17:00;36.6000;49.0617;26.9400;-12.4617;9.6600
2024-12-12 18:00;35.6100;50.9689;28.5100;-15.3589;7.1000
2024-12-12 19:00;35.2900;54.6059;31.0900;-19.3159;4.2000
2024-12-12 20:00;35.3700;57.4232;34.3000;-22.0532;1.0700
2024-12-12 21:00;35.2900;59.5587;37.4900;-24.2687;-2.2000
2024-12-12 22:00;35.6100;60.3978;39.9800;-24.7878;-4.3700
2024-12-12 23:00;35.6100;60.4089;41.3600;-24.7989;-5.7500
2024-12-13 00:00;35.4500;59.1313;41.5600;-23.6813;-6.1100
2024-12-13 01:00;35.0400;57.9133;40.7800;-22.8733;-5.7400
2024-12-13 02:00;34.9700;55.7701;39.3700;-20.8001;-4.4000
2024-12-13 03:00;33.4700;53.8522;37.6000;-20.3822;-4.1300
2024-12-13 04:00;33.6100;51.5234;35.6900;-17.9134;-2.0800
2024-12-13 05:00;33.4700;49.3493;33.7900;-15.8793;-0.3200
2024-12-13 06:00;33.1800;47.4426;32.0000;-14.2626;1.1800
2024-12-13 07:00;31.6800;45.6941;30.3500;-14.0141;1.3300
2024-12-13 08:00;30.6800;44.7027;28.8700;-14.0227;1.8100
2024-12-13 09:00;31.1100;43.6942;27.5500;-12.5842;3.5600
2024-12-13 10:00;31.4000;43.1903;26.4000;-11.7903;5.0000
2024-12-13 11:00;30.4700;42.5232;25.3900;-12.0532;5.0800
2024-12-13 12:00;29.9000;42.0671;24.5100;-12.1671;5.3900
2024-12-13 13:00;30.0400;41.4861;23.7400;-11.4461;6.3000
2024-12-13 14:00;30.6100;41.0372;23.0900;-10.4272;7.5200
2024-12-13 15:00;29.9700;39.9803;22.5600;-10.0103;7.4100
2024-12-13 16:00;30.4000;39.3346;22.1800;-8.9346;8.2200
2024-12-13 17:00;29.9000;38.6168;21.9500;-8.7168;7.9500
2024-12-13 18:00;29.9000;39.3547;21.8700;-9.4547;8.0300
2024-12-13 19:00;29.9000;41.1522;21.9500;-11.2522;7.9500
2024-12-13 20:00;31.2500;44.1591;22.4600;-12.9091;8.7900
2024-12-13 21:00;33.0400;50.1303;24.4500;-17.0903;8.5900
2024-12-13 22:00;36.6800;55.9100;28.9400;-19.2300;7.7400
2024-12-13 23:00;40.6100;62.5470;35.5700;-21.9370;5.0400
2024-12-14 00:00;45.7600;71.4607;44.0000;-25.7007;1.7600
2024-12-14 01:00;50.8000;78.8311;53.4000;-28.0311;-2.6000
2024-12-14 02:00;55.1500;84.2867;61.8100;-29.1367;-6.6600
2024-12-14 03:00;56.1900;82.8451;67.1800;-26.6551;-10.9900
2024-12-14 04:00;57.7400;77.7623;68.8700;-20.0223;-11.1300
2024-12-14 05:00;57.9400;69.7464;67.4700;-11.8064;-9.5300
2024-12-14 06:00;55.9800;63.3082;64.0900;-7.3282;-8.1100
2024-12-14 07:00;53.8500;57.6544;59.7300;-3.8044;-5.8800
2024-12-14 08:00;53.7600;53.7514;55.1100;0.0086;-1.3500
2024-12-14 09:00;52.7400;51.0304;50.6600;1.7096;2.0800
2024-12-14 10:00;51.0700;49.6608;46.5800;1.4092;4.4900
2024-12-14 11:00;49.2200;48.8405;42.9800;0.3795;6.2400
2024-12-14 12:00;46.5400;49.0427;40.0800;-2.5027;6.4600
2024-12-14 13:00;45.3300;48.6450;38.2700;-3.3150;7.0600
2024-12-14 14:00;44.3000;50.1775;38.1300;-5.8775;6.1700
2024-12-14 15:00;42.9000;53.1612;39.8400;-10.2612;3.0600
2024-12-14 16:00;41.3500;58.3338;42.9900;-16.9838;-1.6400
2024-12-14 17:00;42.8200;64.1662;47.0000;-21.3462;-4.1800
2024-12-14 18:00;42.9000;70.5834;51.1600;-27.6834;-8.2600
2024-12-14 19:00;42.9000;73.6596;54.7100;-30.7596;-11.8100
2024-12-14 20:00;43.2300;75.6818;57.1000;-32.4518;-13.8700
2024-12-14 21:00;44.7900;75.8385;58.1100;-31.0485;-13.3200
2024-12-14 22:00;46.4400;75.3202;57.8300;-28.8802;-11.3900
2024-12-14 23:00;47.0900;73.2312;56.4900;-26.1412;-9.4000
2024-12-15 00:00;47.0900;70.8768;54.4200;-23.7868;-7.3300
2024-12-15 01:00;47.0900;67.8570;51.8700;-20.7670;-4.7800
2024-12-15 02:00;44.9600;64.8552;49.0800;-19.8952;-4.1200
2024-12-15 03:00;43.1500;61.7083;46.2100;-18.5583;-3.0600
2024-12-15 04:00;42.0800;58.2357;43.3900;-16.1557;-1.3100
2024-12-15 05:00;42.8200;55.7104;40.7100;-12.8904;2.1100
2024-12-15 06:00;41.5900;54.0212;38.2200;-12.4312;3.3700
2024-12-15 07:00;41.2700;52.6466;35.9400;-11.3766;5.3300
2024-12-15 08:00;40.7700;52.0824;33.8900;-11.3124;6.8800
2024-12-15 09:00;39.2200;51.4776;32.0500;-12.2576;7.1700
2024-12-15 10:00;38.9700;50.9837;30.4200;-12.0137;8.5500
2024-12-15 11:00;37.0900;50.0926;28.9900;-13.0026;8.1000
2024-12-15 12:00;37.0100;48.7483;27.7300;-11.7383;9.2800
2024-12-15 13:00;35.5300;47.2969;26.6400;-11.7669;8.8900
2024-12-15 14:00;35.5300;44.7890;25.7100;-9.2590;9.8200
2024-12-15 15:00;35.2900;42.7608;24.9700;-7.4708;10.3200
2024-12-15 16:00;35.0400;40.7906;24.4400;-5.7506;10.6000
2024-12-15 17:00;35.0400;39.3591;24.1100;-4.3191;10.9300
2024-12-15 18:00;34.7500;39.2227;23.9700;-4.4727;10.7800
2024-12-15 19:00;34.4000;38.9917;23.9500;-4.5917;10.4500
2024-12-15 20:00;33.9000;39.2734;24.0000;-5.3734;9.9000
2024-12-15 21:00;33.6800;39.6287;24.0200;-5.9487;9.6600
2024-12-15 22:00;35.0400;40.0948;23.9800;-5.0548;11.0600
2024-12-15 23:00;35.2900;40.4637;23.8500;-5.1737;11.4400
2024-12-16 00:00;36.0200;40.5932;23.6200;-4.5732;12.4000
2024-12-16 01:00;36.5100;40.6900;23.3200;-4.1800;13.1900
2024-12-16 02:00;36.6000;40.1958;22.9700;-3.5958;13.6300
2024-12-16 03:00;35.2000;40.1132;22.5900;-4.9132;12.6100
2024-12-16 04:00;35.2000;40.0209;22.1900;-4.8209;13.0100
2024-12-16 05:00;34.6800;39.8724;21.7900;-5.1924;12.8900
2024-12-16 06:00;32.6800;39.6673;21.4100;-6.9873;11.2700
2024-12-16 07:00;31.9000;39.3691;21.0400;-7.4691;10.8600
2024-12-16 08:00;31.6800;38.9016;20.7000;-7.2216;10.9800
2024-12-16 09:00;32.4000;38.3456;20.3700;-5.9456;12.0300
2024-12-16 10:00;31.4700;37.6439;20.0800;-6.1739;11.3900
2024-12-16 11:00;30.8300;36.4442;19.8000;-5.6142;11.0300
2024-12-16 12:00;26.9200;34.4167;19.5500;-7.4967;7.3700
2024-12-16 13:00;26.4700;32.1958;19.3100;-5.7258;7.1600
2024-12-16 14:00;25.1900;29.9695;19.1100;-4.7795;6.0800
2024-12-16 15:00;23.4200;28.0708;18.9300;-4.6508;4.4900
2024-12-16 16:00;23.4200;26.0022;18.7800;-2.5822;4.6400
2024-12-16 17:00;25.3100;25.0765;18.6700;0.2335;6.6400
2024-12-16 18:00;26.5400;24.9640;18.6100;1.5760;7.9300
2024-12-16 19:00;26.9700;25.5601;18.5800;1.4099;8.3900
2024-12-16 20:00;26.4700;26.1428;18.5800;0.3272;7.8900
2024-12-16 21:00;27.4000;26.8093;18.6000;0.5907;8.8000
2024-12-16 22:00;27.0400;27.4886;18.6200;-0.4486;8.4200
2024-12-16 23:00;26.7800;28.0577;18.6500;-1.2777;8.1300
2024-12-17 00:00;28.5400;27.9130;18.6600;0.6270;9.8800
2024-12-17 01:00;29.2600;27.7639;18.6600;1.4961;10.6000
2024-12-17 02:00;29.8300;27.4953;18.6300;2.3347;11.2000
2024-12-17 03:00;29.9000;27.4131;18.5900;2.4869;11.3100
2024-12-17 04:00;30.1800;27.5238;18.5200;2.6562;11.6600
2024-12-17 05:00;28.6800;27.5773;18.4400;1.1027;10.2400
2024-12-17 06:00;28.2600;27.2952;18.3500;0.9648;9.9100
2024-12-17 07:00;28.2600;27.1548;18.2500;1.1052;10.0100
2024-12-17 08:00;28.5400;27.2744;18.1400;1.2656;10.4000
2024-12-17 09:00;29.6100;27.0842;18.0200;2.5258;11.5900
2024-12-17 10:00;30.4700;26.4593;17.9000;4.0107;12.5700
2024-12-17 11:00;30.1100;25.4594;17.7700;4.6506;12.3400
2024-12-17 12:00;27.0500;24.3694;17.6500;2.6806;9.4000
2024-12-17 13:00;26.0400;23.3717;17.5300;2.6683;8.5100
2024-12-17 14:00;25.8000;22.2945;17.4100;3.5055;8.3900
2024-12-17 15:00;26.0400;21.5026;17.3100;4.5374;8.7300
2024-12-17 16:00;26.4700;20.5864;17.2100;5.8836;9.2600
2024-12-17 17:00;28.0400;20.2250;17.1300;7.8150;10.9100
2024-12-17 18:00;33.3300;20.4683;17.0700;12.8617;16.2600
2024-12-17 19:00;34.1100;20.8847;17.0200;13.2253;17.0900
2024-12-17 20:00;35.0400;21.7787;16.9800;13.2613;18.0600
2024-12-17 21:00;35.0400;22.6183;16.9600;12.4217;18.0800
2024-12-17 22:00;35.7800;23.7765;16.9300;12.0035;18.8500
2024-12-17 23:00;36.1900;24.7717;16.9100;11.4183;19.2800
2024-12-18 00:00;38.2300;25.7415;16.8700;12.4885;21.3600
2024-12-18 01:00;39.7900;26.5510;16.8300;13.2390;22.9600
2024-12-18 02:00;39.7900;26.9594;16.7700;12.8306;23.0200
2024-12-18 03:00;39.3000;27.1359;16.7100;12.1641;22.5900
2024-12-18 04:00;39.4600;27.1317;16.6300;12.3283;22.8300
2024-12-18 05:00;38.8100;27.0249;16.5400;11.7851;22.2700
2024-12-18 06:00;39.1400;26.8836;16.4400;12.2564;22.7000
2024-12-18 07:00;38.8100;26.7047;16.3400;12.1053;22.4700
2024-12-18 08:00;38.1500;26.4000;16.2400;11.7500;21.9100
2024-12-18 09:00;38.8100;26.1892;16.1300;12.6208;22.6800
2024-12-18 10:00;37.5800;25.8374;16.0200;11.7426;21.5600
2024-12-18 11:00;36.9200;24.8438;15.9100;12.0762;21.0100
2024-12-18 12:00;34.9900;23.4046;15.8100;11.5854;19.1800
2024-12-18 13:00;33.6100;21.6737;15.7100;11.9363;17.9000
2024-12-18 14:00;34.4000;20.3471;15.6100;14.0529;18.7900
2024-12-18 15:00;34.7500;19.3536;15.5200;15.3964;19.2300
2024-12-18 16:00;35.2900;18.4741;15.4400;16.8159;19.8500
2024-12-18 17:00;36.8400;18.1631;15.3800;18.6769;21.4600
2024-12-18 18:00;37.0100;18.3077;15.3200;18.7023;21.6900
2024-12-18 19:00;36.5100;18.6415;15.2800;17.8685;21.2300
2024-12-18 20:00;37.0100;18.8199;15.2500;18.1901;21.7600
2024-12-18 21:00;37.9900;19.2742;15.2300;18.7158;22.7600
2024-12-18 22:00;38.6400;19.6028;15.2200;19.0372;23.4200
2024-12-18 23:00;38.8900;20.1715;15.2200;18.7185;23.6700
2024-12-19 00:00;38.9700;20.6863;15.2100;18.2837;23.7600
2024-12-19 01:00;39.4600;21.1224;15.1900;18.3376;24.2700
2024-12-19 02:00;39.2200;21.3816;15.1700;17.8384;24.0500
2024-12-19 03:00;39.1400;21.6577;15.1400;17.4823;24.0000
2024-12-19 04:00;40.1200;21.8255;15.1000;18.2945;25.0200
2024-12-19 05:00;38.5600;21.9540;15.0500;16.6060;23.5100
2024-12-19 06:00;38.0700;21.7846;14.9900;16.2854;23.0800
2024-12-19 07:00;37.0100;21.6031;14.9300;15.4069;22.0800
2024-12-19 08:00;37.1700;21.1196;14.8600;16.0504;22.3100
2024-12-19 09:00;37.0100;20.5791;14.8000;16.4309;22.2100
2024-12-19 10:00;35.4500;19.6429;14.7300;15.8071;20.7200
2024-12-19 11:00;35.0400;19.0075;14.6500;16.0325;20.3900
2024-12-19 12:00;35.4500;17.9897;14.5800;17.4603;20.8700
2024-12-19 13:00;37.0100;17.3890;14.5100;19.6210;22.5000
2024-12-19 14:00;37.6600;17.1868;14.4500;20.4732;23.2100
2024-12-19 15:00;37.0100;17.0481;14.3900;19.9619;22.6200
2024-12-19 16:00;37.0100;16.9541;14.3400;20.0559;22.6700
2024-12-19 17:00;37.2500;17.1035;14.3100;20.1465;22.9400
2024-12-19 18:00;38.6400;17.5043;14.3000;21.1357;24.3400
2024-12-19 19:00;39.0500;18.6090;14.3200;20.4410;24.7300
2024-12-19 20:00;40.7700;20.1301;14.3700;20.6399;26.4000
2024-12-19 21:00;42.8200;22.9151;14.4800;19.9049;28.3400
2024-12-19 22:00;44.3000;25.8538;14.6700;18.4462;29.6300
2024-12-19 23:00;44.8700;29.4161;15.0400;15.4539;29.8300
2024-12-20 00:00;46.6300;33.4745;15.7900;13.1555;30.8400
2024-12-20 01:00;49.1300;39.9636;17.3200;9.1664;31.8100
2024-12-20 02:00;55.1600;48.3351;20.1800;6.8249;34.9800
2024-12-20 03:00;67.9500;60.6622;25.0200;7.2878;42.9300
2024-12-20 04:00;85.0400;72.2122;32.1600;12.8278;52.8800
2024-12-20 05:00;97.1200;85.4476;41.2000;11.6724;55.9200
2024-12-20 06:00;137.4000;93.5784;50.7300;43.8216;86.6700
2024-12-20 07:00;157.5200;101.2326;58.8500;56.2874;98.6700
2024-12-20 08:00;157.3500;102.5187;64.3700;54.8313;92.9800
2024-12-20 09:00;142.4400;104.5248;67.2700;37.9152;75.1700
2024-12-20 10:00;131.3300;101.5544;68.3400;29.7756;62.9900
2024-12-20 11:00;122.1800;102.7560;69.0700;19.4240;53.1100
2024-12-20 12:00;121.5900;109.4142;71.6000;12.1758;49.9900
2024-12-20 13:00;124.0900;118.5065;77.8100;5.5835;46.2800
2024-12-20 14:00;129.7900;134.3450;88.2400;-4.5550;41.5500
2024-12-20 15:00;153.1000;150.0113;101.9100;3.0887;51.1900
2024-12-20 16:00;166.8600;165.3627;116.7200;1.4973;50.1400
2024-12-20 17:00;175.1300;175.7866;129.8400;-0.6566;45.2900
2024-12-20 18:00;174.7700;177.6929;138.6600;-2.9229;36.1100
2024-12-20 19:00;168.9200;174.7409;141.7800;-5.8209;27.1400
2024-12-20 20:00;158.3700;165.8217;139.3800;-7.4517;18.9900
2024-12-20 21:00;147.3900;154.9173;132.6200;-7.5273;14.7700
2024-12-20 22:00;136.4100;141.8589;123.3000;-5.4489;13.1100
2024-12-20 23:00;129.7500;129.4277;112.9000;0.3223;16.8500
2024-12-21 00:00;121.2900;118.0691;102.5700;3.2209;18.7200
2024-12-21 01:00;114.6900;109.3368;92.8900;5.3532;21.8000
2024-12-21 02:00;110.3400;101.9966;84.0800;8.3434;26.2600
2024-12-21 03:00;106.8000;96.5262;76.2300;10.2738;30.5700
2024-12-21 04:00;101.8900;91.9731;69.3400;9.9169;32.5500
2024-12-21 05:00;97.5300;88.1226;63.3500;9.4074;34.1800
2024-12-21 06:00;94.9900;84.5455;58.1800;10.4445;36.8100
2024-12-21 07:00;92.9900;81.2246;53.7400;11.7654;39.2500
2024-12-21 08:00;90.9900;78.6980;49.9400;12.2920;41.0500
2024-12-21 09:00;88.2300;75.8656;46.6800;12.3644;41.5500
2024-12-21 10:00;87.7300;73.9574;43.8800;13.7726;43.8500
2024-12-21 11:00;84.8500;71.6684;41.4900;13.1816;43.3600
2024-12-21 12:00;78.4400;70.0196;39.4300;8.4204;39.0100
2024-12-21 13:00;75.3600;69.0670;37.6600;6.2930;37.7000
2024-12-21 14:00;72.1600;67.6366;36.1600;4.5234;36.0000
2024-12-21 15:00;71.1300;66.1625;34.9500;4.9675;36.1800
2024-12-21 16:00;68.7300;64.1086;34.0900;4.6214;34.6400
2024-12-21 17:00;68.7300;63.6235;33.5900;5.1065;35.1400
2024-12-21 18:00;71.0200;63.3178;33.4000;7.7022;37.6200
2024-12-21 19:00;69.6500;64.5282;33.4200;5.1218;36.2300
2024-12-21 20:00;70.9000;65.7111;33.4900;5.1889;37.4100
2024-12-21 21:00;68.7300;66.0334;33.4800;2.6966;35.2500
2024-12-21 22:00;68.6200;66.2656;33.3300;2.3544;35.2900
2024-12-21 23:00;68.3900;66.2729;32.9900;2.1171;35.4000
2024-12-22 00:00;66.4300;65.7087;32.5000;0.7213;33.9300
2024-12-22 01:00;64.3600;64.9650;31.8800;-0.6050;32.4800
2024-12-22 02:00;63.4300;63.7747;31.1700;-0.3447;32.2600
2024-12-22 03:00;62.2900;62.7480;30.4400;-0.4580;31.8500
2024-12-22 04:00;62.3900;61.6386;29.6900;0.7514;32.7000
2024-12-22 05:00;61.1500;60.7711;28.9700;0.3789;32.1800
2024-12-22 06:00;62.1800;59.8756;28.2800;2.3044;33.9000
2024-12-22 07:00;61.1500;58.8562;27.6300;2.2938;33.5200
2024-12-22 08:00;59.8100;57.8122;27.0200;1.9978;32.7900
2024-12-22 09:00;59.6000;56.7844;26.4600;2.8156;33.1400
2024-12-22 10:00;60.3200;55.5656;25.9300;4.7544;34.3900
2024-12-22 11:00;59.6000;54.0172;25.4500;5.5828;34.1500
2024-12-22 12:00;54.9900;52.0392;25.0100;2.9508;29.9800
2024-12-22 13:00;53.6700;50.4572;24.6000;3.2128;29.0700
2024-12-22 14:00;55.3300;47.7239;24.2200;7.6061;31.1100
2024-12-22 15:00;55.9800;46.3468;23.8800;9.6332;32.1000
2024-12-22 16:00;55.9800;45.1831;23.5700;10.7969;32.4100
2024-12-22 17:00;55.6100;45.3061;23.3000;10.3039;32.3100
2024-12-22 18:00;54.0400;47.2146;23.0800;6.8254;30.9600
2024-12-22 19:00;53.7600;46.8564;22.9100;6.9036;30.8500
2024-12-22 20:00;53.7600;48.1796;22.8000;5.5804;30.9600
2024-12-22 21:00;52.9200;48.4754;22.7500;4.4446;30.1700
2024-12-22 22:00;53.1100;50.6825;22.7600;2.4275;30.3500
2024-12-22 23:00;53.8500;52.7970;22.8200;1.0530;31.0300
2024-12-23 00:00;54.9600;54.6959;22.9200;0.2641;32.0400
2024-12-23 01:00;55.8900;55.6368;23.0500;0.2532;32.8400
2024-12-23 02:00;55.9800;56.3690;23.1700;-0.3890;32.8100
2024-12-23 03:00;55.9800;56.7472;23.2600;-0.7672;32.7200
2024-12-23 04:00;55.9800;56.5567;23.2900;-0.5767;32.6900
2024-12-23 05:00;55.5200;56.1014;23.2700;-0.5814;32.2500
2024-12-23 06:00;54.1300;55.5792;23.1800;-1.4492;30.9500
2024-12-23 07:00;55.1500;55.0816;23.0400;0.0684;32.1100
2024-12-23 08:00;54.2200;54.4175;22.8600;-0.1975;31.3600
2024-12-23 09:00;53.7600;54.0968;22.6500;-0.3368;31.1100
2024-12-23 10:00;53.8500;53.5069;22.4400;0.3431;31.4100
2024-12-23 11:00;51.6300;53.0324;22.2100;-1.4024;29.4200
2024-12-23 12:00;50.7000;52.0507;21.9800;-1.3507;28.7200
2024-12-23 13:00;49.7800;50.7320;21.7600;-0.9520;28.0200
2024-12-23 14:00;49.3100;48.6660;21.5300;0.6440;27.7800
2024-12-23 15:00;47.3700;46.6642;21.3200;0.7058;26.0500
2024-12-23 16:00;44.9800;44.1531;21.1000;0.8269;23.8800
2024-12-23 17:00;44.7300;42.3447;20.8900;2.3853;23.8400
2024-12-23 18:00;45.4500;41.1165;20.6900;4.3335;24.7600
2024-12-23 19:00;45.8000;41.6148;20.5000;4.1852;25.3000
2024-12-23 20:00;43.8300;42.1108;20.3100;1.7192;23.5200
2024-12-23 21:00;44.6500;43.0708;20.1300;1.5792;24.5200
2024-12-23 22:00;44.8700;43.6423;19.9500;1.2277;24.9200
2024-12-23 23:00;44.5000;44.3697;19.7900;0.1303;24.7100
2024-12-24 00:00;42.9900;44.5770;19.6300;-1.5870;23.3600
2024-12-24 01:00;44.8100;44.2359;19.4800;0.5741;25.3300
2024-12-24 02:00;43.6400;44.0728;19.3300;-0.4328;24.3100
2024-12-24 03:00;43.0700;43.9688;19.1900;-0.8988;23.8800
2024-12-24 04:00;43.4800;43.9915;19.0600;-0.5115;24.4200
2024-12-24 05:00;42.0800;44.2429;18.9300;-2.1629;23.1500
2024-12-24 06:00;41.0200;44.1028;18.8100;-3.0828;22.2100
2024-12-24 07:00;40.2800;43.8898;18.6800;-3.6098;21.6000
2024-12-24 08:00;39.7100;43.5181;18.5700;-3.8081;21.1400
2024-12-24 09:00;39.6300;43.0981;18.4500;-3.4681;21.1800
2024-12-24 10:00;41.3500;42.0078;18.3400;-0.6578;23.0100
2024-12-24 11:00;38.5600;40.5856;18.2300;-2.0256;20.3300
2024-12-24 12:00;35.7100;38.2428;18.1200;-2.5328;17.5900
2024-12-24 13:00;34.5400;36.2676;18.0100;-1.7276;16.5300
2024-12-24 14:00;34.7500;34.1412;17.9000;0.6088;16.8500
2024-12-24 15:00;35.2200;31.3440;17.8000;3.8760;17.4200
2024-12-24 16:00;34.0400;29.4540;17.7000;4.5860;16.3400
2024-12-24 17:00;35.8800;28.2410;17.5900;7.6390;18.2900
2024-12-24 18:00;35.8800;29.0206;17.5000;6.8594;18.3800
2024-12-24 19:00;35.2200;29.7864;17.4000;5.4336;17.8200
2024-12-24 20:00;34.7500;30.6128;17.3000;4.1372;17.4500
2024-12-24 21:00;34.1800;31.6726;17.2100;2.5074;16.9700
2024-12-24 22:00;34.7500;32.6324;17.1200;2.1176;17.6300
2024-12-24 23:00;35.5300;33.5709;17.0300;1.9591;18.5000
2024-12-25 00:00;35.0400;34.0382;16.9500;1.0018;18.0900
2024-12-25 01:00;34.9900;33.6998;16.8700;1.2902;18.1200
2024-12-25 02:00;34.6800;33.6916;16.7900;0.9884;17.8900
2024-12-25 03:00;34.5400;33.3752;16.7100;1.1648;17.8300
2024-12-25 04:00;33.3300;32.6120;16.6400;0.7180;16.6900
2024-12-25 05:00;33.7500;32.0367;16.5600;1.7133;17.1900
2024-12-25 06:00;33.1800;31.8413;16.4800;1.3387;16.7000
2024-12-25 07:00;32.4000;31.4296;16.4000;0.9704;16.0000
2024-12-25 08:00;31.7500;31.3332;16.3200;0.4168;15.4300
2024-12-25 09:00;31.7500;30.9235;16.2400;0.8265;15.5100
2024-12-25 10:00;32.6800;30.8110;16.1600;1.8690;16.5200
2024-12-25 11:00;32.4700;29.7370;16.0800;2.7330;16.3900
2024-12-25 12:00;28.6800;28.8211;16.0000;-0.1411;12.6800
2024-12-25 13:00;26.8300;27.6398;15.9300;-0.8098;10.9000
2024-12-25 14:00;26.6900;26.2812;15.8500;0.4088;10.8400
2024-12-25 15:00;25.3700;24.7561;15.7700;0.6139;9.6000
2024-12-25 16:00;25.0700;23.6024;15.7000;1.4676;9.3700
2024-12-25 17:00;26.8500;22.9506;15.6200;3.8994;11.2300
2024-12-25 18:00;28.8300;23.3525;15.5500;5.4775;13.2800
2024-12-25 19:00;28.9700;24.2665;15.4800;4.7035;13.4900
2024-12-25 20:00;28.4000;25.2447;15.4100;3.1553;12.9900
2024-12-25 21:00;28.3300;26.3020;15.3500;2.0280;12.9800
2024-12-25 22:00;28.5400;27.3475;15.2900;1.1925;13.2500
2024-12-25 23:00;28.3300;28.0781;15.2300;0.2519;13.1000
2024-12-26 00:00;28.1800;28.5817;15.1700;-0.4017;13.0100
2024-12-26 01:00;28.4000;28.6399;15.1200;-0.2399;13.2800
2024-12-26 02:00;29.7600;28.3060;15.0700;1.4540;14.6900
2024-12-26 03:00;29.9000;28.4355;15.0100;1.4645;14.8900
2024-12-26 04:00;29.1800;27.9088;14.9500;1.2712;14.2300
2024-12-26 05:00;28.2600;27.5970;14.9000;0.6630;13.3600
2024-12-26 06:00;28.2600;27.4407;14.8400;0.8193;13.4200
2024-12-26 07:00;27.8300;26.9963;14.7800;0.8337;13.0500
2024-12-26 08:00;28.7000;26.9202;14.7200;1.7798;13.9800
2024-12-26 09:00;29.6100;26.7529;14.6600;2.8571;14.9500
2024-12-26 10:00;28.8300;26.4015;14.6000;2.4285;14.2300
2024-12-26 11:00;27.6800;25.2719;14.5300;2.4081;13.1500
2024-12-26 12:00;26.0400;24.3067;14.4700;1.7333;11.5700
2024-12-26 13:00;24.4000;23.3832;14.4100;1.0168;9.9900
2024-12-26 14:00;24.6400;22.5330;14.3500;2.1070;10.2900
2024-12-26 15:00;23.7300;21.2880;14.2900;2.4420;9.4400
2024-12-26 16:00;22.3800;19.9960;14.2300;2.3840;8.1500
2024-12-26 17:00;23.6600;19.5564;14.1700;4.1036;9.4900
2024-12-26 18:00;25.3700;19.7354;14.1100;5.6346;11.2600
2024-12-26 19:00;25.3100;20.2330;14.0600;5.0770;11.2500
2024-12-26 20:00;25.5500;20.6252;14.0000;4.9248;11.5500
2024-12-26 21:00;26.1200;21.1468;13.9500;4.9732;12.1700
2024-12-26 22:00;25.3700;21.5981;13.8900;3.7719;11.4800
2024-12-26 23:00;25.3700;22.1569;13.8400;3.2131;11.5300
2024-12-27 00:00;25.6800;22.5891;13.7900;3.0909;11.8900
2024-12-27 01:00;26.4700;22.7439;13.7400;3.7261;12.7300
2024-12-27 02:00;26.4700;23.0161;13.7000;3.4539;12.7700
2024-12-27 03:00;26.6100;23.0986;13.6500;3.5114;12.9600
2024-12-27 04:00;26.6100;23.0693;13.6100;3.5407;13.0000
2024-12-27 05:00;26.1700;23.0449;13.5600;3.1251;12.6100
2024-12-27 06:00;25.2500;22.9906;13.5100;2.2594;11.7400
2024-12-27 07:00;25.0100;22.9773;13.4700;2.0327;11.5400
2024-12-27 08:00;25.4300;23.0700;13.4200;2.3600;12.0100
2024-12-27 09:00;25.2500;22.9491;13.3700;2.3009;11.8800
2024-12-27 10:00;25.9800;22.7272;13.3300;3.2528;12.6500
2024-12-27 11:00;25.3100;21.5088;13.2800;3.8012;12.0300
2024-12-27 12:00;23.6600;19.7663;13.2300;3.8937;10.4300
2024-12-27 13:00;21.9600;17.9392;13.1800;4.0208;8.7800
2024-12-27 14:00;21.5900;16.4995;13.1400;5.0905;8.4500
2024-12-27 15:00;20.5500;15.1377;13.0900;5.4123;7.4600
2024-12-27 16:00;20.0000;13.9131;13.0400;6.0869;6.9600
2024-12-27 17:00;22.2000;13.4834;13.0000;8.7166;9.2000
2024-12-27 18:00;23.6600;13.9732;12.9500;9.6868;10.7100
2024-12-27 19:00;24.3300;14.7100;12.9100;9.6200;11.4200
2024-12-27 20:00;25.0100;15.4204;12.8700;9.5896;12.1400
2024-12-27 21:00;25.4300;15.9163;12.8300;9.5137;12.6000
2024-12-27 22:00;25.4300;16.6120;12.7900;8.8180;12.6400
2024-12-27 23:00;25.0100;17.2413;12.7600;7.7687;12.2500
2024-12-28 00:00;25.0100;17.6823;12.7200;7.3277;12.2900
2024-12-28 01:00;25.2500;17.6934;12.6900;7.5566;12.5600
2024-12-28 02:00;25.2500;17.6259;12.6600;7.6241;12.5900
2024-12-28 03:00;25.0100;17.4407;12.6300;7.5693;12.3800
2024-12-28 04:00;25.1300;17.5674;12.6100;7.5626;12.5200
2024-12-28 05:00;25.0100;17.4212;12.5700;7.5888;12.4400
2024-12-28 06:00;25.0100;17.2557;12.5400;7.7543;12.4700
2024-12-28 07:00;25.0100;16.9681;12.5100;8.0419;12.5000
2024-12-28 08:00;25.0100;16.8625;12.4800;8.1475;12.5300
2024-12-28 09:00;25.1300;16.3852;12.4400;8.7448;12.6900
2024-12-28 10:00;24.7600;16.1626;12.4000;8.5974;12.3600
2024-12-28 11:00;24.0300;14.9473;12.3700;9.0827;11.6600
2024-12-28 12:00;21.9000;13.2805;12.3300;8.6195;9.5700
2024-12-28 13:00;20.2500;11.3223;12.2900;8.9277;7.9600
2024-12-28 14:00;20.0700;9.9023;12.2600;10.1677;7.8100
2024-12-28 15:00;18.5100;8.8117;12.2200;9.6983;6.2900
2024-12-28 16:00;17.5300;8.0067;12.1900;9.5233;5.3400
2024-12-28 17:00;18.4900;8.1220;12.1600;10.3680;6.3300
2024-12-28 18:00;19.7000;9.1022;12.1300;10.5978;7.5700
2024-12-28 19:00;21.5300;9.8174;12.1000;11.7126;9.4300
2024-12-28 20:00;21.3500;10.7736;12.0800;10.5764;9.2700
2024-12-28 21:00;22.2000;11.6419;12.0700;10.5581;10.1300
2024-12-28 22:00;22.0800;12.3467;12.0700;9.7333;10.0100
2024-12-28 23:00;21.1600;12.8027;12.0700;8.3573;9.0900
2024-12-29 00:00;21.1000;13.3420;12.0700;7.7580;9.0300
2024-12-29 01:00;21.5300;13.6260;12.0700;7.9040;9.4600
2024-12-29 02:00;22.2000;13.9511;12.0700;8.2489;10.1300
2024-12-29 03:00;23.2400;14.1070;12.0700;9.1330;11.1700
2024-12-29 04:00;23.3000;14.2187;12.0700;9.0813;11.2300
2024-12-29 05:00;22.5100;14.2966;12.0600;8.2134;10.4500
2024-12-29 06:00;22.0800;14.4794;12.0500;7.6006;10.0300
2024-12-29 07:00;22.0800;14.6302;12.0300;7.4498;10.0500
2024-12-29 08:00;22.0200;14.6813;12.0000;7.3387;10.0200
2024-12-29 09:00;22.0800;14.5909;11.9800;7.4891;10.1000
2024-12-29 10:00;22.9300;14.1939;11.9500;8.7361;10.9800
2024-12-29 11:00;22.2600;13.1966;11.9200;9.0634;10.3400
2024-12-29 12:00;20.2500;11.4493;11.8800;8.8007;8.3700
2024-12-29 13:00;18.1400;9.4642;11.8500;8.6758;6.2900
2024-12-29 14:00;17.5800;7.9452;11.8200;9.6348;5.7600
2024-12-29 15:00;16.5100;7.1390;11.7800;9.3710;4.7300
2024-12-29 16:00;15.2900;6.4489;11.7500;8.8411;3.5400
2024-12-29 17:00;16.7100;6.7082;11.7200;10.0018;4.9900
2024-12-29 18:00;18.0800;7.4115;11.6900;10.6685;6.3900
2024-12-29 19:00;19.0500;8.3265;11.6700;10.7235;7.3800
2024-12-29 20:00;19.7800;8.9644;11.6500;10.8156;8.1300
2024-12-29 21:00;20.0000;9.7237;11.6300;10.2763;8.3700
2024-12-29 22:00;20.4300;10.4179;11.6300;10.0121;8.8000
2024-12-29 23:00;20.6100;11.0498;11.6200;9.5602;8.9900
2024-12-30 00:00;20.4300;11.4536;11.6200;8.9764;8.8100
2024-12-30 01:00;20.3100;11.7936;11.6200;8.5164;8.6900
2024-12-30 02:00;20.4900;11.9588;11.6200;8.5312;8.8700
2024-12-30 03:00;21.5300;12.1374;11.6100;9.3926;9.9200
2024-12-30 04:00;22.0800;12.1248;11.6000;9.9552;10.4800
2024-12-30 05:00;22.0800;12.2278;11.5800;9.8522;10.5000
2024-12-30 06:00;21.7700;12.3174;11.5600;9.4526;10.2100
2024-12-30 07:00;20.8600;12.4712;11.5400;8.3888;9.3200
2024-12-30 08:00;20.6100;12.5292;11.5100;8.0808;9.1000
2024-12-30 09:00;21.5300;12.4787;11.4800;9.0513;10.0500
2024-12-30 10:00;22.0800;12.2619;11.4500;9.8181;10.6300
2024-12-30 11:00;21.4100;11.1365;11.4100;10.2735;10.0000
2024-12-30 12:00;18.8600;9.3427;11.3800;9.5173;7.4800
2024-12-30 13:00;17.1700;7.8511;11.3400;9.3189;5.8300
2024-12-30 14:00;16.5100;6.8788;11.3100;9.6312;5.2000
2024-12-30 15:00;15.6500;6.3934;11.2700;9.2566;4.3800
2024-12-30 16:00;14.4800;5.9440;11.2400;8.5360;3.2400
2024-12-30 17:00;15.3400;6.2739;11.2100;9.0661;4.1300
2024-12-30 18:00;17.1200;7.0549;11.1800;10.0651;5.9400
2024-12-30 19:00;17.6800;7.9625;11.1500;9.7175;6.5300
2024-12-30 20:00;18.8500;8.6914;11.1300;10.1586;7.7200
2024-12-30 21:00;18.2400;9.4179;11.1100;8.8221;7.1300
2024-12-30 22:00;18.7900;9.9691;11.1000;8.8209;7.6900
2024-12-30 23:00;18.7900;10.5154;11.0900;8.2746;7.7000
2024-12-31 00:00;19.0000;10.9972;11.0800;8.0028;7.9200
2024-12-31 01:00;19.1500;11.3365;11.0700;7.8135;8.0800
2024-12-31 02:00;19.2700;11.6264;11.0600;7.6436;8.2100
2024-12-31 03:00;20.1900;11.8314;11.0600;8.3586;9.1300
2024-12-31 04:00;20.7400;12.0033;11.0400;8.7367;9.7000
2024-12-31 05:00;20.0700;12.1164;11.0300;7.9536;9.0400
2024-12-31 06:00;19.3900;12.2673;11.0100;7.1227;8.3800
2024-12-31 07:00;19.5200;12.1648;10.9900;7.3552;8.5300
2024-12-31 08:00;19.1500;12.1351;10.9600;7.0149;8.1900
2024-12-31 09:00;19.2100;11.9633;10.9300;7.2467;8.2800
2024-12-31 10:00;20.1300;11.6723;10.9000;8.4577;9.2300
2024-12-31 11:00;19.4600;10.7370;10.8700;8.7230;8.5900
2024-12-31 12:00;17.6300;9.1444;10.8400;8.4856;6.7900
2024-12-31 13:00;16.4100;7.7320;10.8100;8.6780;5.6000
2024-12-31 14:00;15.8500;6.8769;10.7700;8.9731;5.0800
2024-12-31 15:00;15.2900;6.5461;10.7400;8.7439;4.5500
2024-12-31 16:00;14.6800;6.2699;10.7100;8.4101;3.9700
2024-12-31 17:00;14.6300;6.5160;10.6700;8.1140;3.9600
2024-12-31 18:00;16.5100;7.0195;10.6400;9.4905;5.8700
2024-12-31 19:00;17.4800;7.7062;10.6100;9.7738;6.8700
2024-12-31 20:00;17.9300;8.6182;10.5900;9.3118;7.3400
2024-12-31 21:00;18.0800;9.4398;10.5600;8.6402;7.5200
2024-12-31 22:00;18.4900;9.9486;10.5400;8.5414;7.9500
2024-12-31 23:00;18.4400;10.4729;10.5200;7.9671;7.9200
2025-01-01 00:00;18.2400;10.6409;10.5000;7.5991;7.7400
2025-01-01 01:00;18.1400;10.8604;10.4800;7.2796;7.6600
2025-01-01 02:00;19.3600;11.0352;10.4700;8.3248;8.8900
2025-01-01 03:00;18.8500;11.1979;10.4500;7.6521;8.4000
2025-01-01 04:00;18.8500;11.2259;10.4300;7.6241;8.4200
2025-01-01 05:00;18.6400;11.3266;10.4100;7.3134;8.2300
2025-01-01 06:00;19.0700;11.4230;10.3900;7.6470;8.6800
2025-01-01 07:00;18.5900;11.4357;10.3700;7.1543;8.2200
2025-01-01 08:00;18.0300;11.2668;10.3400;6.7632;7.6900
2025-01-01 09:00;18.7900;11.3144;10.3200;7.4756;8.4700
2025-01-01 10:00;20.0000;10.8101;10.2900;9.1899;9.7100
2025-01-01 11:00;19.1000;9.4237;10.2600;9.6763;8.8400
2025-01-01 12:00;16.9700;7.7913;10.2300;9.1787;6.7400
2025-01-01 13:00;15.8500;6.6644;10.2000;9.1856;5.6500
2025-01-01 14:00;15.6000;6.0136;10.1700;9.5864;5.4300
2025-01-01 15:00;15.3900;5.5413;10.1400;9.8487;5.2500
2025-01-01 16:00;15.0400;5.1797;10.1100;9.8603;4.9300
2025-01-01 17:00;15.0400;5.2553;10.0800;9.7847;4.9600
2025-01-01 18:00;15.5000;5.6128;10.0600;9.8872;5.4400
2025-01-01 19:00;16.2600;6.2134;10.0300;10.0466;6.2300
2025-01-01 20:00;16.5100;6.6991;10.0100;9.8109;6.5000
2025-01-01 21:00;16.5100;7.2609;9.9800;9.2491;6.5300
2025-01-01 22:00;16.7100;7.5470;9.9600;9.1630;6.7500
2025-01-01 23:00;16.7100;7.8615;9.9400;8.8485;6.7700
2025-01-02 00:00;16.8200;8.1544;9.9300;8.6656;6.8900
2025-01-02 01:00;16.8200;8.2507;9.9100;8.5693;6.9100
2025-01-02 02:00;16.8200;8.2242;9.8900;8.5958;6.9300
2025-01-02 03:00;16.7100;8.2547;9.8800;8.4553;6.8300
2025-01-02 04:00;16.8700;7.9674;9.8600;8.9026;7.0100
2025-01-02 05:00;17.0700;7.7589;9.8500;9.3111;7.2200
2025-01-02 06:00;16.7100;7.0916;9.8300;9.6184;6.8800
2025-01-02 07:00;16.7100;6.4040;9.8100;10.3060;6.9000
2025-01-02 08:00;17.5800;6.2141;9.7900;11.3659;7.7900
2025-01-02 09:00;17.6800;6.0645;9.7700;11.6155;7.9100
2025-01-02 10:00;18.9000;5.9492;9.7500;12.9508;9.1500
2025-01-02 11:00;17.9300;5.4147;9.7300;12.5153;8.2000
2025-01-02 12:00;16.4100;5.1023;9.7100;11.3077;6.7000
2025-01-02 13:00;16.5100;4.6166;9.6900;11.8934;6.8200
2025-01-02 14:00;15.6000;4.4046;9.6700;11.1954;5.9300
2025-01-02 15:00;15.5500;4.3121;9.6500;11.2379;5.9000
2025-01-02 16:00;15.8500;4.5785;9.6200;11.2715;6.2300
2025-01-02 17:00;16.4600;5.1422;9.6000;11.3178;6.8600
2025-01-02 18:00;16.7100;5.8399;9.5800;10.8701;7.1300
2025-01-02 19:00;17.2200;6.6095;9.5600;10.6105;7.6600
2025-01-02 20:00;17.0200;7.5186;9.5400;9.5014;7.4800
2025-01-02 21:00;17.0200;8.6614;9.5300;8.3586;7.4900
2025-01-02 22:00;16.7100;9.8175;9.5200;6.8925;7.1900
2025-01-02 23:00;16.7100;11.7287;9.5400;4.9813;7.1700
2025-01-03 00:00;17.7300;12.7517;9.5800;4.9783;8.1500
2025-01-03 01:00;16.7100;13.3241;9.6800;3.3859;7.0300
2025-01-03 02:00;16.7100;14.5640;9.8600;2.1460;6.8500
2025-01-03 03:00;17.5800;16.1341;10.1400;1.4459;7.4400
2025-01-03 04:00;18.4900;16.8451;10.5400;1.6449;7.9500
2025-01-03 05:00;19.1500;17.8959;11.0800;1.2541;8.0700
2025-01-03 06:00;19.1500;19.4901;11.7600;-0.3401;7.3900
2025-01-03 07:00;19.1500;21.7048;12.5600;-2.5548;6.5900
2025-01-03 08:00;19.1500;23.7863;13.4300;-4.6363;5.7200
2025-01-03 09:00;20.1900;25.5017;14.3200;-5.3117;5.8700
2025-01-03 10:00;20.6800;27.8998;15.1900;-7.2198;5.4900
2025-01-03 11:00;22.6300;29.8338;16.0200;-7.2038;6.6100
2025-01-03 12:00;23.5400;32.2670;16.8000;-8.7270;6.7400
2025-01-03 13:00;23.9100;34.1710;17.5500;-10.2610;6.3600
2025-01-03 14:00;24.8200;36.3232;18.2700;-11.5032;6.5500
2025-01-03 15:00;23.7200;37.4566;18.9900;-13.7366;4.7300
2025-01-03 16:00;23.4200;38.8569;19.7000;-15.4369;3.7200
2025-01-03 17:00;24.9500;39.4529;20.4200;-14.5029;4.5300
2025-01-03 18:00;26.7900;40.1709;21.1600;-13.3809;5.6300
2025-01-03 19:00;30.6800;40.3070;21.8900;-9.6270;8.7900
2025-01-03 20:00;33.3300;40.6986;22.5300;-7.3686;10.8000
2025-01-03 21:00;33.4000;40.7829;23.0200;-7.3829;10.3800
2025-01-03 22:00;34.9000;40.8045;23.3100;-5.9045;11.5900
2025-01-03 23:00;35.0400;41.0653;23.3900;-6.0253;11.6500
2025-01-04 00:00;36.1000;41.3604;23.2700;-5.2604;12.8300
2025-01-04 01:00;36.4300;41.6997;22.9900;-5.2697;13.4400
2025-01-04 02:00;35.2000;41.7964;22.6200;-6.5964;12.5800
2025-01-04 03:00;34.6100;41.3932;22.1700;-6.7832;12.4400
2025-01-04 04:00;33.2500;41.1739;21.7000;-7.9239;11.5500
2025-01-04 05:00;33.1100;40.9676;21.2300;-7.8576;11.8800
2025-01-04 06:00;32.0400;40.7818;20.7700;-8.7418;11.2700
2025-01-04 07:00;31.7500;40.4708;20.3400;-8.7208;11.4100
2025-01-04 08:00;31.6100;39.8360;19.9300;-8.2260;11.6800
2025-01-04 09:00;31.6100;39.1662;19.5500;-7.5562;12.0600
2025-01-04 10:00;30.6800;38.5661;19.2000;-7.8861;11.4800
2025-01-04 11:00;30.0400;37.2809;18.8800;-7.2409;11.1600
2025-01-04 12:00;29.9000;35.7760;18.5800;-5.8760;11.3200
2025-01-04 13:00;29.2600;33.6912;18.3000;-4.4312;10.9600
2025-01-04 14:00;28.1800;31.6266;18.0500;-3.4466;10.1300
2025-01-04 15:00;28.1800;29.6700;17.8200;-1.4900;10.3600
2025-01-04 16:00;28.1800;27.5889;17.6000;0.5911;10.5800
2025-01-04 17:00;27.9000;26.2714;17.4000;1.6286;10.5000
2025-01-04 18:00;26.5400;25.2200;17.2100;1.3200;9.3300
2025-01-04 19:00;26.4700;25.0197;17.0300;1.4503;9.4400
2025-01-04 20:00;26.4700;25.1133;16.8700;1.3567;9.6000
2025-01-04 21:00;26.3500;25.2429;16.7100;1.1071;9.6400
2025-01-04 22:00;25.3100;25.5923;16.5500;-0.2823;8.7600
2025-01-04 23:00;25.0100;25.9310;16.4100;-0.9210;8.6000
2025-01-05 00:00;25.0100;26.0901;16.2700;-1.0801;8.7400
2025-01-05 01:00;25.3100;26.1645;16.1400;-0.8545;9.1700
2025-01-05 02:00;26.4700;26.1114;16.0100;0.3586;10.4600
2025-01-05 03:00;26.4700;25.5234;15.8800;0.9466;10.5900
2025-01-05 04:00;26.4700;24.4921;15.7700;1.9779;10.7000
2025-01-05 05:00;26.1700;23.0932;15.6500;3.0768;10.5200
2025-01-05 06:00;25.0100;21.7309;15.5400;3.2791;9.4700
2025-01-05 07:00;25.0100;20.9358;15.4300;4.0742;9.5800
2025-01-05 08:00;25.0100;19.5749;15.3200;5.4351;9.6900
2025-01-05 09:00;25.0100;19.0679;15.2200;5.9421;9.7900
2025-01-05 10:00;25.0100;18.0351;15.1200;6.9749;9.8900
2025-01-05 11:00;25.0100;17.7039;15.0200;7.3061;9.9900
2025-01-05 12:00;25.0100;17.4856;14.9300;7.5244;10.0800
2025-01-05 13:00;24.3300;17.6080;14.8400;6.7220;9.4900
2025-01-05 14:00;23.5400;17.3326;14.7400;6.2074;8.8000
2025-01-05 15:00;23.5400;17.3919;14.6500;6.1481;8.8900
2025-01-05 16:00;23.4800;17.2606;14.5700;6.2194;8.9100
2025-01-05 17:00;22.5700;17.2783;14.4800;5.2917;8.0900
2025-01-05 18:00;22.4400;17.4272;14.4000;5.0128;8.0400
2025-01-05 19:00;22.0800;17.1926;14.3300;4.8874;7.7500
2025-01-05 20:00;22.0800;17.3481;14.2700;4.7319;7.8100
2025-01-05 21:00;22.0800;17.3608;14.2200;4.7192;7.8600
2025-01-05 22:00;22.3200;17.4099;14.1900;4.9101;8.1300
2025-01-05 23:00;22.0800;17.4380;14.1700;4.6420;7.9100
2025-01-06 00:00;22.0800;17.4993;14.1800;4.5807;7.9000
2025-01-06 01:00;22.8700;17.4777;14.2000;5.3923;8.6700
2025-01-06 02:00;23.8500;17.1973;14.2300;6.6527;9.6200
2025-01-06 03:00;25.0100;16.6197;14.2500;8.3903;10.7600
2025-01-06 04:00;25.0100;16.0187;14.2500;8.9913;10.7600
2025-01-06 05:00;25.0100;15.4972;14.2500;9.5128;10.7600
2025-01-06 06:00;25.0100;14.9566;14.2300;10.0534;10.7800
2025-01-06 07:00;25.0100;14.5783;14.2000;10.4317;10.8100
2025-01-06 08:00;25.0100;14.3244;14.1700;10.6856;10.8400
2025-01-06 09:00;25.0100;14.0089;14.1300;11.0011;10.8800
2025-01-06 10:00;25.0100;13.6010;14.0900;11.4090;10.9200
2025-01-06 11:00;25.0100;12.7535;14.0500;12.2565;10.9600
2025-01-06 12:00;25.0100;12.1958;14.0000;12.8142;11.0100
2025-01-06 13:00;25.1300;11.4988;13.9400;13.6312;11.1900
2025-01-06 14:00;25.0100;11.0163;13.8800;13.9937;11.1300
2025-01-06 15:00;25.0100;10.3994;13.8100;14.6106;11.2000
2025-01-06 16:00;25.0100;10.1027;13.7400;14.9073;11.2700
2025-01-06 17:00;25.0100;10.0081;13.6600;15.0019;11.3500
2025-01-06 18:00;24.8800;10.0362;13.5800;14.8438;11.3000
2025-01-06 19:00;24.7600;9.8476;13.5000;14.9124;11.2600
2025-01-06 20:00;24.8800;9.7387;13.4200;15.1413;11.4600
2025-01-06 21:00;25.0100;9.6441;13.3500;15.3659;11.6600
2025-01-06 22:00;25.0100;9.4890;13.2700;15.5210;11.7400
2025-01-06 23:00;23.9700;9.6304;13.2000;14.3396;10.7700
2025-01-07 00:00;23.5400;9.5797;13.1200;13.9603;10.4200
2025-01-07 01:00;23.5400;9.4843;13.0500;14.0557;10.4900
2025-01-07 02:00;23.5400;9.4119;12.9900;14.1281;10.5500
2025-01-07 03:00;23.5400;9.4251;12.9200;14.1149;10.6200
2025-01-07 04:00;23.5400;9.1321;12.8600;14.4079;10.6800
2025-01-07 05:00;23.6600;8.7838;12.7900;14.8762;10.8700
2025-01-07 06:00;24.7000;8.5858;12.7300;16.1142;11.9700
2025-01-07 07:00;25.0100;8.4524;12.6700;16.5576;12.3400
2025-01-07 08:00;25.0100;8.8770;12.6100;16.1330;12.4000
2025-01-07 09:00;25.0100;10.5001;12.5500;14.5099;12.4600
2025-01-07 10:00;25.0100;12.8558;12.5000;12.1542;12.5100
2025-01-07 11:00;24.8200;15.9766;12.4400;8.8434;12.3800
2025-01-07 12:00;23.5400;19.3131;12.4000;4.2269;11.1400
2025-01-07 13:00;24.5800;23.8557;12.3800;0.7243;12.2000
2025-01-07 14:00;24.8200;26.4028;12.4800;-1.5828;12.3400
2025-01-07 15:00;23.9100;31.1607;12.8800;-7.2507;11.0300
2025-01-07 16:00;24.2100;35.7229;14.0100;-11.5129;10.2000
2025-01-07 17:00;25.0100;43.4324;16.5300;-18.4224;8.4800
2025-01-07 18:00;25.5500;50.7006;20.9600;-25.1506;4.5900
2025-01-07 19:00;26.6800;59.6716;27.1500;-32.9916;-0.4700
2025-01-07 20:00;40.2800;65.1604;34.0400;-24.8804;6.2400
2025-01-07 21:00;66.7400;69.9168;40.0600;-3.1768;26.6800
2025-01-07 22:00;75.0200;71.3995;44.1600;3.6205;30.8600
2025-01-07 23:00;78.5600;70.1773;46.1200;8.3827;32.4400
2025-01-08 00:00;75.3600;65.8825;46.3300;9.4775;29.0300
2025-01-08 01:00;71.8200;62.5462;45.3800;9.2738;26.4400
2025-01-08 02:00;67.8700;59.2362;43.7800;8.6338;24.0900
2025-01-08 03:00;64.5600;56.1604;41.8800;8.3996;22.6800
2025-01-08 04:00;61.1500;53.1579;39.8900;7.9921;21.2600
2025-01-08 05:00;58.3600;50.4597;37.9300;7.9003;20.4300
2025-01-08 06:00;55.7000;48.1796;36.0700;7.5204;19.6300
2025-01-08 07:00;53.7600;46.2295;34.3300;7.5305;19.4300
2025-01-08 08:00;52.7400;44.4504;32.7300;8.2896;20.0100
2025-01-08 09:00;51.5400;42.8867;31.2800;8.6533;20.2600
2025-01-08 10:00;49.5900;41.0749;29.9600;8.5151;19.6300
2025-01-08 11:00;49.3100;39.5026;28.7800;9.8074;20.5300
2025-01-08 12:00;49.3100;38.1584;27.7300;11.1516;21.5800
2025-01-08 13:00;47.4600;36.9638;26.8100;10.4962;20.6500
2025-01-08 14:00;46.0700;36.0371;26.0200;10.0329;20.0500
2025-01-08 15:00;46.1700;34.8379;25.3600;11.3321;20.8100
2025-01-08 16:00;44.9600;34.7080;24.8400;10.2520;20.1200
2025-01-08 17:00;44.9600;33.9543;24.4300;11.0057;20.5300
2025-01-08 18:00;49.3100;33.8146;24.1000;15.4954;25.2100
2025-01-08 19:00;51.5400;32.7580;23.8300;18.7820;27.7100
2025-01-08 20:00;51.5400;32.2288;23.5800;19.3112;27.9600
2025-01-08 21:00;51.5400;31.4774;23.3200;20.0626;28.2200
2025-01-08 22:00;51.5400;30.7311;23.0600;20.8089;28.4800
2025-01-08 23:00;51.5400;30.4344;22.7800;21.1056;28.7600
2025-01-09 00:00;49.9600;29.8822;22.5000;20.0778;27.4600
2025-01-09 01:00;49.6800;29.7741;22.2300;19.9059;27.4500
2025-01-09 02:00;49.3100;30.3736;21.9900;18.9364;27.3200
2025-01-09 03:00;49.3100;31.3015;21.8200;18.0085;27.4900
2025-01-09 04:00;49.3100;32.9265;21.7900;16.3835;27.5200
2025-01-09 05:00;49.3100;34.2110;22.0800;15.0990;27.2300
2025-01-09 06:00;49.1300;36.0770;22.9300;13.0530;26.2000
2025-01-09 07:00;49.5000;37.5452;24.6000;11.9548;24.9000
2025-01-09 08:00;49.4100;40.1642;27.2500;9.2458;22.1600
2025-01-09 09:00;50.2400;41.5077;30.8200;8.7323;19.4200
2025-01-09 10:00;53.2000;44.9722;34.9800;8.2278;18.2200
2025-01-09 11:00;60.3200;48.8123;39.2700;11.5077;21.0500
2025-01-09 12:00;68.0300;55.2005;43.3100;12.8295;24.7200
2025-01-09 13:00;72.3900;63.7687;47.2000;8.6213;25.1900
2025-01-09 14:00;76.5000;73.6435;51.6200;2.8565;24.8800
2025-01-09 15:00;81.3000;87.0647;57.7600;-5.7647;23.5400
2025-01-09 16:00;97.2900;101.7041;66.6600;-4.4141;30.6300
2025-01-09 17:00;124.1900;116.8661;78.0300;7.3239;46.1600
2025-01-09 18:00;164.7700;124.3572;89.7600;40.4128;75.0100
2025-01-09 19:00;182.2100;128.9410;99.0400;53.2690;83.1700
2025-01-09 20:00;179.6700;130.9067;104.0400;48.7633;75.6300
2025-01-09 21:00;170.7000;126.8207;104.5400;43.8793;66.1600
2025-01-09 22:00;159.5600;120.6308;101.5200;38.9292;58.0400
2025-01-09 23:00;150.6100;111.6947;96.4300;38.9153;54.1800
2025-01-10 00:00;142.1200;104.5110;90.3500;37.6090;51.7700
2025-01-10 01:00;134.1800;98.7031;84.0600;35.4769;50.1200
2025-01-10 02:00;126.4500;93.3109;77.9800;33.1391;48.4700
2025-01-10 03:00;120.8500;89.0366;72.3100;31.8134;48.5400
2025-01-10 04:00;116.1300;84.4200;67.1100;31.7100;49.0200
2025-01-10 05:00;109.2600;81.1678;62.4100;28.0922;46.8500
2025-01-10 06:00;105.5700;77.7160;58.2200;27.8540;47.3500
2025-01-10 07:00;102.7100;75.0927;54.5200;27.6173;48.1900
2025-01-10 08:00;97.5600;72.3732;51.2700;25.1868;46.2900
2025-01-10 09:00;92.3600;69.6785;48.4400;22.6815;43.9200
2025-01-10 10:00;95.9900;67.8544;45.9800;28.1356;50.0100
2025-01-10 11:00;92.6100;65.2132;43.8300;27.3968;48.7800
2025-01-10 12:00;89.2300;63.1207;41.9500;26.1093;47.2800
2025-01-10 13:00;84.6000;61.1688;40.3100;23.4312;44.2900
2025-01-10 14:00;82.8500;59.2516;38.8500;23.5984;44.0000
2025-01-10 15:00;80.9600;57.9118;37.5600;23.0482;43.4000
2025-01-10 16:00;82.1000;56.2842;36.4000;25.8158;45.7000
2025-01-10 17:00;82.1000;55.4196;35.3600;26.6804;46.7400
2025-01-10 18:00;81.0700;54.7682;34.4100;26.3018;46.6600
2025-01-10 19:00;79.3600;54.5048;33.5500;24.8552;45.8100
2025-01-10 20:00;78.1000;54.3496;32.7600;23.7504;45.3400
2025-01-10 21:00;76.6200;54.1945;32.0300;22.4255;44.5900
2025-01-10 22:00;74.2200;54.0948;31.3600;20.1252;42.8600
2025-01-10 23:00;73.1900;53.4341;30.7300;19.7559;42.4600
2025-01-11 00:00;71.9300;53.0425;30.1500;18.8875;41.7800
2025-01-11 01:00;71.1300;52.1343;29.6000;18.9957;41.5300
2025-01-11 02:00;69.6500;51.5140;29.0800;18.1360;40.5700
2025-01-11 03:00;69.3000;50.5936;28.6000;18.7064;40.7000
2025-01-11 04:00;67.9800;49.8453;28.1400;18.1347;39.8400
2025-01-11 05:00;66.0100;49.3528;27.7000;16.6572;38.3100
2025-01-11 06:00;65.9100;48.5584;27.2900;17.3516;38.6200
2025-01-11 07:00;64.9800;47.9625;26.8900;17.0175;38.0900
2025-01-11 08:00;63.4300;47.2401;26.5200;16.1899;36.9100
2025-01-11 09:00;63.4300;46.5539;26.1600;16.8761;37.2700
2025-01-11 10:00;63.3200;45.9918;25.8100;17.3282;37.5100
2025-01-11 11:00;60.9400;44.8145;25.4800;16.1255;35.4600
2025-01-11 12:00;58.5700;43.4028;25.1600;15.1672;33.4100
2025-01-11 13:00;58.4600;41.4558;24.8500;17.0042;33.6100
2025-01-11 14:00;58.4600;39.6118;24.5500;18.8482;33.9100
2025-01-11 15:00;56.2600;37.3317;24.2600;18.9283;32.0000
2025-01-11 16:00;52.1800;35.6148;23.9800;16.5652;28.2000
2025-01-11 17:00;51.7200;34.1496;23.7100;17.5704;28.0100
2025-01-11 18:00;51.9100;33.5207;23.4400;18.3893;28.4700
2025-01-11 19:00;51.5400;33.6287;23.1800;17.9113;28.3600
2025-01-11 20:00;51.5400;34.1287;22.9300;17.4113;28.6100
2025-01-11 21:00;51.5400;34.9691;22.6900;16.5709;28.8500
2025-01-11 22:00;50.6100;35.7966;22.4500;14.8134;28.1600
2025-01-11 23:00;50.6100;36.7439;22.2200;13.8661;28.3900
2025-01-12 00:00;49.5900;37.0078;21.9900;12.5822;27.6000
2025-01-12 01:00;49.5000;37.4679;21.7700;12.0321;27.7300
2025-01-12 02:00;49.0400;37.5451;21.5600;11.4949;27.4800
2025-01-12 03:00;46.2600;37.3473;21.3500;8.9127;24.9100
2025-01-12 04:00;44.3000;37.1657;21.1500;7.1343;23.1500
2025-01-12 05:00;43.0700;36.7831;20.9600;6.2869;22.1100
2025-01-12 06:00;42.8200;36.4175;20.7600;6.4025;22.0600
2025-01-12 07:00;41.5900;35.9602;20.5800;5.6298;21.0100
2025-01-12 08:00;40.7700;35.6488;20.4000;5.1212;20.3700
2025-01-12 09:00;40.7700;35.2547;20.2200;5.5153;20.5500
2025-01-12 10:00;41.7600;34.4798;20.0500;7.2802;21.7100
2025-01-12 11:00;40.5300;33.0645;19.8800;7.4655;20.6500
2025-01-12 12:00;37.5800;31.2591;19.7100;6.3209;17.8700
2025-01-12 13:00;35.7800;29.4183;19.5500;6.3617;16.2300
2025-01-12 14:00;35.0400;27.4800;19.3900;7.5600;15.6500
2025-01-12 15:00;34.7500;25.4638;19.2300;9.2862;15.5200
2025-01-12 16:00;34.4700;23.6188;19.0800;10.8512;15.3900
2025-01-12 17:00;35.3100;22.2359;18.9300;13.0741;16.3800
2025-01-12 18:00;37.0100;21.5065;18.7800;15.5035;18.2300
2025-01-12 19:00;37.0100;21.3604;18.6300;15.6496;18.3800
2025-01-12 20:00;36.1900;21.6331;18.4900;14.5569;17.7000
2025-01-12 21:00;36.3500;22.0220;18.3400;14.3280;18.0100
2025-01-12 22:00;35.7800;22.4766;18.2000;13.3034;17.5800
2025-01-12 23:00;35.5300;22.8311;18.0700;12.6989;17.4600
2025-01-13 00:00;35.3700;23.0888;17.9300;12.2812;17.4400
2025-01-13 01:00;35.0400;23.0387;17.8000;12.0013;17.2400
2025-01-13 02:00;35.2900;22.8552;17.6700;12.4348;17.6200
2025-01-13 03:00;36.2700;22.6002;17.5400;13.6698;18.7300
2025-01-13 04:00;35.2200;22.4246;17.4100;12.7954;17.8100
2025-01-13 05:00;34.1800;22.3669;17.2900;11.8131;16.8900
2025-01-13 06:00;34.1800;22.3165;17.1700;11.8635;17.0100
2025-01-13 07:00;33.8300;22.3069;17.0500;11.5231;16.7800
2025-01-13 08:00;33.3300;22.3068;16.9400;11.0232;16.3900
2025-01-13 09:00;34.7000;22.1085;16.8200;12.5915;17.8800
2025-01-13 10:00;34.6800;21.8932;16.7100;12.7868;17.9700
2025-01-13 11:00;32.2500;21.3694;16.6000;10.8806;15.6500
2025-01-13 12:00;30.9700;20.6894;16.4900;10.2806;14.4800
2025-01-13 13:00;30.1100;19.8718;16.3900;10.2382;13.7200
2025-01-13 14:00;29.9000;18.9272;16.2800;10.9728;13.6200
2025-01-13 15:00;31.4700;17.9637;16.1800;13.5063;15.2900
2025-01-13 16:00;31.6100;16.9167;16.0800;14.6933;15.5300
2025-01-13 17:00;31.3300;16.2422;15.9800;15.0878;15.3500
2025-01-13 18:00;31.6100;15.6865;15.8800;15.9235;15.7300
2025-01-13 19:00;31.4700;15.4391;15.7800;16.0309;15.6900
2025-01-13 20:00;31.1100;15.4407;15.6900;15.6693;15.4200
2025-01-13 21:00;29.9000;15.4033;15.5900;14.4967;14.3100
2025-01-13 22:00;29.9000;15.5807;15.5000;14.3193;14.4000
2025-01-13 23:00;29.9000;15.6514;15.4100;14.2486;14.4900
2025-01-14 00:00;28.5400;15.7925;15.3100;12.7475;13.2300
2025-01-14 01:00;28.4700;15.8710;15.2300;12.5990;13.2400
2025-01-14 02:00;28.3300;16.0232;15.1400;12.3068;13.1900
2025-01-14 03:00;28.1800;16.2759;15.0500;11.9041;13.1300
2025-01-14 04:00;28.1800;16.4903;14.9700;11.6897;13.2100
2025-01-14 05:00;28.1800;16.8897;14.8800;11.2903;13.3000
2025-01-14 06:00;28.1800;17.3148;14.8000;10.8652;13.3800
2025-01-14 07:00;28.2600;17.7849;14.7200;10.4751;13.5400
2025-01-14 08:00;28.4000;18.1278;14.6400;10.2722;13.7600
2025-01-14 09:00;28.1800;18.3845;14.5600;9.7955;13.6200
2025-01-14 10:00;27.4000;18.5350;14.4800;8.8650;12.9200
2025-01-14 11:00;26.6100;18.3027;14.4000;8.3073;12.2100
2025-01-14 12:00;25.9200;17.9087;14.3300;8.0113;11.5900
2025-01-14 13:00;25.4900;17.2881;14.2500;8.2019;11.2400
2025-01-14 14:00;24.3400;16.3941;14.1800;7.9459;10.1600
2025-01-14 15:00;24.0300;15.3765;14.1100;8.6535;9.9200
2025-01-14 16:00;23.5400;14.3466;14.0300;9.1934;9.5100
2025-01-14 17:00;23.7300;13.5870;13.9600;10.1430;9.7700
2025-01-14 18:00;25.5500;13.0844;13.8900;12.4656;11.6600
2025-01-14 19:00;26.4700;13.1367;13.8200;13.3333;12.6500
2025-01-14 20:00;25.8000;13.5459;13.7600;12.2541;12.0400
2025-01-14 21:00;24.7000;14.1794;13.6900;10.5206;11.0100
2025-01-14 22:00;24.7000;14.9523;13.6200;9.7477;11.0800
2025-01-14 23:00;24.2100;15.7503;13.5500;8.4597;10.6600
2025-01-15 00:00;23.5400;16.5062;13.4900;7.0338;10.0500
2025-01-15 01:00;24.0900;17.0142;13.4200;7.0758;10.6700
2025-01-15 02:00;25.0100;17.2146;13.3600;7.7954;11.6500
2025-01-15 03:00;24.8800;17.3203;13.3000;7.5597;11.5800
2025-01-15 04:00;24.4600;17.1290;13.2400;7.3310;11.2200
2025-01-15 05:00;23.5400;17.0333;13.1700;6.5067;10.3700
2025-01-15 06:00;23.4200;16.8667;13.1100;6.5533;10.3100
2025-01-15 07:00;23.2400;16.8690;13.0500;6.3710;10.1900
2025-01-15 08:00;23.3600;16.5596;12.9900;6.8004;10.3700
2025-01-15 09:00;22.9900;16.3994;12.9400;6.5906;10.0500
2025-01-15 10:00;23.3000;15.8110;12.8800;7.4890;10.4200
2025-01-15 11:00;22.0800;14.7467;12.8200;7.3333;9.2600
2025-01-15 12:00;21.8300;13.2057;12.7600;8.6243;9.0700
2025-01-15 13:00;19.9700;11.6342;12.7100;8.3358;7.2600
2025-01-15 14:00;17.8800;9.6520;12.6500;8.2280;5.2300
2025-01-15 15:00;19.2100;8.1105;12.5900;11.0995;6.6200
2025-01-15 16:00;20.3100;6.8907;12.5400;13.4193;7.7700
2025-01-15 17:00;19.7000;6.1251;12.4800;13.5749;7.2200
2025-01-15 18:00;19.8800;5.7179;12.4300;14.1621;7.4500
2025-01-15 19:00;20.4900;5.9951;12.3800;14.4949;8.1100
2025-01-15 20:00;20.7400;6.2432;12.3200;14.4968;8.4200
2025-01-15 21:00;21.7700;6.5649;12.2700;15.2051;9.5000
2025-01-15 22:00;21.8900;6.9315;12.2200;14.9585;9.6700
2025-01-15 23:00;21.4100;7.2364;12.1600;14.1736;9.2500
2025-01-16 00:00;21.6500;7.4517;12.1100;14.1983;9.5400
2025-01-16 01:00;20.8600;7.4141;12.0600;13.4459;8.8000
2025-01-16 02:00;20.7400;7.4902;12.0100;13.2498;8.7300
2025-01-16 03:00;21.7700;7.2792;11.9600;14.4908;9.8100
2025-01-16 04:00;21.1600;6.8186;11.9100;14.3414;9.2500
2025-01-16 05:00;20.7400;6.4117;11.8600;14.3283;8.8800
2025-01-16 06:00;20.8600;6.0803;11.8100;14.7797;9.0500
2025-01-16 07:00;20.6100;5.7917;11.7600;14.8183;8.8500
2025-01-16 08:00;20.8600;5.6034;11.7200;15.2566;9.1400
2025-01-16 09:00;19.4800;5.4122;11.6700;14.0678;7.8100
2025-01-16 10:00;10.9700;5.3024;11.6300;5.6676;-0.6600
2025-01-16 11:00;7.9900;5.2807;11.5800;2.7093;-3.5900
2025-01-16 12:00;8.5000;5.2488;11.5400;3.2512;-3.0400
2025-01-16 13:00;8.8200;5.1859;11.5000;3.6341;-2.6800
2025-01-16 14:00;9.0700;5.0765;11.4500;3.9935;-2.3800
2025-01-16 15:00;8.3900;4.9673;11.4100;3.4227;-3.0200
2025-01-16 16:00;9.7600;4.9024;11.3700;4.8576;-1.6100
2025-01-16 17:00;10.2900;4.8141;11.3300;5.4759;-1.0400
2025-01-16 18:00;11.2700;4.7162;11.2900;6.5538;-0.0200
2025-01-16 19:00;11.9200;4.7082;11.2500;7.2118;0.6700
2025-01-16 20:00;12.0800;4.8331;11.2100;7.2469;0.8700
2025-01-16 21:00;12.4100;4.9596;11.1700;7.4504;1.2400
2025-01-16 22:00;12.3300;5.1146;11.1300;7.2154;1.2000
2025-01-16 23:00;12.3300;5.2369;11.0900;7.0931;1.2400
2025-01-17 00:00;12.4100;5.3544;11.0500;7.0556;1.3600
2025-01-17 01:00;12.1600;5.5194;11.0100;6.6406;1.1500
2025-01-17 02:00;12.0800;5.6828;10.9700;6.3972;1.1100
2025-01-17 03:00;12.0000;5.7650;10.9400;6.2350;1.0600
2025-01-17 04:00;11.8400;5.7548;10.9000;6.0852;0.9400
2025-01-17 05:00;12.0000;5.7400;10.8600;6.2600;1.1400
2025-01-17 06:00;12.0800;5.6649;10.8300;6.4151;1.2500
2025-01-17 07:00;11.7600;5.6476;10.7900;6.1124;0.9700
2025-01-17 08:00;11.2300;5.5685;10.7600;5.6615;0.4700
2025-01-17 09:00;10.8600;5.4995;10.7200;5.3605;0.1400
2025-01-17 10:00;11.5100;5.3904;10.6900;6.1196;0.8200
2025-01-17 11:00;10.2100;5.1778;10.6500;5.0322;-0.4400
2025-01-17 12:00;9.3900;4.9127;10.6200;4.4773;-1.2300
2025-01-17 13:00;8.9000;4.6613;10.5800;4.2387;-1.6800
2025-01-17 14:00;10.4900;4.4117;10.5500;6.0783;-0.0600
2025-01-17 15:00;11.2300;4.2072;10.5100;7.0228;0.7200
2025-01-17 16:00;8.3400;4.0136;10.4800;4.3264;-2.1400
2025-01-17 17:00;6.3500;3.9316;10.4500;2.4184;-4.1000
2025-01-17 18:00;5.6700;3.8960;10.4100;1.7740;-4.7400
2025-01-17 19:00;6.4100;3.9957;10.3800;2.4143;-3.9700
2025-01-17 20:00;9.6400;4.1638;10.3500;5.4762;-0.7100
2025-01-17 21:00;9.6000;4.3662;10.3100;5.2338;-0.7100
2025-01-17 22:00;9.8800;4.5958;10.2800;5.2842;-0.4000
2025-01-17 23:00;8.3100;4.8312;10.2500;3.4788;-1.9400
2025-01-18 00:00;7.7700;5.1130;10.2200;2.6570;-2.4500
2025-01-18 01:00;7.8000;5.3244;10.1800;2.4756;-2.3800
2025-01-18 02:00;7.8000;5.5209;10.1500;2.2791;-2.3500
2025-01-18 03:00;8.0200;5.6630;10.1200;2.3570;-2.1000
2025-01-18 04:00;8.0000;5.7510;10.0900;2.2490;-2.0900
2025-01-18 05:00;7.5200;5.7374;10.0600;1.7826;-2.5400
2025-01-18 06:00;7.0900;5.6363;10.0300;1.4537;-2.9400
2025-01-18 07:00;6.4700;5.4846;10.0000;0.9854;-3.5300
2025-01-18 08:00;5.9500;5.2534;9.9700;0.6966;-4.0200
2025-01-18 09:00;5.9500;5.0823;9.9400;0.8677;-3.9900
2025-01-18 10:00;5.3300;4.7972;9.9200;0.5328;-4.5900
2025-01-18 11:00;4.6900;4.5461;9.8900;0.1439;-5.2000
2025-01-18 12:00;4.4800;4.1970;9.8600;0.2830;-5.3800
2025-01-18 13:00;4.2800;3.9329;9.8300;0.3471;-5.5500
2025-01-18 14:00;3.8100;3.6244;9.8000;0.1856;-5.9900
2025-01-18 15:00;3.7200;3.4785;9.7700;0.2415;-6.0500
2025-01-18 16:00;3.6200;3.3229;9.7500;0.2971;-6.1300
2025-01-18 17:00;3.5500;3.2289;9.7200;0.3211;-6.1700
2025-01-18 18:00;3.4700;3.1122;9.6900;0.3578;-6.2200
2025-01-18 19:00;3.5100;3.1051;9.6600;0.4049;-6.1500
2025-01-18 20:00;3.4000;3.0902;9.6400;0.3098;-6.2400
2025-01-18 21:00;3.4000;3.0665;9.6100;0.3335;-6.2100
2025-01-18 22:00;3.3200;3.1651;9.5800;0.1549;-6.2600
2025-01-18 23:00;3.1900;3.3337;9.5600;-0.1437;-6.3700
2025-01-19 00:00;3.3200;3.8024;9.5500;-0.4824;-6.2300
2025-01-19 01:00;3.4000;4.2275;9.5700;-0.8275;-6.1700
2025-01-19 02:00;3.4500;4.3540;9.6100;-0.9040;-6.1600
2025-01-19 03:00;3.4900;4.3498;9.6500;-0.8598;-6.1600
2025-01-19 04:00;3.6800;4.5258;9.6800;-0.8458;-6.0000
2025-01-19 05:00;3.8700;4.6360;9.7300;-0.7660;-5.8600
2025-01-19 06:00;4.0000;4.8891;9.7900;-0.8891;-5.7900
2025-01-19 07:00;4.1500;5.0527;9.8800;-0.9027;-5.7300
2025-01-19 08:00;4.2100;4.8844;9.9800;-0.6744;-5.7700
2025-01-19 09:00;4.2800;4.6729;10.1100;-0.3929;-5.8300
2025-01-19 10:00;4.1100;4.4422;10.2400;-0.3322;-6.1300
2025-01-19 11:00;4.2800;4.2930;10.3600;-0.0130;-6.0800
2025-01-19 12:00;4.0400;4.2629;10.4600;-0.2229;-6.4200
2025-01-19 13:00;3.8900;4.2708;10.5200;-0.3808;-6.6300
2025-01-19 14:00;3.8500;4.2119;10.5500;-0.3619;-6.7000
2025-01-19 15:00;3.7700;4.1329;10.5400;-0.3629;-6.7700
2025-01-19 16:00;3.7000;4.1226;10.5000;-0.4226;-6.8000
2025-01-19 17:00;3.5700;4.1100;10.4400;-0.5400;-6.8700
2025-01-19 18:00;3.5300;4.2807;10.3800;-0.7507;-6.8500
2025-01-19 19:00;3.6800;4.3162;10.3100;-0.6362;-6.6300
2025-01-19 20:00;3.5500;4.2244;10.2500;-0.6744;-6.7000
2025-01-19 21:00;3.6000;4.1255;10.2000;-0.5255;-6.6000
2025-01-19 22:00;3.5700;3.9839;10.1600;-0.4139;-6.5900
2025-01-19 23:00;3.5500;3.8756;10.1200;-0.3256;-6.5700
2025-01-20 00:00;3.5700;3.9015;10.0800;-0.3315;-6.5100
2025-01-20 01:00;3.5700;3.8406;10.0300;-0.2706;-6.4600
2025-01-20 02:00;3.4500;3.8004;9.9800;-0.3504;-6.5300
2025-01-20 03:00;3.4500;3.6889;9.9300;-0.2389;-6.4800
2025-01-20 04:00;3.4000;3.8913;9.8700;-0.4913;-6.4700
2025-01-20 05:00;3.6800;3.9443;9.8100;-0.2643;-6.1300
2025-01-20 06:00;5.6400;4.0344;9.7500;1.6056;-4.1100
2025-01-20 07:00;6.2000;3.9853;9.6900;2.2147;-3.4900
2025-01-20 08:00;4.4300;4.2662;9.6400;0.1638;-5.2100
2025-01-20 09:00;4.0000;4.9357;9.6100;-0.9357;-5.6100
2025-01-20 10:00;3.9600;5.7624;9.6000;-1.8024;-5.6400
2025-01-20 11:00;9.6000;6.0951;9.6100;3.5049;-0.0100
2025-01-20 12:00;8.9000;6.2704;9.6200;2.6296;-0.7200
2025-01-20 13:00;5.3000;6.5933;9.6400;-1.2933;-4.3400
2025-01-20 14:00;4.2400;7.6178;9.6900;-3.3778;-5.4500
2025-01-20 15:00;3.3200;8.6733;9.7800;-5.3533;-6.4600
2025-01-20 16:00;2.5300;8.8102;9.9100;-6.2802;-7.3800
2025-01-20 17:00;2.8500;9.0133;10.0900;-6.1633;-7.2400
2025-01-20 18:00;3.4700;8.8872;10.3100;-5.4172;-6.8400
2025-01-20 19:00;3.9200;9.3610;10.5500;-5.4410;-6.6300
2025-01-20 20:00;3.9600;10.5127;10.7900;-6.5527;-6.8300
2025-01-20 21:00;4.2400;11.4498;11.0400;-7.2098;-6.8000
2025-01-20 22:00;4.9300;12.5423;11.3200;-7.6123;-6.3900
2025-01-20 23:00;5.2100;13.2618;11.7000;-8.0518;-6.4900
2025-01-21 00:00;5.6700;14.0741;12.2000;-8.4041;-6.5300
2025-01-21 01:00;6.0100;14.5388;12.8800;-8.5288;-6.8700
2025-01-21 02:00;6.6000;14.7653;13.7800;-8.1653;-7.1800
2025-01-21 03:00;6.7800;15.1857;14.9000;-8.4057;-8.1200
2025-01-21 04:00;10.9500;15.2848;16.1600;-4.3348;-5.2100
2025-01-21 05:00;10.4900;15.6107;17.4100;-5.1207;-6.9200
2025-01-21 06:00;10.1300;15.8286;18.4900;-5.6986;-8.3600
2025-01-21 07:00;10.1300;15.7774;19.2600;-5.6474;-9.1300
2025-01-21 08:00;11.3900;14.9909;19.6400;-3.6009;-8.2500
2025-01-21 09:00;9.0300;14.8654;19.6500;-5.8354;-10.6200
2025-01-21 10:00;7.7100;13.7667;19.3500;-6.0567;-11.6400
2025-01-21 11:00;7.4900;13.1853;18.8400;-5.6953;-11.3500
2025-01-21 12:00;7.4300;12.6920;18.2000;-5.2620;-10.7700
2025-01-21 13:00;7.4900;11.8084;17.5000;-4.3184;-10.0100
2025-01-21 14:00;7.4900;11.4778;16.8200;-3.9878;-9.3300
2025-01-21 15:00;7.4300;10.6470;16.1900;-3.2170;-8.7600
2025-01-21 16:00;7.4300;9.9517;15.6300;-2.5217;-8.2000
2025-01-21 17:00;7.5800;9.1946;15.1500;-1.6146;-7.5700
2025-01-21 18:00;8.3300;8.8298;14.7400;-0.4998;-6.4100
2025-01-21 19:00;8.6600;8.9281;14.3700;-0.2681;-5.7100
2025-01-21 20:00;8.4100;9.3006;14.0400;-0.8906;-5.6300
2025-01-21 21:00;8.8600;9.5207;13.7300;-0.6607;-4.8700
2025-01-21 22:00;9.2300;9.7343;13.4300;-0.5043;-4.2000
2025-01-21 23:00;9.4300;9.8246;13.1500;-0.3946;-3.7200
2025-01-22 00:00;9.7200;9.8096;12.8800;-0.0896;-3.1600
2025-01-22 01:00;10.1300;9.7581;12.6400;0.3719;-2.5100
2025-01-22 02:00;10.1300;9.6920;12.4100;0.4380;-2.2800
2025-01-22 03:00;10.1300;9.2660;12.2000;0.8640;-2.0700
2025-01-22 04:00;10.0400;8.9593;12.0000;1.0807;-1.9600
2025-01-22 05:00;9.9200;8.4519;11.8300;1.4681;-1.9100
2025-01-22 06:00;9.3100;8.1320;11.6700;1.1780;-2.3600
2025-01-22 07:00;8.9400;7.7383;11.5200;1.2017;-2.5800
2025-01-22 08:00;8.1100;7.3963;11.3900;0.7137;-3.2800
2025-01-22 09:00;7.5200;7.0085;11.2700;0.5115;-3.7500
2025-01-22 10:00;7.4900;6.5295;11.1500;0.9605;-3.6600
2025-01-22 11:00;7.0300;6.2237;11.0400;0.8063;-4.0100
2025-01-22 12:00;6.6600;6.4060;10.9500;0.2540;-4.2900
2025-01-22 13:00;6.6600;7.0574;10.8600;-0.3974;-4.2000
2025-01-22 14:00;6.1000;8.1551;10.7700;-2.0551;-4.6700
2025-01-22 15:00;5.9500;8.8437;10.7000;-2.8937;-4.7500
2025-01-22 16:00;5.9500;9.8998;10.6200;-3.9498;-4.6700
2025-01-22 17:00;6.1000;11.6227;10.5600;-5.5227;-4.4600
2025-01-22 18:00;6.6300;12.9343;10.5100;-6.3043;-3.8800
2025-01-22 19:00;7.3400;14.6505;10.4700;-7.3105;-3.1300
2025-01-22 20:00;7.8300;16.1385;10.4700;-8.3085;-2.6400
2025-01-22 21:00;13.8600;17.0506;10.5100;-3.1906;3.3500
2025-01-22 22:00;13.8000;18.2270;10.6100;-4.4270;3.1900
2025-01-22 23:00;10.2100;19.4127;10.7900;-9.2027;-0.5800
2025-01-23 00:00;8.3700;21.2126;11.0500;-12.8426;-2.6800
2025-01-23 01:00;8.1700;22.9068;11.3900;-14.7368;-3.2200
2025-01-23 02:00;7.8600;24.7711;11.8000;-16.9111;-3.9400
2025-01-23 03:00;8.1700;26.7277;12.2800;-18.5577;-4.1100
2025-01-23 04:00;8.1700;28.9899;12.8500;-20.8199;-4.6800
2025-01-23 05:00;8.9400;31.1165;13.5400;-22.1765;-4.6000
2025-01-23 06:00;9.3100;33.1917;14.4300;-23.8817;-5.1200
2025-01-23 07:00;9.1500;35.9796;15.6000;-26.8296;-6.4500
2025-01-23 08:00;9.3100;38.4289;17.1200;-29.1189;-7.8100
2025-01-23 09:00;9.8400;42.4447;19.0300;-32.6047;-9.1900
2025-01-23 10:00;11.1900;45.6644;21.3400;-34.4744;-10.1500
2025-01-23 11:00;15.1000;51.0996;24.0200;-35.9996;-8.9200
2025-01-23 12:00;23.7700;53.4305;26.9800;-29.6605;-3.2100
2025-01-23 13:00;37.7300;57.2287;30.0400;-19.4987;7.6900
2025-01-23 14:00;54.4400;56.8494;32.8600;-2.4094;21.5800
2025-01-23 15:00;64.0500;56.8869;35.0800;7.1631;28.9700
2025-01-23 16:00;64.9800;53.5170;36.4800;11.4630;28.5000
2025-01-23 17:00;62.2900;50.4729;37.0000;11.8171;25.2900
2025-01-23 18:00;59.1900;47.2353;36.7500;11.9547;22.4400
2025-01-23 19:00;55.6200;45.3284;35.9300;10.2916;19.6900
2025-01-23 20:00;52.9200;43.6713;34.7600;9.2487;18.1600
2025-01-23 21:00;50.7000;42.9624;33.4100;7.7376;17.2900
2025-01-23 22:00;48.1100;41.8929;32.0300;6.2171;16.0800
2025-01-23 23:00;46.5400;42.8286;30.7500;3.7114;15.7900
2025-01-24 00:00;44.7400;43.6735;29.7000;1.0665;15.0400
2025-01-24 01:00;42.8200;46.5773;29.1200;-3.7573;13.7000
2025-01-24 02:00;41.2700;50.3842;29.2600;-9.1142;12.0100
2025-01-24 03:00;39.8700;56.0410;30.3100;-16.1710;9.5600
2025-01-24 04:00;38.9700;60.3465;32.2100;-21.3765;6.7600
2025-01-24 05:00;38.4000;64.6080;34.6600;-26.2080;3.7400
2025-01-24 06:00;39.3800;65.9558;37.1100;-26.5758;2.2700
2025-01-24 07:00;45.6600;66.8423;39.0200;-21.1823;6.6400
2025-01-24 08:00;46.7200;63.6233;40.0700;-16.9033;6.6500
2025-01-24 09:00;46.8100;60.7057;40.2200;-13.8957;6.5900
2025-01-24 10:00;45.8000;57.6690;39.6200;-11.8690;6.1800
2025-01-24 11:00;43.9700;54.9702;38.5400;-11.0002;5.4300
2025-01-24 12:00;41.1800;52.3165;37.1800;-11.1365;4.0000
2025-01-24 13:00;39.0500;49.3527;35.7300;-10.3027;3.3200
2025-01-24 14:00;37.7400;45.6756;34.2800;-7.9356;3.4600
2025-01-24 15:00;35.2800;41.7287;32.9000;-6.4487;2.3800
2025-01-24 16:00;34.5400;38.2271;31.6000;-3.6871;2.9400
2025-01-24 17:00;36.7600;35.2566;30.3900;1.5034;6.3700
2025-01-24 18:00;36.5100;33.8454;29.2900;2.6646;7.2200
2025-01-24 19:00;34.8100;33.1021;28.2700;1.7079;6.5400
2025-01-24 20:00;33.3300;32.8618;27.3500;0.4682;5.9800
2025-01-24 21:00;33.3300;32.6276;26.5100;0.7024;6.8200
2025-01-24 22:00;33.4700;32.8482;25.7400;0.6218;7.7300
2025-01-24 23:00;32.9700;32.9499;25.0500;0.0201;7.9200
2025-01-25 00:00;31.7500;32.9431;24.4100;-1.1931;7.3400
2025-01-25 01:00;31.5400;32.6960;23.8400;-1.1560;7.7000
2025-01-25 02:00;30.6100;32.3036;23.3100;-1.6936;7.3000
2025-01-25 03:00;29.9000;32.0486;22.8300;-2.1486;7.0700
2025-01-25 04:00;29.1100;31.6562;22.3900;-2.5462;6.7200
2025-01-25 05:00;27.4000;31.2327;21.9800;-3.8327;5.4200
2025-01-25 06:00;26.2900;30.8143;21.6000;-4.5243;4.6900
2025-01-25 07:00;25.1300;30.2302;21.2500;-5.1002;3.8800
2025-01-25 08:00;24.8200;29.5633;20.9200;-4.7433;3.9000
2025-01-25 09:00;24.3300;28.3989;20.6100;-4.0689;3.7200
2025-01-25 10:00;23.9700;26.9357;20.3200;-2.9657;3.6500
2025-01-25 11:00;23.5400;24.9401;20.0500;-1.4001;3.4900
2025-01-25 12:00;22.2600;23.3368;19.7900;-1.0768;2.4700
2025-01-25 13:00;22.0800;21.3489;19.5500;0.7311;2.5300
2025-01-25 14:00;22.0800;19.2529;19.3100;2.8271;2.7700
2025-01-25 15:00;22.5100;17.9238;19.0900;4.5862;3.4200
2025-01-25 16:00;22.8100;17.2143;18.8700;5.5957;3.9400
2025-01-25 17:00;22.2600;16.5987;18.6600;5.6613;3.6000
2025-01-25 18:00;22.2000;16.4169;18.4600;5.7831;3.7400
2025-01-25 19:00;22.8100;16.2625;18.2700;6.5475;4.5400
2025-01-25 20:00;25.9200;16.1293;18.0800;9.7907;7.8400
2025-01-25 21:00;26.4700;16.1298;17.9000;10.3402;8.5700
2025-01-25 22:00;26.4700;16.1736;17.7200;10.2964;8.7500
2025-01-25 23:00;26.4700;16.2317;17.5500;10.2383;8.9200
2025-01-26 00:00;26.4700;16.1384;17.3900;10.3316;9.0800
2025-01-26 01:00;25.9800;16.0555;17.2300;9.9245;8.7500
2025-01-26 02:00;26.2900;16.1525;17.0700;10.1375;9.2200
2025-01-26 03:00;26.1600;16.3242;16.9200;9.8358;9.2400
2025-01-26 04:00;25.8600;16.2670;16.7700;9.5930;9.0900
2025-01-26 05:00;25.0700;16.3174;16.6200;8.7526;8.4500
2025-01-26 06:00;25.0700;16.4485;16.4800;8.6215;8.5900
2025-01-26 07:00;25.3100;16.5846;16.3500;8.7254;8.9600
2025-01-26 08:00;24.6400;16.8835;16.2100;7.7565;8.4300
2025-01-26 09:00;22.5100;16.9251;16.0900;5.5849;6.4200
2025-01-26 10:00;22.5700;17.8846;15.9600;4.6854;6.6100
2025-01-26 11:00;21.2900;20.7485;15.8600;0.5415;5.4300
2025-01-26 12:00;22.6900;23.6337;15.8000;-0.9437;6.8900
2025-01-26 13:00;21.2200;27.2916;15.8100;-6.0716;5.4100
2025-01-26 14:00;19.6000;28.3505;15.9500;-8.7505;3.6500
2025-01-26 15:00;20.9800;30.3528;16.3600;-9.3728;4.6200
2025-01-26 16:00;23.1800;33.1239;17.3400;-9.9439;5.8400
2025-01-26 17:00;23.6000;36.6280;19.1800;-13.0280;4.4200
2025-01-26 18:00;25.0100;39.7395;21.8500;-14.7295;3.1600
2025-01-26 19:00;27.5500;42.0224;24.9500;-14.4724;2.6000
2025-01-26 20:00;30.9000;42.2962;27.8400;-11.3962;3.0600
2025-01-26 21:00;34.4000;40.9585;29.9800;-6.5585;4.4200
2025-01-26 22:00;36.4300;39.6623;31.1300;-3.2323;5.3000
2025-01-26 23:00;37.0100;38.4059;31.3800;-1.3959;5.6300
2025-01-27 00:00;36.6000;36.7440;30.9700;-0.1440;5.6300
2025-01-27 01:00;35.0400;35.3040;30.1900;-0.2640;4.8500
2025-01-27 02:00;35.0400;33.5458;29.2000;1.4942;5.8400
2025-01-27 03:00;34.2500;31.7861;28.1500;2.4639;6.1000
2025-01-27 04:00;33.7500;30.4144;27.1000;3.3356;6.6500
2025-01-27 05:00;33.1800;28.9595;26.1000;4.2205;7.0800
2025-01-27 06:00;30.7600;27.9032;25.1600;2.8568;5.6000
2025-01-27 07:00;26.3500;26.9699;24.2900;-0.6199;2.0600
2025-01-27 08:00;25.1300;26.2483;23.4900;-1.1183;1.6400
2025-01-27 09:00;26.6500;25.6107;22.7700;1.0393;3.8800
2025-01-27 10:00;23.3600;25.2311;22.1100;-1.8711;1.2500
2025-01-27 11:00;21.4100;25.0343;21.5100;-3.6243;-0.1000
2025-01-27 12:00;20.8600;24.9700;20.9800;-4.1100;-0.1200
2025-01-27 13:00;20.6100;24.8966;20.5000;-4.2866;0.1100
2025-01-27 14:00;21.1600;25.5732;20.0700;-4.4132;1.0900
2025-01-27 15:00;21.1000;26.4155;19.7000;-5.3155;1.4000
2025-01-27 16:00;21.9600;27.6016;19.4100;-5.6416;2.5500
2025-01-27 17:00;22.7500;29.3741;19.2400;-6.6241;3.5100
2025-01-27 18:00;22.9900;31.0849;19.2600;-8.0949;3.7300
2025-01-27 19:00;22.6900;33.4374;19.6000;-10.7474;3.0900
2025-01-27 20:00;22.9900;35.9549;20.4300;-12.9649;2.5600
2025-01-27 21:00;25.1400;39.5012;22.0800;-14.3612;3.0600
2025-01-27 22:00;25.8900;44.2120;25.0500;-18.3220;0.8400
2025-01-27 23:00;25.4300;52.8847;30.2900;-27.4547;-4.8600
2025-01-28 00:00;26.6000;64.8442;39.3100;-38.2442;-12.7100
2025-01-28 01:00;32.1500;82.4557;54.2100;-50.3057;-22.0600
2025-01-28 02:00;44.8200;108.0443;76.9000;-63.2243;-32.0800
2025-01-28 03:00;85.0900;141.1832;107.1900;-56.0932;-22.1000
2025-01-28 04:00;182.2400;174.6181;141.2600;7.6219;40.9800
2025-01-28 05:00;219.5000;209.9594;173.3900;9.5406;46.1100
2025-01-28 06:00;238.3000;237.5435;199.4800;0.7565;38.8200
2025-01-28 07:00;254.8900;266.5304;218.6600;-11.6404;36.2300
2025-01-28 08:00;268.6900;289.5665;232.8100;-20.8765;35.8800
2025-01-28 09:00;266.9200;309.3157;245.2700;-42.3957;21.6500
2025-01-28 10:00;276.8500;332.3344;258.8200;-55.4844;18.0300
2025-01-28 11:00;292.6300;337.5497;272.8800;-44.9197;19.7500
2025-01-28 12:00;305.9500;347.3106;283.2000;-41.3606;22.7500
2025-01-28 13:00;330.3700;334.8474;285.1800;-4.4774;45.1900
2025-01-28 14:00;309.3000;317.7912;276.8900;-8.4912;32.4100
2025-01-28 15:00;285.9300;288.3935;260.1400;-2.4635;25.7900
2025-01-28 16:00;262.1100;251.7080;238.4800;10.4020;23.6300
2025-01-28 17:00;239.9300;220.2420;215.6500;19.6880;24.2800
2025-01-28 18:00;223.6600;189.9890;194.2000;33.6710;29.4600
2025-01-28 19:00;204.1200;172.6925;175.1500;31.4275;28.9700
2025-01-28 20:00;196.2400;160.8866;158.7500;35.3534;37.4900
2025-01-28 21:00;187.1000;154.7641;144.8300;32.3359;42.2700
2025-01-28 22:00;173.1600;148.1275;133.1300;25.0325;40.0300
2025-01-28 23:00;165.1600;145.7014;123.4700;19.4586;41.6900
2025-01-29 00:00;157.8600;141.9279;115.7100;15.9321;42.1500
2025-01-29 01:00;151.7700;140.6955;109.7300;11.0745;42.0400
2025-01-29 02:00;144.3400;139.5249;105.3500;4.8151;38.9900
2025-01-29 03:00;142.9100;139.4606;102.3700;3.4494;40.5400
2025-01-29 04:00;143.2300;139.9589;100.5100;3.2711;42.7200
2025-01-29 05:00;142.2800;139.2188;99.3800;3.0612;42.9000
2025-01-29 06:00;139.9000;137.6855;98.4800;2.2145;41.4200
2025-01-29 07:00;137.0400;135.3452;97.3400;1.6948;39.7000
2025-01-29 08:00;134.1800;132.6432;95.7600;1.5368;38.4200
2025-01-29 09:00;132.9200;130.8115;93.8000;2.1085;39.1200
2025-01-29 10:00;130.3400;127.1880;91.6500;3.1520;38.6900
2025-01-29 11:00;124.8300;125.3065;89.4200;-0.4765;35.4100
2025-01-29 12:00;121.7400;122.3842;87.1100;-0.6442;34.6300
2025-01-29 13:00;124.0900;119.8072;84.6800;4.2828;39.4100
2025-01-29 14:00;123.0600;116.0001;82.0500;7.0599;41.0100
2025-01-29 15:00;117.7600;111.4468;79.2500;6.3132;38.5100
2025-01-29 16:00;113.9700;106.4561;76.3000;7.5139;37.6700
2025-01-29 17:00;113.6300;102.6756;73.2900;10.9544;40.3400
2025-01-29 18:00;112.8100;99.3737;70.3000;13.4363;42.5100
2025-01-29 19:00;113.2100;96.5231;67.4100;16.6869;45.8000
2025-01-29 20:00;111.1600;93.6388;64.6700;17.5212;46.4900
2025-01-29 21:00;109.2500;91.3024;62.1100;17.9476;47.1400
2025-01-29 22:00;106.9400;89.3482;59.7200;17.5918;47.2200
2025-01-29 23:00;106.9400;87.7153;57.4900;19.2247;49.4500
2025-01-30 00:00;103.3900;85.8923;55.4300;17.4977;47.9600
2025-01-30 01:00;100.9400;84.6178;53.5200;16.3222;47.4200
2025-01-30 02:00;98.0700;82.6338;51.7400;15.4362;46.3300
2025-01-30 03:00;97.1200;80.9521;50.1000;16.1679;47.0200
2025-01-30 04:00;96.2400;78.7995;48.5800;17.4405;47.6600
2025-01-30 05:00;94.1200;76.6319;47.1600;17.4881;46.9600
2025-01-30 06:00;91.2400;74.6923;45.8500;16.5477;45.3900
2025-01-30 07:00;89.7400;72.1954;44.6300;17.5446;45.1100
2025-01-30 08:00;88.1100;70.5103;43.4900;17.5997;44.6200
2025-01-30 09:00;84.4800;68.4049;42.4200;16.0751;42.0600
2025-01-30 10:00;82.7300;66.5117;41.4200;16.2183;41.3100
2025-01-30 11:00;79.3600;63.7938;40.4700;15.5662;38.8900
2025-01-30 12:00;75.9300;60.9890;39.5800;14.9410;36.3500
2025-01-30 13:00;74.2200;57.7391;38.7400;16.4809;35.4800
2025-01-30 14:00;75.0200;54.2632;37.9400;20.7568;37.0800
2025-01-30 15:00;72.9600;51.2410;37.1800;21.7190;35.7800
2025-01-30 16:00;63.6300;47.7597;36.4600;15.8703;27.1700
2025-01-30 17:00;61.0500;45.7865;35.7700;15.2635;25.2800
2025-01-30 18:00;59.6000;43.9723;35.1000;15.6277;24.5000
2025-01-30 19:00;57.5300;44.0337;34.4600;13.4963;23.0700
2025-01-30 20:00;54.4100;45.0483;33.8400;9.3617;20.5700
2025-01-30 21:00;52.9200;46.4368;33.2500;6.4832;19.6700
2025-01-30 22:00;52.0900;47.9295;32.6800;4.1605;19.4100
2025-01-30 23:00;51.5400;49.0095;32.1300;2.5305;19.4100
2025-01-31 00:00;50.3300;49.8107;31.6000;0.5193;18.7300
2025-01-31 01:00;49.5000;49.8893;31.0900;-0.3893;18.4100
2025-01-31 02:00;48.7600;49.7439;30.6000;-0.9839;18.1600
2025-01-31 03:00;47.9300;49.0877;30.1300;-1.1577;17.8000
2025-01-31 04:00;47.2800;48.2970;29.6800;-1.0170;17.6000
2025-01-31 05:00;46.0700;47.1787;29.2500;-1.1087;16.8200
2025-01-31 06:00;43.1500;45.6816;28.8300;-2.5316;14.3200
2025-01-31 07:00;41.8400;44.0088;28.4300;-2.1688;13.4100
2025-01-31 08:00;41.4300;42.1947;28.0400;-0.7647;13.3900
2025-01-31 09:00;41.1000;40.0813;27.6600;1.0187;13.4400
2025-01-31 10:00;40.9400;38.6940;27.2900;2.2460;13.6500
2025-01-31 11:00;40.6100;37.5610;26.9400;3.0490;13.6700
2025-01-31 12:00;39.7900;37.5999;26.6200;2.1901;13.1700
2025-01-31 13:00;39.5500;38.5271;26.3500;1.0229;13.2000
2025-01-31 14:00;39.4600;39.3923;26.2600;0.0677;13.2000
2025-01-31 15:00;39.3800;43.5680;26.6700;-4.1880;12.7100
2025-01-31 16:00;39.3000;50.5647;28.4000;-11.2647;10.9000
2025-01-31 17:00;40.7700;63.1377;33.2500;-22.3677;7.5200
2025-01-31 18:00;42.3300;84.9630;43.9700;-42.6330;-1.6400
2025-01-31 19:00;45.7400;114.8227;63.1800;-69.0827;-17.4400
2025-01-31 20:00;54.6400;144.4716;90.8300;-89.8316;-36.1900
2025-01-31 21:00;91.2100;172.0965;122.0400;-80.8865;-30.8300
2025-01-31 22:00;183.3700;194.0759;149.5900;-10.7059;33.7800
2025-01-31 23:00;188.0100;211.2861;170.1000;-23.2761;17.9100
2025-02-01 00:00;179.3000;234.3629;188.2700;-55.0629;-8.9700
2025-02-01 01:00;180.4400;264.3164;214.5500;-83.8764;-34.1100
2025-02-01 02:00;276.1100;298.2927;254.7700;-22.1827;21.3400
2025-02-01 03:00;427.5800;331.4355;300.5100;96.1445;127.0700
2025-02-01 04:00;476.6500;367.5732;336.1700;109.0768;140.4800
2025-02-01 05:00;427.3500;389.8262;352.9600;37.5238;74.3900
2025-02-01 06:00;330.0300;396.8369;352.5100;-66.8069;-22.4800
2025-02-01 07:00;291.0300;389.8404;342.8200;-98.8104;-51.7900
2025-02-01 08:00;286.6400;377.3591;331.3400;-90.7191;-44.7000
2025-02-01 09:00;332.9100;362.0619;321.0200;-29.1519;11.8900
2025-02-01 10:00;388.5700;352.3089;311.2600;36.2611;77.3100
2025-02-01 11:00;388.8800;345.0680;299.3200;43.8120;89.5600
2025-02-01 12:00;341.1200;331.3011;283.0400;9.8189;58.0800
2025-02-01 13:00;302.0900;309.7175;262.2100;-7.6275;39.8800
2025-02-01 14:00;276.8100;280.3683;238.5700;-3.5583;38.2400
2025-02-01 15:00;254.4700;249.2800;214.3400;5.1900;40.1300
2025-02-01 16:00;235.5400;215.5173;191.1200;20.0227;44.4200
2025-02-01 17:00;222.6500;188.9378;169.8400;33.7122;52.8100
2025-02-01 18:00;208.1700;168.6292;150.9400;39.5408;57.2300
2025-02-01 19:00;199.1100;153.2803;134.5100;45.8297;64.6000
2025-02-01 20:00;190.5800;140.3851;120.4000;50.1949;70.1800
2025-02-01 21:00;183.6600;130.4737;108.4000;53.1863;75.2600
2025-02-01 22:00;175.5000;122.3946;98.2400;53.1054;77.2600
2025-02-01 23:00;165.8500;116.3644;89.6600;49.4856;76.1900
2025-02-02 00:00;152.1600;111.2113;82.4200;40.9487;69.7400
2025-02-02 01:00;146.4000;107.3585;76.2900;39.0415;70.1100
2025-02-02 02:00;141.9600;103.9292;71.1000;38.0308;70.8600
2025-02-02 03:00;138.1500;101.1450;66.6700;37.0050;71.4800
2025-02-02 04:00;135.1400;98.1964;62.8800;36.9436;72.2600
2025-02-02 05:00;130.3000;96.0736;59.6200;34.2264;70.6800
2025-02-02 06:00;127.6300;93.4231;56.8000;34.2069;70.8300
2025-02-02 07:00;123.9500;91.3760;54.3300;32.5740;69.6200
2025-02-02 08:00;119.6700;89.1137;52.1500;30.5563;67.5200
2025-02-02 09:00;114.2200;87.0822;50.2100;27.1378;64.0100
2025-02-02 10:00;110.8900;85.0402;48.4700;25.8498;62.4200
2025-02-02 11:00;108.7100;83.0006;46.9100;25.7094;61.8000
2025-02-02 12:00;104.8900;81.2322;45.5000;23.6578;59.3900
2025-02-02 13:00;101.0700;79.1604;44.2200;21.9096;56.8500
2025-02-02 14:00;98.8900;77.5600;43.0500;21.3300;55.8400
2025-02-02 15:00;92.6100;75.6385;41.9700;16.9715;50.6400
2025-02-02 16:00;89.4800;73.7331;40.9700;15.7469;48.5100
2025-02-02 17:00;84.8500;71.8842;40.0400;12.9658;44.8100
2025-02-02 18:00;82.1000;70.2402;39.1800;11.8598;42.9200
2025-02-02 19:00;82.8500;68.7896;38.3700;14.0604;44.4800
2025-02-02 20:00;81.8700;67.3511;37.6100;14.5189;44.2600
2025-02-02 21:00;80.9600;66.1824;36.8900;14.7776;44.0700
2025-02-02 22:00;80.3900;64.9227;36.2000;15.4673;44.1900
2025-02-02 23:00;80.8400;63.9689;35.5600;16.8711;45.2800
2025-02-03 00:00;79.4700;63.1365;34.9400;16.3335;44.5300
2025-02-03 01:00;79.3600;62.0773;34.3600;17.2827;45.0000
2025-02-03 02:00;78.1000;61.0444;33.8000;17.0556;44.3000
2025-02-03 03:00;76.1600;59.6635;33.2700;16.4965;42.8900
2025-02-03 04:00;76.0400;58.4714;32.7500;17.5686;43.2900
2025-02-03 05:00;71.4700;57.1802;32.2600;14.2898;39.2100
2025-02-03 06:00;68.4000;56.2222;31.7900;12.1778;36.6100
2025-02-03 07:00;66.1100;55.3032;31.3400;10.8068;34.7700
2025-02-03 08:00;63.9400;54.2415;30.9000;9.6985;33.0400
2025-02-03 09:00;63.5300;53.3415;30.4700;10.1885;33.0600
2025-02-03 10:00;63.0100;52.2489;30.0700;10.7611;32.9400
2025-02-03 11:00;60.4300;51.1891;29.6700;9.2409;30.7600
2025-02-03 12:00;59.2900;49.3805;29.2900;9.9095;30.0000
2025-02-03 13:00;57.1200;47.3671;28.9100;9.7529;28.2100
2025-02-03 14:00;55.7900;45.3744;28.5500;10.4156;27.2400
2025-02-03 15:00;55.3300;43.4503;28.2000;11.8797;27.1300
2025-02-03 16:00;54.0400;41.7913;27.8600;12.2487;26.1800
2025-02-03 17:00;54.0400;40.3131;27.5300;13.7269;26.5100
2025-02-03 18:00;54.3100;39.9047;27.2100;14.4053;27.1000
2025-02-03 19:00;53.9400;40.5018;26.8900;13.4382;27.0500
2025-02-03 20:00;53.7600;40.9832;26.5800;12.7768;27.1800
2025-02-03 21:00;53.6700;41.7259;26.2900;11.9441;27.3800
2025-02-03 22:00;52.5500;42.4064;25.9900;10.1436;26.5600
2025-02-03 23:00;52.3700;43.1054;25.7100;9.2646;26.6600
2025-02-04 00:00;51.9100;43.7734;25.4300;8.1366;26.4800
2025-02-04 01:00;51.7200;44.0010;25.1700;7.7190;26.5500
2025-02-04 02:00;51.5400;44.1303;24.9100;7.4097;26.6300
2025-02-04 03:00;51.2600;44.5916;24.6600;6.6684;26.6000
2025-02-04 04:00;49.4100;44.4038;24.4100;5.0062;25.0000
2025-02-04 05:00;47.8300;44.4858;24.1700;3.3442;23.6600
2025-02-04 06:00;47.0900;44.0502;23.9400;3.0398;23.1500
2025-02-04 07:00;46.9100;43.5919;23.7200;3.3181;23.1900
2025-02-04 08:00;47.0900;43.1267;23.5000;3.9633;23.5900
2025-02-04 09:00;46.7200;42.4654;23.2900;4.2546;23.4300
2025-02-04 10:00;46.9100;41.7244;23.0800;5.1856;23.8300
2025-02-04 11:00;45.0700;40.5617;22.8800;4.5083;22.1900
2025-02-04 12:00;42.4100;38.6721;22.6800;3.7379;19.7300
2025-02-04 13:00;41.0200;36.4175;22.4900;4.6025;18.5300
2025-02-04 14:00;40.4500;33.7515;22.3000;6.6985;18.1500
2025-02-04 15:00;39.1400;31.9254;22.1100;7.2146;17.0300
2025-02-04 16:00;39.2200;29.5145;21.9200;9.7055;17.3000
2025-02-04 17:00;38.9700;27.6554;21.7400;11.3146;17.2300
2025-02-04 18:00;39.3000;26.9045;21.5600;12.3955;17.7400
2025-02-04 19:00;39.8700;27.2835;21.3800;12.5865;18.4900
2025-02-04 20:00;40.2000;28.3441;21.2100;11.8559;18.9900
2025-02-04 21:00;40.2000;30.1813;21.0300;10.0187;19.1700
2025-02-04 22:00;39.7900;31.5978;20.8600;8.1922;18.9300
2025-02-04 23:00;39.5500;33.3539;20.6900;6.1961;18.8600
2025-02-05 00:00;40.0400;34.8435;20.5200;5.1965;19.5200
2025-02-05 01:00;39.0500;35.6647;20.3600;3.3853;18.6900
2025-02-05 02:00;39.1400;36.2602;20.2000;2.8798;18.9400
2025-02-05 03:00;38.9700;36.4833;20.0500;2.4867;18.9200
2025-02-05 04:00;38.8100;36.4648;19.9000;2.3452;18.9100
2025-02-05 05:00;38.3200;36.3590;19.7500;1.9610;18.5700
2025-02-05 06:00;38.4000;36.2925;19.6100;2.1075;18.7900
2025-02-05 07:00;37.0100;35.9092;19.4700;1.1008;17.5400
2025-02-05 08:00;37.0100;35.4497;19.3300;1.5603;17.6800
2025-02-05 09:00;37.0100;34.7349;19.2000;2.2751;17.8100
2025-02-05 10:00;37.0100;33.3611;19.0700;3.6489;17.9400
2025-02-05 11:00;35.7800;31.0473;18.9400;4.7327;16.8400
2025-02-05 12:00;34.1100;27.6711;18.8100;6.4389;15.3000
2025-02-05 13:00;32.9000;24.6412;18.6800;8.2588;14.2200
2025-02-05 14:00;32.6800;22.5456;18.5600;10.1344;14.1200
2025-02-05 15:00;29.2600;20.9155;18.4400;8.3445;10.8200
2025-02-05 16:00;25.6800;18.6181;18.3100;7.0619;7.3700
2025-02-05 17:00;24.2700;17.2853;18.1900;6.9847;6.0800
2025-02-05 18:00;25.0100;17.3729;18.0700;7.6371;6.9400
2025-02-05 19:00;26.0400;18.4297;17.9500;7.6103;8.0900
2025-02-05 20:00;26.4100;19.8585;17.8300;6.5515;8.5800
2025-02-05 21:00;25.9200;21.3399;17.7100;4.5801;8.2100
2025-02-05 22:00;26.2300;22.7882;17.5900;3.4418;8.6400
2025-02-05 23:00;26.4700;24.2461;17.4700;2.2239;9.0000
2025-02-06 00:00;26.1000;25.4882;17.3600;0.6118;8.7400
2025-02-06 01:00;25.9800;26.2784;17.2400;-0.2984;8.7400
2025-02-06 02:00;26.1700;26.6958;17.1300;-0.5258;9.0400
2025-02-06 03:00;26.0400;26.9012;17.0200;-0.8612;9.0200
2025-02-06 04:00;25.3100;27.0070;16.9100;-1.6970;8.4000
2025-02-06 05:00;25.2500;26.8650;16.8000;-1.6150;8.4500
2025-02-06 06:00;25.2500;26.5788;16.7000;-1.3288;8.5500
2025-02-06 07:00;25.0100;26.2828;16.6100;-1.2728;8.4000
2025-02-06 08:00;29.6100;26.0033;16.5100;3.6067;13.1000
2025-02-06 09:00;28.8300;25.8378;16.4200;2.9922;12.4100
2025-02-06 10:00;26.6800;25.1861;16.3200;1.4939;10.3600
2025-02-06 11:00;25.4900;23.6989;16.2300;1.7911;9.2600
2025-02-06 12:00;23.0500;22.0288;16.1400;1.0212;6.9100
2025-02-06 13:00;22.2600;20.3394;16.0600;1.9206;6.2000
2025-02-06 14:00;22.3800;18.9387;15.9700;3.4413;6.4100
2025-02-06 15:00;21.7100;17.8464;15.8800;3.8636;5.8300
2025-02-06 16:00;21.3500;16.5586;15.8000;4.7914;5.5500
2025-02-06 17:00;20.1300;16.1763;15.7100;3.9537;4.4200
2025-02-06 18:00;21.1600;16.6339;15.6300;4.5261;5.5300
2025-02-06 19:00;21.8300;17.7483;15.5400;4.0817;6.2900
2025-02-06 20:00;22.0800;19.2019;15.4600;2.8781;6.6200
2025-02-06 21:00;22.0800;20.5059;15.3700;1.5741;6.7100
2025-02-06 22:00;21.9600;21.6955;15.2900;0.2645;6.6700
2025-02-06 23:00;22.0800;22.7309;15.2100;-0.6509;6.8700
2025-02-07 00:00;21.1600;24.0100;15.1300;-2.8500;6.0300
2025-02-07 01:00;21.2200;24.5535;15.0400;-3.3335;6.1800
2025-02-07 02:00;20.6100;25.0526;14.9600;-4.4426;5.6500
2025-02-07 03:00;20.6100;24.9700;14.8900;-4.3600;5.7200
2025-02-07 04:00;20.8600;24.5508;14.8100;-3.6908;6.0500
2025-02-07 05:00;21.2900;23.8230;14.7400;-2.5330;6.5500
2025-02-07 06:00;21.1000;23.0503;14.6700;-1.9503;6.4300
2025-02-07 07:00;21.4700;21.7810;14.6000;-0.3110;6.8700
2025-02-07 08:00;21.0400;20.8871;14.5300;0.1529;6.5100
2025-02-07 09:00;20.7400;19.5236;14.4600;1.2164;6.2800
2025-02-07 10:00;20.6100;18.2236;14.4000;2.3864;6.2100
2025-02-07 11:00;20.5500;16.5929;14.3300;3.9571;6.2200
2025-02-07 12:00;19.9400;15.4355;14.2700;4.5045;5.6700
2025-02-07 13:00;19.9400;14.1571;14.2100;5.7829;5.7300
2025-02-07 14:00;19.2700;13.1628;14.1400;6.1072;5.1300
2025-02-07 15:00;19.1500;12.1338;14.0800;7.0162;5.0700
2025-02-07 16:00;19.1500;11.3631;14.0200;7.7869;5.1300
2025-02-07 17:00;19.1500;10.8365;13.9600;8.3135;5.1900
2025-02-07 18:00;19.1500;10.5714;13.9000;8.5786;5.2500
2025-02-07 19:00;19.1500;10.4988;13.8300;8.6512;5.3200
2025-02-07 20:00;19.0000;10.3899;13.7700;8.6101;5.2300
2025-02-07 21:00;18.2400;10.4388;13.7100;7.8012;4.5300
2025-02-07 22:00;17.7300;10.5006;13.6500;7.2294;4.0800
2025-02-07 23:00;17.6300;10.4903;13.5900;7.1397;4.0400
2025-02-08 00:00;16.6600;10.5402;13.5300;6.1198;3.1300
2025-02-08 01:00;15.9000;10.4972;13.4700;5.4028;2.4300
2025-02-08 02:00;16.2600;10.4307;13.4100;5.8293;2.8500
2025-02-08 03:00;15.9000;10.2673;13.3500;5.6327;2.5500
2025-02-08 04:00;15.5000;9.9993;13.2900;5.5007;2.2100
2025-02-08 05:00;15.7000;10.1670;13.2300;5.5330;2.4700
2025-02-08 06:00;15.5000;9.8202;13.1700;5.6798;2.3300
2025-02-08 07:00;15.2400;9.8902;13.1200;5.3498;2.1200
2025-02-08 08:00;14.8400;9.4106;13.0600;5.4294;1.7800
2025-02-08 09:00;14.6300;9.4999;13.0100;5.1301;1.6200
2025-02-08 10:00;14.3800;8.9549;12.9600;5.4251;1.4200
2025-02-08 11:00;14.0800;9.2643;12.9000;4.8157;1.1800
2025-02-08 12:00;14.1800;8.9589;12.8500;5.2211;1.3300
2025-02-08 13:00;13.7700;8.9611;12.8100;4.8089;0.9600
2025-02-08 14:00;13.6700;8.6991;12.7700;4.9709;0.9000
2025-02-08 15:00;14.1800;9.0153;12.7300;5.1647;1.4500
2025-02-08 16:00;14.2800;9.3533;12.7000;4.9267;1.5800
2025-02-08 17:00;14.6300;10.4651;12.6800;4.1649;1.9500
2025-02-08 18:00;14.7900;12.6747;12.6600;2.1153;2.1300
2025-02-08 19:00;14.6300;15.6015;12.6500;-0.9715;1.9800
2025-02-08 20:00;14.7300;20.1886;12.6700;-5.4586;2.0600
2025-02-08 21:00;15.3900;24.9619;12.8000;-9.5719;2.5900
2025-02-08 22:00;15.5000;30.9757;13.2400;-15.4757;2.2600
2025-02-08 23:00;16.6600;35.6126;14.5300;-18.9526;2.1300
2025-02-09 00:00;17.5800;44.3478;18.0200;-26.7678;-0.4400
2025-02-09 01:00;19.2800;55.0227;25.6800;-35.7427;-6.4000
2025-02-09 02:00;21.1000;68.9564;38.6600;-47.8564;-17.5600
2025-02-09 03:00;32.8200;84.7377;56.1500;-51.9177;-23.3300
2025-02-09 04:00;64.5500;102.6806;75.7700;-38.1306;-11.2200
2025-02-09 05:00;89.0900;120.8269;95.4600;-31.7369;-6.3700
2025-02-09 06:00;128.7900;141.8191;114.8200;-13.0291;13.9700
2025-02-09 07:00;173.8900;161.1299;134.2100;12.7601;39.6800
2025-02-09 08:00;216.9700;182.3382;153.1800;34.6318;63.7900
2025-02-09 09:00;241.7800;196.7760;169.9000;45.0040;71.8800
2025-02-09 10:00;248.6300;212.3482;182.1700;36.2818;66.4600
2025-02-09 11:00;234.7200;216.8674;188.7600;17.8526;45.9600
2025-02-09 12:00;217.7700;217.8223;189.7800;-0.0523;27.9900
2025-02-09 13:00;204.8900;209.1174;186.0600;-4.2274;18.8300
2025-02-09 14:00;192.8000;196.9421;178.7000;-4.1421;14.1000
2025-02-09 15:00;180.2100;181.1734;168.7100;-0.9634;11.5000
2025-02-09 16:00;168.7700;165.2512;157.1600;3.5188;11.6100
2025-02-09 17:00;158.0300;151.3816;145.0900;6.6484;12.9400
2025-02-09 18:00;149.5900;139.1226;133.3700;10.4674;16.2200
2025-02-09 19:00;137.9900;130.2642;122.4600;7.7258;15.5300
2025-02-09 20:00;133.8700;122.5259;112.5300;11.3441;21.3400
2025-02-09 21:00;124.8300;117.0037;103.5800;7.8263;21.2500
2025-02-09 22:00;117.9000;110.8092;95.5200;7.0908;22.3800
2025-02-09 23:00;111.0300;105.7615;88.2100;5.2685;22.8200
2025-02-10 00:00;105.4400;101.0228;81.5600;4.4172;23.8800
2025-02-10 01:00;101.0700;96.5513;75.4800;4.5187;25.5900
2025-02-10 02:00;96.6300;93.0040;69.9500;3.6260;26.6800
2025-02-10 03:00;92.7400;89.3929;64.9100;3.3471;27.8300
2025-02-10 04:00;88.1100;86.4754;60.3500;1.6346;27.7600
2025-02-10 05:00;84.4800;83.3013;56.2400;1.1787;28.2400
2025-02-10 06:00;81.9900;80.9245;52.5600;1.0655;29.4300
2025-02-10 07:00;79.2400;78.9102;49.3200;0.3298;29.9200
2025-02-10 08:00;76.0400;77.3444;46.5200;-1.3044;29.5200
2025-02-10 09:00;73.5300;76.0343;44.1200;-2.5043;29.4100
2025-02-10 10:00;69.5600;74.5374;42.1000;-4.9774;27.4600
2025-02-10 11:00;64.0500;72.7451;40.4000;-8.6951;23.6500
2025-02-10 12:00;60.9400;70.5983;38.9500;-9.6583;21.9900
2025-02-10 13:00;59.1900;67.8533;37.6900;-8.6633;21.5000
2025-02-10 14:00;58.4600;64.8981;36.5800;-6.4381;21.8800
2025-02-10 15:00;56.2400;62.7253;35.5800;-6.4853;20.6600
2025-02-10 16:00;52.7400;61.0726;34.7000;-8.3326;18.0400
2025-02-10 17:00;50.3300;59.7833;33.9200;-9.4533;16.4100
2025-02-10 18:00;49.3100;59.1972;33.2300;-9.8872;16.0800
2025-02-10 19:00;47.3700;58.1978;32.5900;-10.8278;14.7800
2025-02-10 20:00;47.0900;58.3072;32.0000;-11.2172;15.0900
2025-02-10 21:00;47.2800;57.9277;31.4300;-10.6477;15.8500
2025-02-10 22:00;46.6300;57.7542;30.8900;-11.1242;15.7400
2025-02-10 23:00;44.8700;57.8895;30.3700;-13.0195;14.5000
2025-02-11 00:00;44.8700;57.4901;29.8800;-12.6201;14.9900
2025-02-11 01:00;44.7100;57.1517;29.4400;-12.4417;15.2700
2025-02-11 02:00;43.9700;55.8510;29.0200;-11.8810;14.9500
2025-02-11 03:00;43.4000;55.0506;28.6400;-11.6506;14.7600
2025-02-11 04:00;42.9000;54.4244;28.2700;-11.5244;14.6300
2025-02-11 05:00;42.3300;53.5607;27.9100;-11.2307;14.4200
2025-02-11 06:00;41.4300;53.0724;27.5600;-11.6424;13.8700
2025-02-11 07:00;41.5900;52.4224;27.2200;-10.8324;14.3700
2025-02-11 08:00;40.9400;51.9209;26.8900;-10.9809;14.0500
2025-02-11 09:00;40.9400;51.2735;26.5600;-10.3335;14.3800
2025-02-11 10:00;39.5500;50.2268;26.2300;-10.6768;13.3200
2025-02-11 11:00;38.5600;48.9577;25.9100;-10.3977;12.6500
2025-02-11 12:00;37.5800;47.1903;25.6000;-9.6103;11.9800
2025-02-11 13:00;37.2500;45.3102;25.2800;-8.0602;11.9700
2025-02-11 14:00;36.8400;43.1995;24.9800;-6.3595;11.8600
2025-02-11 15:00;37.0100;41.3534;24.6800;-4.3434;12.3300
2025-02-11 16:00;36.6800;39.8063;24.3900;-3.1263;12.2900
2025-02-11 17:00;37.0100;38.8191;24.1200;-1.8091;12.8900
2025-02-11 18:00;36.6800;38.3630;23.8600;-1.6830;12.8200
2025-02-11 19:00;35.8600;38.4450;23.6200;-2.5850;12.2400
2025-02-11 20:00;35.6100;38.5121;23.4100;-2.9021;12.2000
2025-02-11 21:00;35.2000;39.1426;23.2200;-3.9426;11.9800
2025-02-11 22:00;34.9000;39.6200;23.0700;-4.7200;11.8300
2025-02-11 23:00;34.4700;40.4721;22.9700;-6.0021;11.5000
2025-02-12 00:00;33.9700;41.6846;22.9300;-7.7146;11.0400
2025-02-12 01:00;33.6100;42.8173;22.9700;-9.2073;10.6400
2025-02-12 02:00;33.8300;44.3912;23.1100;-10.5612;10.7200
2025-02-12 03:00;34.7500;46.2551;23.4500;-11.5051;11.3000
2025-02-12 04:00;35.0400;48.3566;24.2200;-13.3166;10.8200
2025-02-12 05:00;35.1200;51.4574;25.2700;-16.3374;9.8500
2025-02-12 06:00;35.8600;54.3362;26.4300;-18.4762;9.4300
2025-02-12 07:00;37.0100;57.8102;27.9300;-20.8002;9.0800
2025-02-12 08:00;38.0700;61.8479;29.8900;-23.7779;8.1800
2025-02-12 09:00;39.2200;64.4123;32.0800;-25.1923;7.1400
2025-02-12 10:00;40.9400;67.5983;34.0800;-26.6583;6.8600
2025-02-12 11:00;42.1700;66.1331;35.5700;-23.9631;6.6000
2025-02-12 12:00;41.9200;64.9808;36.4100;-23.0608;5.5100
2025-02-12 13:00;42.4100;62.4067;36.6800;-19.9967;5.7300
2025-02-12 14:00;41.7600;60.9414;36.5300;-19.1814;5.2300
2025-02-12 15:00;42.0800;61.1974;36.1000;-19.1174;5.9800
2025-02-12 16:00;42.3300;61.8727;35.5100;-19.5427;6.8200
2025-02-12 17:00;41.5900;63.3513;34.9300;-21.7613;6.6600
2025-02-12 18:00;40.9400;65.0713;34.4200;-24.1313;6.5200
2025-02-12 19:00;40.9400;66.2961;34.0000;-25.3561;6.9400
2025-02-12 20:00;40.6100;70.2731;33.8600;-29.6631;6.7500
2025-02-12 21:00;40.9400;75.6236;34.2400;-34.6836;6.7000
2025-02-12 22:00;42.6600;81.8136;35.0700;-39.1536;7.5900
2025-02-12 23:00;42.7400;89.5045;36.1400;-46.7645;6.6000
2025-02-13 00:00;44.3900;95.1734;37.4200;-50.7834;6.9700
2025-02-13 01:00;47.7400;100.0922;38.9100;-52.3522;8.8300
2025-02-13 02:00;52.9200;101.9600;40.5600;-49.0400;12.3600
2025-02-13 03:00;58.4600;103.3936;42.2600;-44.9336;16.2000
2025-02-13 04:00;63.1200;104.2210;43.9100;-41.1010;19.2100
2025-02-13 05:00;64.9800;105.6520;45.4200;-40.6720;19.5600
2025-02-13 06:00;65.9100;104.2209;46.6800;-38.3109;19.2300
2025-02-13 07:00;66.1100;105.2983;47.6100;-39.1883;18.5000
2025-02-13 08:00;66.8400;103.5934;48.2100;-36.7534;18.6300
2025-02-13 09:00;68.6200;103.9980;48.4600;-35.3780;20.1600
2025-02-13 10:00;69.4200;101.5594;48.3600;-32.1394;21.0600
2025-02-13 11:00;69.4200;98.7606;47.8900;-29.3406;21.5300
2025-02-13 12:00;67.6700;95.5053;47.0700;-27.8353;20.6000
2025-02-13 13:00;65.6000;91.2153;45.9400;-25.6153;19.6600
2025-02-13 14:00;63.4300;86.7409;44.5700;-23.3109;18.8600
2025-02-13 15:00;63.2200;83.3911;43.0300;-20.1711;20.1900
2025-02-13 16:00;61.2500;80.2155;41.4100;-18.9655;19.8400
2025-02-13 17:00;58.7700;78.0832;39.8000;-19.3132;18.9700
2025-02-13 18:00;57.9400;75.6620;38.2400;-17.7220;19.7000
2025-02-13 19:00;56.1900;73.0374;36.7700;-16.8474;19.4200
2025-02-13 20:00;54.2200;71.0852;35.4000;-16.8652;18.8200
2025-02-13 21:00;53.4800;69.1745;34.1400;-15.6945;19.3400
2025-02-13 22:00;51.5400;68.1096;33.0000;-16.5696;18.5400
2025-02-13 23:00;51.5400;66.7153;31.9800;-15.1753;19.5600
2025-02-14 00:00;51.0700;65.8820;31.0600;-14.8120;20.0100
2025-02-14 01:00;49.3100;64.8694;30.2500;-15.5594;19.0600
2025-02-14 02:00;48.3000;64.4807;29.5600;-16.1807;18.7400
2025-02-14 03:00;47.0900;63.6339;28.9700;-16.5439;18.1200
2025-02-14 04:00;47.0900;62.9112;28.5100;-15.8212;18.5800
2025-02-14 05:00;45.8900;63.9021;28.1700;-18.0121;17.7200
2025-02-14 06:00;44.8700;61.7743;27.9500;-16.9043;16.9200
2025-02-14 07:00;44.8700;63.5772;27.8300;-18.7072;17.0400
2025-02-14 08:00;44.7900;61.4978;27.8300;-16.7078;16.9600
2025-02-14 09:00;44.1300;65.5266;27.9700;-21.3966;16.1600
2025-02-14 10:00;42.9900;66.7317;28.3400;-23.7417;14.6500
2025-02-14 11:00;44.1300;71.4470;29.2300;-27.3170;14.9000
2025-02-14 12:00;45.7000;76.7367;31.2000;-31.0367;14.5000
2025-02-14 13:00;46.7200;82.5076;34.0300;-35.7876;12.6900
2025-02-14 14:00;47.6500;89.0646;37.8600;-41.4146;9.7900
2025-02-14 15:00;51.4400;93.3092;42.9800;-41.8692;8.4600
2025-02-14 16:00;56.9600;102.7689;49.3100;-45.8089;7.6500
2025-02-14 17:00;73.7200;109.9432;57.5700;-36.2232;16.1500
2025-02-14 18:00;90.6100;119.9515;67.2400;-29.3415;23.3700
2025-02-14 19:00;95.9900;127.1707;75.8600;-31.1807;20.1300
2025-02-14 20:00;97.1200;132.9395;82.3100;-35.8195;14.8100
2025-02-14 21:00;97.5300;136.6458;87.0100;-39.1158;10.5200
2025-02-14 22:00;100.5300;134.5685;90.0600;-34.0385;10.4700
2025-02-14 23:00;102.4400;130.6176;90.9700;-28.1776;11.4700
2025-02-15 00:00;100.9400;120.6316;89.3600;-19.6916;11.5800
2025-02-15 01:00;98.0700;109.7974;85.6200;-11.7274;12.4500
2025-02-15 02:00;94.9900;101.1931;80.6500;-6.2031;14.3400
2025-02-15 03:00;91.9900;93.0965;75.3000;-1.1065;16.6900
2025-02-15 04:00;88.7300;87.8913;70.0600;0.8387;18.6700
2025-02-15 05:00;85.6000;83.3750;65.1900;2.2250;20.4100
2025-02-15 06:00;81.5300;80.0266;60.8000;1.5034;20.7300
2025-02-15 07:00;79.0200;77.7399;56.9300;1.2801;22.0900
2025-02-15 08:00;76.6200;75.8423;53.6300;0.7777;22.9900
2025-02-15 09:00;74.1000;74.3011;50.8700;-0.2011;23.2300
2025-02-15 10:00;72.1600;73.3286;48.6200;-1.1686;23.5400
2025-02-15 11:00;68.1000;73.0266;46.8000;-4.9266;21.3000
2025-02-15 12:00;64.3600;73.2050;45.3700;-8.8450;18.9900
2025-02-15 13:00;61.0500;73.4996;44.3900;-12.4496;16.6600
2025-02-15 14:00;59.1900;74.2597;44.2600;-15.0697;14.9300
2025-02-15 15:00;56.6000;75.3829;45.6800;-18.7829;10.9200
2025-02-15 16:00;53.7700;77.6054;48.8800;-23.8354;4.8900
2025-02-15 17:00;53.7600;80.7973;53.2100;-27.0373;0.5500
2025-02-15 18:00;54.7800;86.9695;57.5600;-32.1895;-2.7800
2025-02-15 19:00;55.9800;92.5146;60.9200;-36.5346;-4.9400
2025-02-15 20:00;55.7900;98.0587;62.7500;-42.2687;-6.9600
2025-02-15 21:00;55.9800;98.0236;62.9700;-42.0436;-6.9900
2025-02-15 22:00;55.9800;95.9140;61.8300;-39.9340;-5.8500
2025-02-15 23:00;55.4200;91.8352;59.7400;-36.4152;-4.3200
2025-02-16 00:00;54.2200;88.0693;57.0300;-33.8493;-2.8100
2025-02-16 01:00;53.7600;84.3178;54.0400;-30.5578;-0.2800
2025-02-16 02:00;52.5500;80.3997;51.0000;-27.8497;1.5500
2025-02-16 03:00;51.3500;77.1565;48.0600;-25.8065;3.2900
2025-02-16 04:00;49.4100;74.3910;45.3200;-24.9810;4.0900
2025-02-16 05:00;48.9400;72.5459;42.8200;-23.6059;6.1200
2025-02-16 06:00;48.1100;70.5208;40.5800;-22.4108;7.5300
2025-02-16 07:00;47.2800;68.8881;38.5700;-21.6081;8.7100
2025-02-16 08:00;46.0700;67.1593;36.7900;-21.0893;9.2800
2025-02-16 09:00;46.5400;65.7800;35.2100;-19.2400;11.3300
2025-02-16 10:00;45.0600;64.0620;33.8200;-19.0020;11.2400
2025-02-16 11:00;43.0700;62.4391;32.5800;-19.3691;10.4900
2025-02-16 12:00;39.7100;61.1013;31.4900;-21.3913;8.2200
2025-02-16 13:00;38.8100;59.2524;30.5100;-20.4424;8.3000
2025-02-16 14:00;37.5800;57.1922;29.6500;-19.6122;7.9300
2025-02-16 15:00;36.8400;55.1340;28.8800;-18.2940;7.9600
2025-02-16 16:00;35.6100;52.9401;28.2100;-17.3301;7.4000
2025-02-16 17:00;35.9400;51.2362;27.6200;-15.2962;8.3200
2025-02-16 18:00;37.1700;50.3222;27.1100;-13.1522;10.0600
2025-02-16 19:00;38.5600;50.5420;26.6800;-11.9820;11.8800
2025-02-16 20:00;38.4800;51.4077;26.3000;-12.9277;12.1800
2025-02-16 21:00;37.6600;52.8327;25.9700;-15.1727;11.6900
2025-02-16 22:00;36.9200;54.4017;25.6800;-17.4817;11.2400
2025-02-16 23:00;36.9200;55.9569;25.4000;-19.0369;11.5200
2025-02-17 00:00;36.6000;57.0880;25.1300;-20.4880;11.4700
2025-02-17 01:00;36.1900;57.2261;24.8600;-21.0361;11.3300
2025-02-17 02:00;35.8600;56.8648;24.5800;-21.0048;11.2800
2025-02-17 03:00;35.4500;55.7437;24.2900;-20.2937;11.1600
2025-02-17 04:00;35.2000;54.3085;23.9900;-19.1085;11.2100
2025-02-17 05:00;34.9000;53.1256;23.7000;-18.2256;11.2000
2025-02-17 06:00;35.0400;51.7808;23.4000;-16.7408;11.6400
2025-02-17 07:00;34.6800;50.5534;23.1200;-15.8734;11.5600
2025-02-17 08:00;33.9000;49.3814;22.8400;-15.4814;11.0600
2025-02-17 09:00;33.7500;48.0882;22.5700;-14.3382;11.1800
2025-02-17 10:00;33.0400;46.7013;22.3100;-13.6613;10.7300
2025-02-17 11:00;31.4000;45.3509;22.0600;-13.9509;9.3400
2025-02-17 12:00;31.4000;43.9548;21.8300;-12.5548;9.5700
2025-02-17 13:00;30.0400;42.3750;21.6000;-12.3350;8.4400
2025-02-17 14:00;29.9000;41.1030;21.3900;-11.2030;8.5100
2025-02-17 15:00;29.9000;39.9626;21.1800;-10.0626;8.7200
2025-02-17 16:00;29.9000;38.9958;20.9800;-9.0958;8.9200
2025-02-17 17:00;28.9700;38.2366;20.7800;-9.2666;8.1900
2025-02-17 18:00;28.4700;37.7716;20.5900;-9.3016;7.8800
2025-02-17 19:00;28.4700;37.5961;20.4100;-9.1261;8.0600
2025-02-17 20:00;28.1800;37.6039;20.2400;-9.4239;7.9400
2025-02-17 21:00;27.5400;37.3249;20.0600;-9.7849;7.4800
2025-02-17 22:00;27.3300;36.9584;19.9000;-9.6284;7.4300
2025-02-17 23:00;27.4700;36.3298;19.7400;-8.8598;7.7300
2025-02-18 00:00;27.2600;35.5246;19.5800;-8.2646;7.6800
2025-02-18 01:00;26.5400;34.9430;19.4200;-8.4030;7.1200
2025-02-18 02:00;26.2300;34.0313;19.2700;-7.8013;6.9600
2025-02-18 03:00;26.2900;33.5879;19.1300;-7.2979;7.1600
2025-02-18 04:00;25.2500;33.1218;18.9900;-7.8718;6.2600
2025-02-18 05:00;25.0100;32.9137;18.8500;-7.9037;6.1600
2025-02-18 06:00;25.0100;32.6973;18.7200;-7.6873;6.2900
2025-02-18 07:00;25.0100;32.6072;18.5900;-7.5972;6.4200
2025-02-18 08:00;25.0100;32.4865;18.4700;-7.4765;6.5400
2025-02-18 09:00;25.1300;32.3580;18.3500;-7.2280;6.7800
2025-02-18 10:00;24.7000;31.7869;18.2300;-7.0869;6.4700
2025-02-18 11:00;23.5400;30.9016;18.1100;-7.3616;5.4300
2025-02-18 12:00;23.3600;29.8583;18.0000;-6.4983;5.3600
2025-02-18 13:00;22.4400;28.7336;17.8800;-6.2936;4.5600
2025-02-18 14:00;22.6300;27.2490;17.7700;-4.6190;4.8600
2025-02-18 15:00;23.5400;25.9450;17.6600;-2.4050;5.8800
2025-02-18 16:00;23.5400;24.7810;17.5600;-1.2410;5.9800
2025-02-18 17:00;23.5400;24.2489;17.4500;-0.7089;6.0900
2025-02-18 18:00;23.5400;23.9329;17.3500;-0.3929;6.1900
2025-02-18 19:00;23.4200;24.5258;17.2400;-1.1058;6.1800
2025-02-18 20:00;23.5400;24.8591;17.1400;-1.3191;6.4000
2025-02-18 21:00;23.3600;25.6830;17.0500;-2.3230;6.3100
2025-02-18 22:00;23.4800;26.3343;16.9500;-2.8543;6.5300
2025-02-18 23:00;23.1200;26.7820;16.8600;-3.6620;6.2600
2025-02-19 00:00;22.9300;26.8749;16.7700;-3.9449;6.1600
2025-02-19 01:00;22.8100;26.8337;16.6800;-4.0237;6.1300
2025-02-19 02:00;22.0800;26.5120;16.5900;-4.4320;5.4900
2025-02-19 03:00;21.9600;26.3955;16.5000;-4.4355;5.4600
2025-02-19 04:00;21.4100;26.0660;16.4100;-4.6560;5.0000
2025-02-19 05:00;21.4700;25.6631;16.3300;-4.1931;5.1400
2025-02-19 06:00;21.4700;25.4390;16.2400;-3.9690;5.2300
2025-02-19 07:00;21.5900;25.1779;16.1600;-3.5879;5.4300
2025-02-19 08:00;20.7400;24.9355;16.0700;-4.1955;4.6700
2025-02-19 09:00;20.4900;24.5104;15.9900;-4.0204;4.5000
2025-02-19 10:00;20.3100;24.1200;15.9100;-3.8100;4.4000
2025-02-19 11:00;20.0000;23.5885;15.8300;-3.5885;4.1700
2025-02-19 12:00;19.5800;23.0481;15.7500;-3.4681;3.8300
2025-02-19 13:00;19.2100;22.4683;15.6700;-3.2583;3.5400
2025-02-19 14:00;19.5200;21.9965;15.5900;-2.4765;3.9300
2025-02-19 15:00;19.1500;21.4404;15.5200;-2.2904;3.6300
2025-02-19 16:00;18.6900;20.7714;15.4400;-2.0814;3.2500
2025-02-19 17:00;18.6400;20.2657;15.3700;-1.6257;3.2700
2025-02-19 18:00;18.2900;19.7725;15.2900;-1.4825;3.0000
2025-02-19 19:00;18.9500;19.5186;15.2200;-0.5686;3.7300
2025-02-19 20:00;18.2900;19.3327;15.1500;-1.0427;3.1400
2025-02-19 21:00;18.4900;19.1836;15.0800;-0.6936;3.4100
2025-02-19 22:00;18.4900;19.1517;15.0100;-0.6617;3.4800
2025-02-19 23:00;17.9300;19.2413;14.9400;-1.3113;2.9900
2025-02-20 00:00;17.8300;19.2498;14.8700;-1.4198;2.9600
2025-02-20 01:00;17.8300;19.3795;14.8000;-1.5495;3.0300
2025-02-20 02:00;17.7300;19.6320;14.7300;-1.9020;3.0000
2025-02-20 03:00;17.9300;19.8122;14.6600;-1.8822;3.2700
2025-02-20 04:00;17.8800;19.8217;14.6000;-1.9417;3.2800
2025-02-20 05:00;17.7800;19.8626;14.5300;-2.0826;3.2500
2025-02-20 06:00;17.9300;19.9608;14.4700;-2.0308;3.4600
2025-02-20 07:00;17.8300;19.8890;14.4100;-2.0590;3.4200
2025-02-20 08:00;17.9300;19.8259;14.3500;-1.8959;3.5800
2025-02-20 09:00;18.2400;19.7112;14.2800;-1.4712;3.9600
2025-02-20 10:00;17.9300;19.4103;14.2200;-1.4803;3.7100
2025-02-20 11:00;16.5100;18.1428;14.1600;-1.6328;2.3500
2025-02-20 12:00;15.3400;17.2720;14.1000;-1.9320;1.2400
2025-02-20 13:00;14.7900;15.3834;14.0500;-0.5934;0.7400
2025-02-20 14:00;14.3300;14.0044;13.9900;0.3256;0.3400
2025-02-20 15:00;14.0200;12.5759;13.9300;1.4441;0.0900
2025-02-20 16:00;14.2800;11.4950;13.8800;2.7850;0.4000
2025-02-20 17:00;14.1800;11.6131;13.8300;2.5669;0.3500
2025-02-20 18:00;14.6300;11.8263;13.7800;2.8037;0.8500
2025-02-20 19:00;14.7900;12.6245;13.7500;2.1655;1.0400
2025-02-20 20:00;14.4300;13.7479;13.7200;0.6821;0.7100
2025-02-20 21:00;14.5800;14.8257;13.6900;-0.2457;0.8900
2025-02-20 22:00;14.3800;15.9097;13.6700;-1.5297;0.7100
2025-02-20 23:00;15.0900;17.0725;13.6500;-1.9825;1.4400
2025-02-21 00:00;14.2800;17.8020;13.6300;-3.5220;0.6500
2025-02-21 01:00;14.3800;18.2924;13.6000;-3.9124;0.7800
2025-02-21 02:00;15.1400;18.2569;13.5800;-3.1169;1.5600
2025-02-21 03:00;14.7300;18.1897;13.5400;-3.4597;1.1900
2025-02-21 04:00;14.2800;17.6347;13.5100;-3.3547;0.7700
2025-02-21 05:00;15.2400;17.0763;13.4600;-1.8363;1.7800
2025-02-21 06:00;15.3400;16.5320;13.4200;-1.1920;1.9200
2025-02-21 07:00;14.2800;15.9410;13.3600;-1.6610;0.9200
2025-02-21 08:00;15.0400;15.4928;13.3100;-0.4528;1.7300
2025-02-21 09:00;15.7000;14.8941;13.2500;0.8059;2.4500
2025-02-21 10:00;15.5000;13.7382;13.2000;1.7618;2.3000
2025-02-21 11:00;14.4800;12.0524;13.1400;2.4276;1.3400
2025-02-21 12:00;12.9800;11.0031;13.0900;1.9769;-0.1100
2025-02-21 13:00;12.2900;9.7334;13.0300;2.5566;-0.7400
2025-02-21 14:00;12.0000;8.8680;12.9800;3.1320;-0.9800
2025-02-21 15:00;11.5500;7.7137;12.9300;3.8363;-1.3800
2025-02-21 16:00;11.1000;7.5535;12.8900;3.5465;-1.7900
2025-02-21 17:00;11.2700;7.4987;12.8500;3.7713;-1.5800
2025-02-21 18:00;11.9600;7.9528;12.8300;4.0072;-0.8700
2025-02-21 19:00;12.0000;8.8594;12.8200;3.1406;-0.8200
2025-02-21 20:00;12.4900;10.0551;12.8300;2.4349;-0.3400
2025-02-21 21:00;12.7300;11.1237;12.8500;1.6063;-0.1200
2025-02-21 22:00;12.6100;12.3309;12.8700;0.2791;-0.2600
2025-02-21 23:00;13.0600;13.3745;12.9100;-0.3145;0.1500
2025-02-22 00:00;13.1600;14.4040;12.9400;-1.2440;0.2200
2025-02-22 01:00;13.1600;15.1201;12.9600;-1.9601;0.2000
2025-02-22 02:00;13.0600;15.3204;12.9600;-2.2604;0.1000
2025-02-22 03:00;13.7200;15.3403;12.9600;-1.6203;0.7600
2025-02-22 04:00;13.2100;15.0446;12.9400;-1.8346;0.2700
2025-02-22 05:00;12.9800;14.8447;12.9000;-1.8647;0.0800
2025-02-22 06:00;12.9000;14.4433;12.8500;-1.5433;0.0500
2025-02-22 07:00;12.9400;13.9195;12.8000;-0.9795;0.1400
2025-02-22 08:00;12.1600;13.3978;12.7400;-1.2378;-0.5800
2025-02-22 09:00;12.0800;13.1434;12.6800;-1.0634;-0.6000
2025-02-22 10:00;12.0800;12.7506;12.6200;-0.6706;-0.5400
2025-02-22 11:00;12.0000;12.7630;12.5500;-0.7630;-0.5500
2025-02-22 12:00;11.4700;12.9742;12.4900;-1.5042;-1.0200
2025-02-22 13:00;11.2700;13.1950;12.4300;-1.9250;-1.1600
2025-02-22 14:00;11.1900;13.1730;12.3700;-1.9830;-1.1800
2025-02-22 15:00;10.4100;13.1727;12.3200;-2.7627;-1.9100
2025-02-22 16:00;10.4100;12.8964;12.2900;-2.4864;-1.8800
2025-02-22 17:00;11.1000;12.7763;12.2800;-1.6763;-1.1800
2025-02-22 18:00;11.1000;12.9613;12.3100;-1.8613;-1.2100
2025-02-22 19:00;11.9600;13.4114;12.4000;-1.4514;-0.4400
2025-02-22 20:00;12.1200;13.9180;12.5600;-1.7980;-0.4400
2025-02-22 21:00;12.1200;14.8160;12.7800;-2.6960;-0.6600
2025-02-22 22:00;12.0800;16.3043;13.0400;-4.2243;-0.9600
2025-02-22 23:00;12.1600;17.4834;13.3400;-5.3234;-1.1800
2025-02-23 00:00;12.0000;18.9883;13.6200;-6.9883;-1.6200
2025-02-23 01:00;12.2900;20.5764;13.8800;-8.2864;-1.5900
2025-02-23 02:00;12.3300;21.7306;14.1000;-9.4006;-1.7700
2025-02-23 03:00;12.7300;24.0139;14.2900;-11.2839;-1.5600
2025-02-23 04:00;12.7300;25.3317;14.4500;-12.6017;-1.7200
2025-02-23 05:00;12.9800;27.3484;14.6100;-14.3684;-1.6300
2025-02-23 06:00;12.9400;29.0226;14.8100;-16.0826;-1.8700
2025-02-23 07:00;12.2900;30.7694;15.0700;-18.4794;-2.7800
2025-02-23 08:00;12.9000;31.7725;15.4100;-18.8725;-2.5100
2025-02-23 09:00;12.9800;32.6396;15.8300;-19.6596;-2.8500
2025-02-23 10:00;13.1600;32.3990;16.3300;-19.2390;-3.1700
2025-02-23 11:00;13.9200;31.8687;16.8700;-17.9487;-2.9500
2025-02-23 12:00;14.2300;30.2863;17.4000;-16.0563;-3.1700
2025-02-23 13:00;15.5000;28.4875;17.8800;-12.9875;-2.3800
2025-02-23 14:00;16.1600;26.1287;18.2600;-9.9687;-2.1000
2025-02-23 15:00;18.3400;24.6231;18.5400;-6.2831;-0.2000
2025-02-23 16:00;20.1900;23.3087;18.7000;-3.1187;1.4900
2025-02-23 17:00;21.0400;22.5856;18.7400;-1.5456;2.3000
2025-02-23 18:00;22.0800;21.4397;18.6900;0.6403;3.3900
2025-02-23 19:00;21.9600;20.9638;18.5700;0.9962;3.3900
2025-02-23 20:00;22.0800;20.5476;18.3800;1.5324;3.7000
2025-02-23 21:00;21.2900;20.4447;18.1500;0.8453;3.1400
2025-02-23 22:00;20.6100;20.1988;17.8900;0.4112;2.7200
2025-02-23 23:00;20.3700;20.1608;17.6100;0.2092;2.7600
2025-02-24 00:00;19.5800;19.8489;17.3300;-0.2689;2.2500
2025-02-24 01:00;19.1500;20.0303;17.0600;-0.8803;2.0900
2025-02-24 02:00;19.0500;20.1747;16.7900;-1.1247;2.2600
2025-02-24 03:00;18.8500;20.1727;16.5300;-1.3227;2.3200
2025-02-24 04:00;18.2900;20.5027;16.3000;-2.2127;1.9900
2025-02-24 05:00;18.0300;21.2398;16.0700;-3.2098;1.9600
2025-02-24 06:00;17.9300;22.8181;15.8700;-4.8881;2.0600
2025-02-24 07:00;17.9300;24.5419;15.6800;-6.6119;2.2500
2025-02-24 08:00;17.9300;27.5069;15.5200;-9.5769;2.4100
2025-02-24 09:00;17.9300;29.6900;15.3900;-11.7600;2.5400
2025-02-24 10:00;17.9300;32.5821;15.3400;-14.6521;2.5900
2025-02-24 11:00;16.9700;34.8712;15.4600;-17.9012;1.5100
2025-02-24 12:00;16.3100;39.0443;15.9500;-22.7343;0.3600
2025-02-24 13:00;16.5600;41.3929;17.0300;-24.8329;-0.4700
2025-02-24 14:00;17.1200;44.6258;18.7600;-27.5058;-1.6400
2025-02-24 15:00;19.2000;44.7582;20.9300;-25.5582;-1.7300
2025-02-24 16:00;20.6800;44.6002;23.1200;-23.9202;-2.4400
2025-02-24 17:00;23.0500;42.5038;24.8900;-19.4538;-1.8400
2025-02-24 18:00;26.5200;40.5297;26.0100;-14.0097;0.5100
2025-02-24 19:00;28.3300;39.7457;26.4700;-11.4157;1.8600
2025-02-24 20:00;28.1800;38.8371;26.4200;-10.6571;1.7600
2025-02-24 21:00;28.3300;37.9747;26.0300;-9.6447;2.3000
2025-02-24 22:00;27.9000;37.2430;25.4800;-9.3430;2.4200
2025-02-24 23:00;26.9700;36.4673;24.8400;-9.4973;2.1300
2025-02-25 00:00;26.4700;35.9483;24.1800;-9.4783;2.2900
2025-02-25 01:00;26.4700;35.2357;23.5300;-8.7657;2.9400
2025-02-25 02:00;26.4700;34.4682;22.8900;-7.9982;3.5800
2025-02-25 03:00;25.9200;33.7022;22.2800;-7.7822;3.6400
2025-02-25 04:00;25.1300;32.9595;21.7000;-7.8295;3.4300
2025-02-25 05:00;25.0100;32.0591;21.1600;-7.0491;3.8500
2025-02-25 06:00;25.0100;31.3938;20.6500;-6.3838;4.3600
2025-02-25 07:00;25.0100;30.4547;20.1800;-5.4447;4.8300
2025-02-25 08:00;25.0100;29.8459;19.7500;-4.8359;5.2600
2025-02-25 09:00;25.0100;28.9633;19.3500;-3.9533;5.6600
2025-02-25 10:00;24.7000;28.0450;18.9900;-3.3450;5.7100
2025-02-25 11:00;23.4800;26.9368;18.6700;-3.4568;4.8100
2025-02-25 12:00;22.4400;26.4463;18.3700;-4.0063;4.0700
2025-02-25 13:00;22.0800;25.0509;18.1000;-2.9709;3.9800
2025-02-25 14:00;22.0800;24.4157;17.8600;-2.3357;4.2200
2025-02-25 15:00;21.9600;23.0534;17.6300;-1.0934;4.3300
2025-02-25 16:00;21.7100;22.6132;17.4300;-0.9032;4.2800
2025-02-25 17:00;22.6300;21.7574;17.2500;0.8726;5.3800
2025-02-25 18:00;23.5400;21.8619;17.0900;1.6781;6.4500
2025-02-25 19:00;23.5400;21.7074;16.9500;1.8326;6.5900
2025-02-25 20:00;23.6600;21.7439;16.8300;1.9161;6.8300
2025-02-25 21:00;23.5400;21.6998;16.7200;1.8402;6.8200
2025-02-25 22:00;22.3800;21.5096;16.6300;0.8704;5.7500
2025-02-25 23:00;22.0800;21.8689;16.5500;0.2111;5.5300
2025-02-26 00:00;21.8300;22.5739;16.4900;-0.7439;5.3400
2025-02-26 01:00;21.9600;23.6632;16.4600;-1.7032;5.5000
2025-02-26 02:00;22.0800;25.3046;16.4900;-3.2246;5.5900
2025-02-26 03:00;22.0800;26.9617;16.5800;-4.8817;5.5000
2025-02-26 04:00;22.2000;28.7331;16.6800;-6.5331;5.5200
2025-02-26 05:00;23.1100;30.9954;16.8700;-7.8854;6.2400
2025-02-26 06:00;23.8500;34.1761;17.2800;-10.3261;6.5700
2025-02-26 07:00;25.0100;39.1953;18.0900;-14.1853;6.9200
2025-02-26 08:00;26.0400;45.3406;19.5000;-19.3006;6.5400
2025-02-26 09:00;27.2600;54.3800;21.7000;-27.1200;5.5600
2025-02-26 10:00;28.5400;64.9361;25.3800;-36.3961;3.1600
2025-02-26 11:00;31.0400;77.0689;31.7600;-46.0289;-0.7200
2025-02-26 12:00;33.9700;89.3653;41.6200;-55.3953;-7.6500
2025-02-26 13:00;45.3800;99.2029;53.9900;-53.8229;-8.6100
2025-02-26 14:00;85.1900;104.9765;66.3500;-19.7865;18.8400
2025-02-26 15:00;98.6300;107.0743;76.2200;-8.4443;22.4100
2025-02-26 16:00;96.3700;105.9843;82.5500;-9.6143;13.8200
2025-02-26 17:00;93.8700;102.7494;85.4700;-8.8794;8.4000
2025-02-26 18:00;90.4900;99.5456;85.5500;-9.0556;4.9400
2025-02-26 19:00;88.2300;97.4375;83.5100;-9.2075;4.7200
2025-02-26 20:00;85.7300;95.7208;80.3000;-9.9908;5.4300
2025-02-26 21:00;84.6000;93.8004;76.5700;-9.2004;8.0300
2025-02-26 22:00;80.2700;91.8042;72.3300;-11.5342;7.9400
2025-02-26 23:00;75.5900;88.5257;67.6900;-12.9357;7.9000
2025-02-27 00:00;71.5900;84.9521;63.1400;-13.3621;8.4500
2025-02-27 01:00;67.8700;80.8333;58.9700;-12.9633;8.9000
2025-02-27 02:00;64.9800;78.6684;55.2200;-13.6884;9.7600
2025-02-27 03:00;62.5000;76.1717;51.8200;-13.6717;10.6800
2025-02-27 04:00;59.6000;75.4723;48.6800;-15.8723;10.9200
2025-02-27 05:00;57.1200;74.3887;45.7900;-17.2687;11.3300
2025-02-27 06:00;55.1500;72.9323;43.1400;-17.7823;12.0100
2025-02-27 07:00;53.4800;70.7585;40.7400;-17.2785;12.7400
2025-02-27 08:00;51.5400;68.5239;38.5700;-16.9839;12.9700
2025-02-27 09:00;51.1700;66.2671;36.6300;-15.0971;14.5400
2025-02-27 10:00;48.7600;64.1983;34.8900;-15.4383;13.8700
2025-02-27 11:00;47.0000;61.5715;33.3300;-14.5715;13.6700
2025-02-27 12:00;44.6500;58.8355;31.9300;-14.1855;12.7200
2025-02-27 13:00;42.5800;56.2572;30.6800;-13.6772;11.9000
2025-02-27 14:00;39.9600;53.6367;29.5600;-13.6767;10.4000
2025-02-27 15:00;37.7400;50.8262;28.5500;-13.0862;9.1900
2025-02-27 16:00;36.2700;48.6972;27.6500;-12.4272;8.6200
2025-02-27 17:00;35.0600;46.2495;26.8400;-11.1895;8.2200
2025-02-27 18:00;35.9400;44.7345;26.1000;-8.7945;9.8400
2025-02-27 19:00;37.1700;43.2055;25.4400;-6.0355;11.7300
2025-02-27 20:00;35.2900;42.4911;24.8400;-7.2011;10.4500
2025-02-27 21:00;35.2000;42.3606;24.2900;-7.1606;10.9100
2025-02-27 22:00;34.7500;42.4004;23.8000;-7.6504;10.9500
2025-02-27 23:00;34.5400;42.8214;23.3400;-8.2814;11.2000
2025-02-28 00:00;34.2500;43.4275;22.9300;-9.1775;11.3200
2025-02-28 01:00;34.6800;43.9471;22.5500;-9.2671;12.1300
2025-02-28 02:00;33.3300;44.4649;22.2000;-11.1349;11.1300
2025-02-28 03:00;33.3300;44.3063;21.8800;-10.9763;11.4500
2025-02-28 04:00;32.1100;44.2827;21.5800;-12.1727;10.5300
2025-02-28 05:00;31.7500;44.2273;21.3100;-12.4773;10.4400
2025-02-28 06:00;31.7500;44.1432;21.0500;-12.3932;10.7000
2025-02-28 07:00;31.5400;43.9909;20.8100;-12.4509;10.7300
2025-02-28 08:00;31.5400;43.7583;20.5800;-12.2183;10.9600
2025-02-28 09:00;31.6100;43.2627;20.3600;-11.6527;11.2500
2025-02-28 10:00;30.4000;42.2983;20.1600;-11.8983;10.2400
2025-02-28 11:00;30.0400;40.8024;19.9600;-10.7624;10.0800
2025-02-28 12:00;28.4000;38.4759;19.7700;-10.0759;8.6300
2025-02-28 13:00;28.1800;36.1829;19.5900;-8.0029;8.5900
2025-02-28 14:00;28.0400;33.9516;19.4200;-5.9116;8.6200
2025-02-28 15:00;28.1800;32.7080;19.2500;-4.5280;8.9300
2025-02-28 16:00;27.1100;31.2360;19.1000;-4.1260;8.0100
2025-02-28 17:00;25.3100;30.7653;18.9800;-5.4553;6.3300
2025-02-28 18:00;24.4600;30.4087;18.8900;-5.9487;5.5700
2025-02-28 19:00;23.5400;30.9995;18.8400;-7.4595;4.7000
2025-02-28 20:00;22.9900;31.7361;18.8500;-8.7461;4.1400
2025-02-28 21:00;22.9300;32.4076;18.8800;-9.4776;4.0500
2025-02-28 22:00;22.2000;33.7241;18.9200;-11.5241;3.2800
2025-02-28 23:00;22.0800;34.0716;18.9300;-11.9916;3.1500
2025-03-01 00:00;22.3200;34.2358;18.9000;-11.9158;3.4200
2025-03-01 01:00;22.0800;33.9817;18.8300;-11.9017;3.2500
2025-03-01 02:00;22.0800;33.8837;18.7100;-11.8037;3.3700
2025-03-01 03:00;22.1400;34.1005;18.5700;-11.9605;3.5700
2025-03-01 04:00;22.1400;34.8197;18.4200;-12.6797;3.7200
2025-03-01 05:00;22.2600;36.1421;18.3300;-13.8821;3.9300
2025-03-01 06:00;23.4200;38.3642;18.4700;-14.9442;4.9500
2025-03-01 07:00;24.4600;40.6342;19.1000;-16.1742;5.3600
2025-03-01 08:00;25.0100;47.0921;20.5900;-22.0821;4.4200
2025-03-01 09:00;26.4100;52.3401;23.3700;-25.9301;3.0400
2025-03-01 10:00;27.4000;61.8589;27.9800;-34.4589;-0.5800
2025-03-01 11:00;30.8300;69.8822;35.4000;-39.0522;-4.5700
2025-03-01 12:00;34.5600;80.4471;45.5000;-45.8871;-10.9400
2025-03-01 13:00;38.7300;86.9137;56.2000;-48.1837;-17.4700
2025-03-01 14:00;44.5100;89.9838;64.6300;-45.4738;-20.1200
2025-03-01 15:00;52.4600;89.0430;69.1500;-36.5830;-16.6900
2025-03-01 16:00;53.1100;86.4947;69.9100;-33.3847;-16.8000
2025-03-01 17:00;51.1700;82.2338;68.0600;-31.0638;-16.8900
2025-03-01 18:00;49.2200;79.2184;64.9600;-29.9984;-15.7400
2025-03-01 19:00;47.9300;75.3795;61.4100;-27.4495;-13.4800
2025-03-01 20:00;46.9100;72.2950;57.8500;-25.3850;-10.9400
2025-03-01 21:00;45.8900;69.8171;54.5900;-23.9271;-8.7000
2025-03-01 22:00;44.8700;68.7571;51.7700;-23.8871;-6.9000
2025-03-01 23:00;44.0500;67.9104;49.3600;-23.8604;-5.3100
2025-03-02 00:00;43.3100;67.5519;47.2300;-24.2419;-3.9200
2025-03-02 01:00;42.7400;67.2401;45.2200;-24.5001;-2.4800
2025-03-02 02:00;42.4900;66.2052;43.2500;-23.7152;-0.7600
2025-03-02 03:00;41.1000;64.5734;41.3100;-23.4734;-0.2100
2025-03-02 04:00;39.3800;62.5330;39.4100;-23.1530;-0.0300
2025-03-02 05:00;38.2300;60.7305;37.5500;-22.5005;0.6800
2025-03-02 06:00;37.0100;58.5535;35.7600;-21.5435;1.2500
2025-03-02 07:00;36.7600;56.9196;34.0600;-20.1596;2.7000
2025-03-02 08:00;35.1200;55.3405;32.4700;-20.2205;2.6500
2025-03-02 09:00;35.7800;53.9400;30.9900;-18.1600;4.7900
2025-03-02 10:00;34.1100;52.4941;29.6300;-18.3841;4.4800
2025-03-02 11:00;31.4700;50.3864;28.3900;-18.9164;3.0800
2025-03-02 12:00;29.9000;48.3797;27.2800;-18.4797;2.6200
2025-03-02 13:00;29.3300;46.5078;26.2900;-17.1778;3.0400
2025-03-02 14:00;28.6800;44.4820;25.4000;-15.8020;3.2800
2025-03-02 15:00;28.2600;42.5450;24.6100;-14.2850;3.6500
2025-03-02 16:00;27.4000;40.8913;23.9000;-13.4913;3.5000
2025-03-02 17:00;26.6800;39.4892;23.2700;-12.8092;3.4100
2025-03-02 18:00;26.4900;38.7000;22.6900;-12.2100;3.8000
2025-03-02 19:00;26.3500;38.0862;22.1800;-11.7362;4.1700
2025-03-02 20:00;26.3500;37.9368;21.7100;-11.5868;4.6400
2025-03-02 21:00;26.4700;38.2968;21.2800;-11.8268;5.1900
2025-03-02 22:00;25.8000;38.5767;20.9000;-12.7767;4.9000
2025-03-02 23:00;25.0100;39.1004;20.5400;-14.0904;4.4700
2025-03-03 00:00;25.1300;39.6772;20.2200;-14.5472;4.9100
2025-03-03 01:00;25.0100;40.2879;19.9200;-15.2779;5.0900
2025-03-03 02:00;25.2500;41.1383;19.6500;-15.8883;5.6000
2025-03-03 03:00;24.7600;41.2221;19.4000;-16.4621;5.3600
2025-03-03 04:00;24.0900;41.4722;19.1700;-17.3822;4.9200
2025-03-03 05:00;23.7900;41.4983;18.9600;-17.7083;4.8300
2025-03-03 06:00;23.4200;41.4154;18.7600;-17.9954;4.6600
2025-03-03 07:00;23.4200;40.9602;18.5800;-17.5402;4.8400
2025-03-03 08:00;23.6000;40.9859;18.4100;-17.3859;5.1900
2025-03-03 09:00;24.5200;40.0795;18.2400;-15.5595;6.2800
2025-03-03 10:00;23.7200;38.4266;18.0900;-14.7066;5.6300
2025-03-03 11:00;22.3200;35.9653;17.9500;-13.6453;4.3700
2025-03-03 12:00;19.0100;33.4134;17.8100;-14.4034;1.2000
2025-03-03 13:00;17.9800;31.2005;17.6700;-13.2205;0.3100
2025-03-03 14:00;17.9300;28.8530;17.5400;-10.9230;0.3900
2025-03-03 15:00;17.8300;25.8022;17.4100;-7.9722;0.4200
2025-03-03 16:00;16.7600;23.4761;17.2800;-6.7161;-0.5200
2025-03-03 17:00;16.4600;21.7936;17.1600;-5.3336;-0.7000
2025-03-03 18:00;16.2600;20.9495;17.0400;-4.6895;-0.7800
2025-03-03 19:00;16.7600;21.6017;16.9100;-4.8417;-0.1500
2025-03-03 20:00;17.2200;22.3794;16.7900;-5.1594;0.4300
2025-03-03 21:00;17.0700;23.5948;16.6600;-6.5248;0.4100
2025-03-03 22:00;17.0200;24.7330;16.5400;-7.7130;0.4800
2025-03-03 23:00;16.7100;26.1413;16.4200;-9.4313;0.2900
2025-03-04 00:00;16.8700;27.4924;16.3000;-10.6224;0.5700
2025-03-04 01:00;16.8700;28.9579;16.1900;-12.0879;0.6800
2025-03-04 02:00;16.5600;29.8172;16.0800;-13.2572;0.4800
2025-03-04 03:00;16.4600;30.8761;15.9700;-14.4161;0.4900
2025-03-04 04:00;16.0500;31.3828;15.8600;-15.3328;0.1900
2025-03-04 05:00;15.7500;31.8964;15.7700;-16.1464;-0.0200
2025-03-04 06:00;15.8500;32.2967;15.6700;-16.4467;0.1800
2025-03-04 07:00;15.5000;32.5568;15.5800;-17.0568;-0.0800
2025-03-04 08:00;16.0500;32.6828;15.5000;-16.6328;0.5500
2025-03-04 09:00;16.6600;32.0640;15.4100;-15.4040;1.2500
2025-03-04 10:00;16.6600;30.4428;15.3300;-13.7828;1.3300
2025-03-04 11:00;15.6000;27.9038;15.2500;-12.3038;0.3500
2025-03-04 12:00;14.1800;25.4642;15.1700;-11.2842;-0.9900
2025-03-04 13:00;13.5200;22.7148;15.1000;-9.1948;-1.5800
2025-03-04 14:00;13.0600;19.7699;15.0200;-6.7099;-1.9600
2025-03-04 15:00;12.2400;17.2213;14.9500;-4.9813;-2.7100
2025-03-04 16:00;12.2400;15.3799;14.8700;-3.1399;-2.6300
2025-03-04 17:00;12.0000;14.3683;14.8000;-2.3683;-2.8000
2025-03-04 18:00;12.0800;14.2843;14.7200;-2.2043;-2.6400
2025-03-04 19:00;12.0400;14.8951;14.6400;-2.8551;-2.6000
2025-03-04 20:00;12.8200;16.2372;14.5700;-3.4172;-1.7500
2025-03-04 21:00;12.4900;17.4130;14.4900;-4.9230;-2.0000
2025-03-04 22:00;12.6900;18.7378;14.4100;-6.0478;-1.7200
2025-03-04 23:00;12.9000;19.6697;14.3300;-6.7697;-1.4300
2025-03-05 00:00;12.8400;20.8716;14.2500;-8.0316;-1.4100
2025-03-05 01:00;12.2400;21.8225;14.1800;-9.5825;-1.9400
2025-03-05 02:00;11.7600;22.7438;14.1000;-10.9838;-2.3400
2025-03-05 03:00;11.8400;22.8870;14.0300;-11.0470;-2.1900
2025-03-05 04:00;12.1600;22.9544;13.9600;-10.7944;-1.8000
2025-03-05 05:00;12.2400;22.8886;13.8900;-10.6486;-1.6500
2025-03-05 06:00;12.0800;23.0827;13.8200;-11.0027;-1.7400
2025-03-05 07:00;11.9200;23.1394;13.7600;-11.2194;-1.8400
2025-03-05 08:00;12.3300;23.0156;13.7000;-10.6856;-1.3700
2025-03-05 09:00;12.9400;22.4958;13.6400;-9.5558;-0.7000
2025-03-05 10:00;12.5700;20.6306;13.5800;-8.0606;-1.0100
2025-03-05 11:00;12.2400;18.4124;13.5200;-6.1724;-1.2800
2025-03-05 12:00;11.4300;16.2475;13.4700;-4.8175;-2.0400
2025-03-05 13:00;11.0200;14.2515;13.4100;-3.2315;-2.3900
2025-03-05 14:00;10.5700;11.7746;13.3600;-1.2046;-2.7900
2025-03-05 15:00;9.9600;9.7536;13.3000;0.2064;-3.3400
2025-03-05 16:00;9.5600;8.8873;13.2500;0.6727;-3.6900
2025-03-05 17:00;8.0200;8.4441;13.1900;-0.4241;-5.1700
2025-03-05 18:00;7.0900;8.6060;13.1400;-1.5160;-6.0500
2025-03-05 19:00;6.9100;9.4515;13.0800;-2.5415;-6.1700
2025-03-05 20:00;7.3400;10.6772;13.0300;-3.3372;-5.6900
2025-03-05 21:00;7.3700;11.9391;12.9700;-4.5691;-5.6000
2025-03-05 22:00;7.3100;12.9179;12.9100;-5.6079;-5.6000
2025-03-05 23:00;7.3400;13.8624;12.8500;-6.5224;-5.5100
2025-03-06 00:00;7.4300;14.7041;12.8000;-7.2741;-5.3700
2025-03-06 01:00;7.0300;15.3410;12.7400;-8.3110;-5.7100
2025-03-06 02:00;7.4300;15.8802;12.6800;-8.4502;-5.2500
2025-03-06 03:00;7.4300;16.2447;12.6300;-8.8147;-5.2000
2025-03-06 04:00;7.6200;16.6625;12.5700;-9.0425;-4.9500
2025-03-06 05:00;7.8000;16.8722;12.5200;-9.0722;-4.7200
2025-03-06 06:00;7.5800;17.1593;12.4700;-9.5793;-4.8900
2025-03-06 07:00;7.7400;17.3153;12.4300;-9.5753;-4.6900
2025-03-06 08:00;8.4100;17.4110;12.3800;-9.0010;-3.9700
2025-03-06 09:00;8.8200;16.8988;12.3400;-8.0788;-3.5200
2025-03-06 10:00;8.7800;15.1802;12.2900;-6.4002;-3.5100
2025-03-06 11:00;8.3000;12.9017;12.2500;-4.6017;-3.9500
2025-03-06 12:00;7.0000;10.6175;12.2100;-3.6175;-5.2100
2025-03-06 13:00;6.5700;8.7703;12.1600;-2.2003;-5.5900
2025-03-06 14:00;6.3500;7.2599;12.1200;-0.9099;-5.7700
2025-03-06 15:00;5.7600;6.3979;12.0800;-0.6379;-6.3200
2025-03-06 16:00;4.7900;5.9029;12.0300;-1.1129;-7.2400
2025-03-06 17:00;4.4300;5.8358;11.9900;-1.4058;-7.5600
2025-03-06 18:00;4.9000;6.0523;11.9500;-1.1523;-7.0500
2025-03-06 19:00;5.7000;6.9654;11.9000;-1.2654;-6.2000
2025-03-06 20:00;5.3900;8.1389;11.8600;-2.7489;-6.4700
2025-03-06 21:00;5.1700;9.2590;11.8200;-4.0890;-6.6500
2025-03-06 22:00;5.5500;10.1498;11.7700;-4.5998;-6.2200
2025-03-06 23:00;5.6400;11.0623;11.7300;-5.4223;-6.0900
2025-03-07 00:00;5.8000;11.9385;11.6800;-6.1385;-5.8800
2025-03-07 01:00;5.8900;12.7381;11.6300;-6.8481;-5.7400
2025-03-07 02:00;5.9500;13.1595;11.5900;-7.2095;-5.6400
2025-03-07 03:00;5.8300;13.5890;11.5500;-7.7590;-5.7200
2025-03-07 04:00;5.8000;13.8502;11.5100;-8.0502;-5.7100
2025-03-07 05:00;5.6700;14.3855;11.4700;-8.7155;-5.8000
2025-03-07 06:00;6.0100;14.6315;11.4300;-8.6215;-5.4200
2025-03-07 07:00;6.0700;14.9717;11.3900;-8.9017;-5.3200
2025-03-07 08:00;6.2900;15.0376;11.3600;-8.7476;-5.0700
2025-03-07 09:00;6.4400;14.6713;11.3200;-8.2313;-4.8800
2025-03-07 10:00;6.0100;13.0965;11.2900;-7.0865;-5.2800
2025-03-07 11:00;5.4900;10.8823;11.2600;-5.3923;-5.7700
2025-03-07 12:00;4.9900;8.9141;11.2200;-3.9241;-6.2300
2025-03-07 13:00;4.5600;7.5105;11.1900;-2.9505;-6.6300
2025-03-07 14:00;4.1100;6.3563;11.1600;-2.2463;-7.0500
2025-03-07 15:00;4.1300;5.5398;11.1300;-1.4098;-7.0000
2025-03-07 16:00;3.7200;5.0510;11.0900;-1.3310;-7.3700
2025-03-07 17:00;3.3400;4.9508;11.0600;-1.6108;-7.7200
2025-03-07 18:00;3.5300;5.1176;11.0300;-1.5876;-7.5000
2025-03-07 19:00;3.7700;5.5548;10.9900;-1.7848;-7.2200
2025-03-07 20:00;3.8700;6.5987;10.9600;-2.7287;-7.0900
2025-03-07 21:00;4.0600;7.5285;10.9300;-3.4685;-6.8700
2025-03-07 22:00;3.9800;8.4269;10.8900;-4.4469;-6.9100
2025-03-07 23:00;4.0600;9.0534;10.8600;-4.9934;-6.8000
2025-03-08 00:00;4.4700;9.8289;10.8200;-5.3589;-6.3500
2025-03-08 01:00;4.4700;10.1868;10.7800;-5.7168;-6.3100
2025-03-08 02:00;4.6100;10.6585;10.7500;-6.0485;-6.1400
2025-03-08 03:00;4.4900;10.8174;10.7100;-6.3274;-6.2200
2025-03-08 04:00;4.5100;11.0330;10.6800;-6.5230;-6.1700
2025-03-08 05:00;4.4700;11.2229;10.6500;-6.7529;-6.1800
2025-03-08 06:00;4.7000;11.3211;10.6200;-6.6211;-5.9200
2025-03-08 07:00;4.3200;11.3238;10.5900;-7.0038;-6.2700
2025-03-08 08:00;4.9300;11.2403;10.5600;-6.3103;-5.6300
2025-03-08 09:00;4.8100;10.7826;10.5300;-5.9726;-5.7200
2025-03-08 10:00;4.3800;9.5661;10.5000;-5.1861;-6.1200
2025-03-08 11:00;4.3800;7.8968;10.4700;-3.5168;-6.0900
2025-03-08 12:00;3.9200;6.6904;10.4400;-2.7704;-6.5200
2025-03-08 13:00;3.3600;5.7333;10.4200;-2.3733;-7.0600
2025-03-08 14:00;3.3200;4.8945;10.3900;-1.5745;-7.0700
2025-03-08 15:00;2.7400;4.3023;10.3600;-1.5623;-7.6200
2025-03-08 16:00;2.2800;3.9908;10.3300;-1.7108;-8.0500
2025-03-08 17:00;2.3700;3.7852;10.3000;-1.4152;-7.9300
2025-03-08 18:00;2.6100;3.8543;10.2800;-1.2443;-7.6700
2025-03-08 19:00;2.9800;4.1419;10.2500;-1.1619;-7.2700
2025-03-08 20:00;3.0800;4.6117;10.2200;-1.5317;-7.1400
2025-03-08 21:00;3.0000;5.2770;10.1900;-2.2770;-7.1900
2025-03-08 22:00;2.8900;5.6159;10.1600;-2.7259;-7.2700
2025-03-08 23:00;3.0800;6.0492;10.1300;-2.9692;-7.0500
2025-03-09 00:00;3.3400;6.2748;10.1000;-2.9348;-6.7600
2025-03-09 01:00;3.3000;6.5606;10.0700;-3.2606;-6.7700
2025-03-09 02:00;3.0400;6.7136;10.0400;-3.6736;-7.0000
2025-03-09 03:00;2.9800;6.7824;10.0100;-3.8024;-7.0300
2025-03-09 04:00;2.8900;6.7286;9.9800;-3.8386;-7.0900
2025-03-09 05:00;2.8500;6.6270;9.9500;-3.7770;-7.1000
2025-03-09 06:00;2.9300;6.6006;9.9200;-3.6706;-6.9900
2025-03-09 07:00;3.1500;6.6724;9.8900;-3.5224;-6.7400
2025-03-09 08:00;3.7400;6.8182;9.8700;-3.0782;-6.1300
2025-03-09 09:00;3.7000;6.6642;9.8400;-2.9642;-6.1400
2025-03-09 10:00;3.3000;5.9902;9.8200;-2.6902;-6.5200
2025-03-09 11:00;3.2800;5.2820;9.7900;-2.0020;-6.5100
2025-03-09 12:00;3.3000;4.6430;9.7700;-1.3430;-6.4700
2025-03-09 13:00;2.9800;4.2789;9.7400;-1.2989;-6.7600
2025-03-09 14:00;3.0000;3.8657;9.7200;-0.8657;-6.7200
2025-03-09 15:00;3.2300;3.5850;9.6900;-0.3550;-6.4600
2025-03-09 16:00;3.2500;3.3444;9.6700;-0.0944;-6.4200
2025-03-09 17:00;3.1000;3.3225;9.6400;-0.2225;-6.5400
2025-03-09 18:00;2.9300;3.3656;9.6200;-0.4356;-6.6900
2025-03-09 19:00;2.8500;3.6112;9.5900;-0.7612;-6.7400
2025-03-09 20:00;2.4200;4.0885;9.5700;-1.6685;-7.1500
2025-03-09 21:00;2.2700;5.1231;9.5400;-2.8531;-7.2700
2025-03-09 22:00;2.3400;6.8474;9.5200;-4.5074;-7.1800
2025-03-09 23:00;2.3400;8.8477;9.5000;-6.5077;-7.1600
2025-03-10 00:00;2.3800;11.3073;9.4900;-8.9273;-7.1100
2025-03-10 01:00;2.4200;14.1633;9.4900;-11.7433;-7.0700
2025-03-10 02:00;2.3400;17.4686;9.5200;-15.1286;-7.1800
2025-03-10 03:00;2.3400;20.7183;9.6300;-18.3783;-7.2900
2025-03-10 04:00;2.5300;25.2031;9.8800;-22.6731;-7.3500
2025-03-10 05:00;2.8100;30.5927;10.4200;-27.7827;-7.6100
2025-03-10 06:00;3.0400;37.1711;11.5300;-34.1311;-8.4900
2025-03-10 07:00;3.8300;46.4368;13.8300;-42.6068;-10.0000
2025-03-10 08:00;4.8000;57.5080;18.3500;-52.7080;-13.5500
2025-03-10 09:00;6.8100;73.3401;26.3700;-66.5301;-19.5600
2025-03-10 10:00;47.5300;87.1397;37.8800;-39.6097;9.6500
2025-03-10 11:00;134.8000;98.8182;50.5400;35.9818;84.2600
2025-03-10 12:00;127.8200;102.7215;60.9700;25.0985;66.8500
2025-03-10 13:00;111.5200;105.1906;67.1700;6.3294;44.3500
2025-03-10 14:00;96.7500;98.2089;69.0800;-1.4589;27.6700
2025-03-10 15:00;83.2300;89.1335;67.8500;-5.9035;15.3800
2025-03-10 16:00;78.8100;80.5474;64.8300;-1.7374;13.9800
2025-03-10 17:00;70.1400;75.0465;60.9700;-4.9065;9.1700
2025-03-10 18:00;61.5600;69.7968;56.9000;-8.2368;4.6600
2025-03-10 19:00;53.5700;65.9100;52.9600;-12.3400;0.6100
2025-03-10 20:00;49.6800;63.0483;49.3000;-13.3683;0.3800
2025-03-10 21:00;45.9100;60.7894;45.9900;-14.8794;-0.0800
2025-03-10 22:00;42.0800;59.6262;43.0700;-17.5462;-0.9900
2025-03-10 23:00;39.5500;58.2795;40.5200;-18.7295;-0.9700
2025-03-11 00:00;38.2300;57.2487;38.3500;-19.0187;-0.1200
2025-03-11 01:00;37.0100;56.5752;36.5000;-19.5652;0.5100
2025-03-11 02:00;35.9400;56.2099;34.9400;-20.2699;1.0000
2025-03-11 03:00;33.5400;55.0204;33.5900;-21.4804;-0.0500
2025-03-11 04:00;32.1100;54.0802;32.4400;-21.9702;-0.3300
2025-03-11 05:00;31.1800;53.8957;31.4400;-22.7157;-0.2600
2025-03-11 06:00;29.6100;53.0959;30.5700;-23.4859;-0.9600
2025-03-11 07:00;29.6800;53.6025;29.7900;-23.9225;-0.1100
2025-03-11 08:00;28.5400;52.6926;29.1000;-24.1526;-0.5600
2025-03-11 09:00;27.6800;52.9980;28.5000;-25.3180;-0.8200
2025-03-11 10:00;26.7600;51.5023;27.9800;-24.7423;-1.2200
2025-03-11 11:00;24.8800;50.7814;27.5100;-25.9014;-2.6300
2025-03-11 12:00;23.0500;48.0834;27.1000;-25.0334;-4.0500
2025-03-11 13:00;23.7200;45.3596;26.7100;-21.6396;-2.9900
2025-03-11 14:00;22.9300;42.8428;26.3400;-19.9128;-3.4100
2025-03-11 15:00;22.2000;39.6349;25.9700;-17.4349;-3.7700
2025-03-11 16:00;22.0800;38.1421;25.5900;-16.0621;-3.5100
2025-03-11 17:00;21.5300;35.8870;25.2100;-14.3570;-3.6800
2025-03-11 18:00;21.2900;35.5775;24.8400;-14.2875;-3.5500
2025-03-11 19:00;20.9200;34.8094;24.4700;-13.8894;-3.5500
2025-03-11 20:00;20.7400;35.0450;24.1100;-14.3050;-3.3700
2025-03-11 21:00;19.8800;34.8821;23.7800;-15.0021;-3.9000
2025-03-11 22:00;19.2100;36.2798;23.4900;-17.0698;-4.2800
2025-03-11 23:00;18.9000;37.4833;23.2600;-18.5833;-4.3600
2025-03-12 00:00;18.1400;39.3232;23.1100;-21.1832;-4.9700
2025-03-12 01:00;18.7400;39.3665;23.1300;-20.6265;-4.3900
2025-03-12 02:00;18.5900;42.6847;23.4800;-24.0947;-4.8900
2025-03-12 03:00;18.9500;48.1072;24.5100;-29.1572;-5.5600
2025-03-12 04:00;20.1300;61.6682;27.6700;-41.5382;-7.5400
2025-03-12 05:00;23.4800;93.0129;37.8500;-69.5329;-14.3700
2025-03-12 06:00;28.6800;147.3401;65.4600;-118.6601;-36.7800
2025-03-12 07:00;85.2800;214.6447;119.3400;-129.3647;-34.0600
2025-03-12 08:00;272.3800;273.6707;190.4600;-1.2907;81.9200
2025-03-12 09:00;380.7300;328.6722;253.2400;52.0578;127.4900
2025-03-12 10:00;337.8400;353.3527;287.4300;-15.5127;50.4100
2025-03-12 11:00;266.7800;357.5842;291.7100;-90.8042;-24.9300
2025-03-12 12:00;224.5300;324.2982;275.7200;-99.7682;-51.1900
2025-03-12 13:00;198.2100;282.4063;250.7000;-84.1963;-52.4900
2025-03-12 14:00;174.6200;237.6408;224.2700;-63.0208;-49.6500
2025-03-12 15:00;159.9000;203.2545;201.1000;-43.3545;-41.2000
2025-03-12 16:00;148.1600;191.5085;183.7800;-43.3485;-35.6200
2025-03-12 17:00;140.2100;194.5806;174.3900;-54.3706;-34.1800
2025-03-12 18:00;135.9300;213.0184;173.7300;-77.0884;-37.8000
2025-03-12 19:00;150.1100;232.6410;180.0900;-82.5310;-29.9800
2025-03-12 20:00;187.3800;256.1303;189.1500;-68.7503;-1.7700
2025-03-12 21:00;214.5300;267.5226;195.9800;-52.9926;18.5500
2025-03-12 22:00;212.2100;274.2769;197.8600;-62.0669;14.3500
2025-03-12 23:00;204.7000;265.1865;194.0500;-60.4865;10.6500
2025-03-13 00:00;195.6500;251.5658;185.8700;-55.9158;9.7800
2025-03-13 01:00;184.3800;231.3704;175.5400;-46.9904;8.8400
2025-03-13 02:00;176.4000;215.8460;165.1800;-39.4460;11.2200
2025-03-13 03:00;168.9000;203.6077;156.0100;-34.7077;12.8900
2025-03-13 04:00;170.1200;198.7899;148.2000;-28.6699;21.9200
2025-03-13 05:00;174.9500;191.7034;141.2200;-16.7534;33.7300
2025-03-13 06:00;179.4900;188.1927;134.4100;-8.7027;45.0800
2025-03-13 07:00;189.8200;177.1457;127.3100;12.6743;62.5100
2025-03-13 08:00;186.7400;169.9297;119.8800;16.8103;66.8600
2025-03-13 09:00;181.3000;156.1288;112.3500;25.1712;68.9500
2025-03-13 10:00;171.4900;145.0795;105.1600;26.4105;66.3300
2025-03-13 11:00;157.3500;138.4169;98.8000;18.9331;58.5500
2025-03-13 12:00;153.2900;136.1055;93.8700;17.1845;59.4200
2025-03-13 13:00;149.1300;137.4814;90.9700;11.6486;58.1600
2025-03-13 14:00;152.2500;139.7917;90.4200;12.4583;61.8300
2025-03-13 15:00;154.2900;146.2262;92.0300;8.0638;62.2600
2025-03-13 16:00;162.1000;148.8380;95.1600;13.2620;66.9400
2025-03-13 17:00;182.8000;153.0006;98.7200;29.7994;84.0800
2025-03-13 18:00;200.4600;150.0335;101.6600;50.4265;98.8000
2025-03-13 19:00;204.8900;147.9198;103.0800;56.9702;101.8100
2025-03-13 20:00;196.9900;141.9015;102.6300;55.0885;94.3600
2025-03-13 21:00;192.0000;138.9178;100.6100;53.0822;91.3900
2025-03-13 22:00;194.6700;133.5714;98.0000;61.0986;96.6700
2025-03-13 23:00;192.3600;135.1633;96.1400;57.1967;96.2200
2025-03-14 00:00;192.3600;139.9007;96.6400;52.4593;95.7200
2025-03-14 01:00;193.3200;154.6119;101.3800;38.7081;91.9400
2025-03-14 02:00;202.5800;169.3582;111.8800;33.2218;90.7000
2025-03-14 03:00;214.2100;188.8673;128.4900;25.3427;85.7200
2025-03-14 04:00;243.9900;211.8202;149.7900;32.1698;94.2000
2025-03-14 05:00;255.9700;234.8587;173.6700;21.1113;82.3000
2025-03-14 06:00;259.6700;255.7226;198.4300;3.9474;61.2400
2025-03-14 07:00;273.8500;282.1500;225.1200;-8.3000;48.7300
2025-03-14 08:00;294.5900;321.2818;261.2200;-26.6918;33.3700
2025-03-14 09:00;331.1400;373.2486;313.7400;-42.1086;17.4000
2025-03-14 10:00;408.8700;428.5127;377.0400;-19.6427;31.8300
2025-03-14 11:00;542.4300;471.1925;433.6300;71.2375;108.8000
2025-03-14 12:00;621.0000;516.0604;465.2500;104.9396;155.7500
2025-03-14 13:00;603.1700;519.8260;464.9700;83.3440;138.2000
2025-03-14 14:00;526.7300;512.8263;438.4800;13.9037;88.2500
2025-03-14 15:00;422.4400;463.6090;397.9300;-41.1690;24.5100
2025-03-14 16:00;353.1200;412.1748;354.5800;-59.0548;-1.4600
2025-03-14 17:00;313.2400;353.6281;317.1600;-40.3881;-3.9200
2025-03-14 18:00;293.5000;318.8935;292.1200;-25.3935;1.3800
2025-03-14 19:00;286.3600;308.7572;284.2500;-22.3972;2.1100
2025-03-14 20:00;330.9700;318.3356;293.6900;12.6344;37.2800
2025-03-14 21:00;417.6200;345.3615;314.8600;72.2585;102.7600
2025-03-14 22:00;452.0600;374.1593;335.8500;77.9007;116.2100
2025-03-14 23:00;452.3800;399.0854;347.6600;53.2946;104.7200
2025-03-15 00:00;424.5700;412.7579;347.4900;11.8121;77.0800
2025-03-15 01:00;392.6300;412.8491;337.6400;-20.2191;54.9900
2025-03-15 02:00;367.6400;401.8423;323.6600;-34.2023;43.9800
2025-03-15 03:00;369.5000;385.9428;310.4900;-16.4428;59.0100
2025-03-15 04:00;369.1900;374.9465;301.3100;-5.7565;67.8800
2025-03-15 05:00;370.4300;372.0337;297.4000;-1.6037;73.0300
2025-03-15 06:00;392.9500;370.7227;297.7500;22.2273;95.2000
2025-03-15 07:00;421.0600;375.7267;298.8800;45.3333;122.1800
2025-03-15 08:00;418.8400;368.6684;296.4700;50.1716;122.3700
2025-03-15 09:00;418.5200;361.9421;287.6600;56.5779;130.8600
2025-03-15 10:00;390.7300;340.0012;272.2300;50.7288;118.5000
2025-03-15 11:00;363.2800;314.7331;251.9600;48.5469;111.3200
2025-03-15 12:00;342.6400;282.0923;229.6500;60.5477;112.9900
2025-03-15 13:00;317.9100;248.8638;207.7300;69.0462;110.1800
2025-03-15 14:00;297.3200;219.9467;187.5700;77.3733;109.7500
2025-03-15 15:00;276.3500;195.9796;169.7500;80.3704;106.6000
2025-03-15 16:00;261.3600;178.6513;154.4000;82.7087;106.9600
2025-03-15 17:00;245.4100;167.7836;141.3400;77.6264;104.0700
2025-03-15 18:00;233.6700;158.5487;130.3700;75.1213;103.3000
2025-03-15 19:00;226.3200;157.1215;121.4600;69.1985;104.8600
2025-03-15 20:00;222.2300;154.7107;114.9600;67.5193;107.2700
2025-03-15 21:00;218.5500;161.1987;111.4600;57.3513;107.0900
2025-03-15 22:00;216.9200;171.3065;111.5600;45.6135;105.3600
2025-03-15 23:00;223.6600;186.1238;115.2200;37.5362;108.4400
2025-03-16 00:00;228.3600;201.5930;121.3900;26.7670;106.9700
2025-03-16 01:00;228.1500;212.0390;128.3800;16.1110;99.7700
2025-03-16 02:00;225.7000;220.9461;134.3000;4.7539;91.4000
2025-03-16 03:00;226.1100;218.5432;137.6500;7.5668;88.4600
2025-03-16 04:00;222.2300;208.8739;137.6800;13.3561;84.5500
2025-03-16 05:00;216.3200;194.4624;134.5000;21.8576;81.8200
2025-03-16 06:00;208.1700;180.4262;128.9000;27.7438;79.2700
2025-03-16 07:00;201.6100;166.7126;121.8200;34.8974;79.7900
2025-03-16 08:00;198.7200;154.6275;114.1500;44.0925;84.5700
2025-03-16 09:00;192.0800;143.9577;106.5400;48.1223;85.5400
2025-03-16 10:00;183.2900;135.8276;99.4000;47.4624;83.8900
2025-03-16 11:00;175.3100;127.8256;92.8900;47.4844;82.4200
2025-03-16 12:00;167.5400;122.1126;87.0500;45.4274;80.4900
2025-03-16 13:00;159.5600;116.4854;81.8500;43.0746;77.7100
2025-03-16 14:00;156.8400;112.4627;77.2400;44.3773;79.6000
2025-03-16 15:00;149.9000;108.4529;73.1800;41.4471;76.7200
2025-03-16 16:00;144.6600;105.0736;69.5800;39.5864;75.0800
2025-03-16 17:00;138.6300;102.6747;66.3900;35.9553;72.2400
2025-03-16 18:00;136.4100;100.0039;63.5500;36.4061;72.8600
2025-03-16 19:00;133.2300;98.0019;61.0100;35.2281;72.2200
2025-03-16 20:00;131.0500;96.2468;58.7300;34.8032;72.3200
2025-03-16 21:00;128.5200;94.5267;56.6900;33.9933;71.8300
2025-03-16 22:00;127.0400;93.5445;54.8600;33.4955;72.1800
2025-03-16 23:00;124.3900;92.2884;53.2000;32.1016;71.1900
2025-03-17 00:00;120.8500;91.4460;51.6900;29.4040;69.1600
2025-03-17 01:00;119.6700;90.3875;50.3200;29.2825;69.3500
2025-03-17 02:00;118.6400;88.8551;49.0600;29.7849;69.5800
2025-03-17 03:00;114.2400;87.6745;47.9100;26.5655;66.3300
2025-03-17 04:00;109.1200;86.0876;46.8400;23.0324;62.2800
2025-03-17 05:00;106.2500;84.8659;45.8500;21.3841;60.4000
2025-03-17 06:00;103.9400;83.3514;44.9300;20.5886;59.0100
2025-03-17 07:00;99.5700;81.9999;44.0600;17.5701;55.5100
2025-03-17 08:00;95.8700;80.6815;43.2400;15.1885;52.6300
2025-03-17 09:00;95.1200;78.9278;42.4700;16.1922;52.6500
2025-03-17 10:00;88.9800;76.5655;41.7300;12.4145;47.2500
2025-03-17 11:00;78.9000;74.2054;41.0300;4.6946;37.8700
2025-03-17 12:00;76.2700;71.5058;40.3600;4.7642;35.9100
2025-03-17 13:00;73.8700;68.4931;39.7100;5.3769;34.1600
2025-03-17 14:00;72.7300;65.3693;39.0900;7.3607;33.6400
2025-03-17 15:00;71.4700;62.6318;38.4800;8.8382;32.9900
2025-03-17 16:00;71.1300;60.4729;37.9000;10.6571;33.2300
2025-03-17 17:00;71.3600;59.4697;37.3200;11.8903;34.0400
2025-03-17 18:00;78.5600;59.0140;36.7600;19.5460;41.8000
2025-03-17 19:00;79.3600;59.1139;36.2200;20.2461;43.1400
2025-03-17 20:00;79.1300;59.4475;35.6800;19.6825;43.4500
2025-03-17 21:00;77.1900;59.3756;35.1600;17.8144;42.0300
2025-03-17 22:00;76.6200;59.6076;34.6600;17.0124;41.9600
2025-03-17 23:00;74.6700;59.9900;34.1800;14.6800;40.4900
2025-03-18 00:00;75.0200;60.3476;33.7100;14.6724;41.3100
2025-03-18 01:00;73.8700;60.3242;33.2600;13.5458;40.6100
2025-03-18 02:00;73.8700;60.5887;32.8300;13.2813;41.0400
2025-03-18 03:00;72.6200;60.5994;32.4100;12.0206;40.2100
2025-03-18 04:00;71.1300;60.5188;32.0100;10.6112;39.1200
2025-03-18 05:00;70.4500;59.9219;31.6200;10.5281;38.8300
2025-03-18 06:00;70.7900;59.9138;31.2500;10.8762;39.5400
2025-03-18 07:00;70.1000;59.5910;30.9000;10.5090;39.2000
2025-03-18 08:00;66.3500;59.5323;30.5500;6.8177;35.8000
2025-03-18 09:00;63.5300;58.8939;30.2200;4.6361;33.3100
2025-03-18 10:00;60.6300;58.2805;29.8900;2.3495;30.7400
2025-03-18 11:00;57.6600;57.5589;29.5800;0.1011;28.0800
2025-03-18 12:00;54.6100;56.5364;29.2800;-1.9264;25.3300
2025-03-18 13:00;52.9200;55.1634;28.9800;-2.2434;23.9400
2025-03-18 14:00;52.3700;53.3145;28.6900;-0.9445;23.6800
2025-03-18 15:00;51.4400;51.3795;28.4100;0.0605;23.0300
2025-03-18 16:00;50.1500;49.3495;28.1400;0.8005;22.0100
2025-03-18 17:00;51.5400;47.7719;27.8700;3.7681;23.6700
2025-03-18 18:00;53.7600;46.6418;27.6000;7.1182;26.1600
2025-03-18 19:00;54.7800;46.0736;27.3400;8.7064;27.4400
2025-03-18 20:00;55.5200;46.0480;27.0900;9.4720;28.4300
2025-03-18 21:00;53.7600;46.2779;26.8300;7.4821;26.9300
2025-03-18 22:00;53.7600;46.6309;26.5900;7.1291;27.1700
2025-03-18 23:00;53.3900;47.2503;26.3400;6.1397;27.0500
2025-03-19 00:00;53.5700;48.1764;26.1100;5.3936;27.4600
2025-03-19 01:00;53.2000;48.5283;25.8700;4.6717;27.3300
2025-03-19 02:00;53.3900;48.9430;25.6500;4.4470;27.7400
2025-03-19 03:00;53.5700;49.2036;25.4300;4.3664;28.1400
2025-03-19 04:00;52.0000;49.0281;25.2100;2.9719;26.7900
2025-03-19 05:00;51.5400;48.9834;25.0100;2.5566;26.5300
2025-03-19 06:00;51.7200;48.7799;24.8000;2.9401;26.9200
2025-03-19 07:00;51.5400;48.4926;24.6100;3.0474;26.9300
2025-03-19 08:00;52.6500;48.1741;24.4100;4.4759;28.2400
2025-03-19 09:00;53.0200;47.2398;24.2200;5.7802;28.8000
2025-03-19 10:00;51.2600;45.5149;24.0400;5.7451;27.2200
2025-03-19 11:00;48.5700;43.1283;23.8500;5.4417;24.7200
2025-03-19 12:00;47.0000;40.1671;23.6700;6.8329;23.3300
2025-03-19 13:00;46.5400;36.4516;23.4900;10.0884;23.0500
2025-03-19 14:00;44.5700;32.7925;23.3100;11.7775;21.2600
2025-03-19 15:00;42.6600;29.1964;23.1400;13.4636;19.5200
2025-03-19 16:00;42.0800;26.1437;22.9600;15.9363;19.1200
2025-03-19 17:00;39.7900;24.4352;22.7900;15.3548;17.0000
2025-03-19 18:00;40.6100;24.0282;22.6100;16.5818;18.0000
2025-03-19 19:00;41.5100;24.4311;22.4300;17.0789;19.0800
2025-03-19 20:00;41.5900;25.4441;22.2600;16.1459;19.3300
2025-03-19 21:00;40.1200;26.7542;22.0800;13.3658;18.0400
2025-03-19 22:00;39.1400;28.3619;21.9100;10.7781;17.2300
2025-03-19 23:00;38.9700;30.2231;21.7400;8.7469;17.2300
2025-03-20 00:00;38.9700;31.7802;21.5700;7.1898;17.4000
2025-03-20 01:00;40.7700;33.5999;21.4000;7.1701;19.3700
2025-03-20 02:00;39.4600;34.4997;21.2400;4.9603;18.2200
2025-03-20 03:00;39.1400;35.5021;21.0800;3.6379;18.0600
2025-03-20 04:00;39.4600;35.4322;20.9300;4.0278;18.5300
2025-03-20 05:00;38.9700;35.8165;20.7800;3.1535;18.1900
2025-03-20 06:00;38.9700;35.7958;20.6400;3.1742;18.3300
2025-03-20 07:00;39.1400;35.9754;20.5100;3.1646;18.6300
2025-03-20 08:00;39.3800;35.7508;20.3700;3.6292;19.0100
2025-03-20 09:00;39.3800;35.0887;20.2400;4.2913;19.1400
2025-03-20 10:00;38.8900;32.3988;20.1200;6.4912;18.7700
2025-03-20 11:00;36.9200;29.3104;19.9900;7.6096;16.9300
2025-03-20 12:00;35.3700;26.3018;19.8700;9.0682;15.5000
2025-03-20 13:00;34.4200;23.2133;19.7500;11.2067;14.6700
2025-03-20 14:00;33.1100;20.0902;19.6300;13.0198;13.4800
2025-03-20 15:00;32.4000;18.1546;19.5100;14.2454;12.8900
2025-03-20 16:00;31.8300;16.7276;19.3900;15.1024;12.4400
2025-03-20 17:00;34.3700;16.2575;19.2700;18.1125;15.1000
2025-03-20 18:00;37.3300;16.5130;19.1400;20.8170;18.1900
2025-03-20 19:00;38.8100;17.1174;19.0200;21.6926;19.7900
2025-03-20 20:00;37.3300;18.1416;18.8900;19.1884;18.4400
2025-03-20 21:00;38.1500;19.5002;18.7700;18.6498;19.3800
2025-03-20 22:00;38.6400;20.5406;18.6400;18.0994;20.0000
2025-03-20 23:00;38.5600;21.7444;18.5200;16.8156;20.0400
2025-03-21 00:00;37.4200;22.5532;18.4000;14.8668;19.0200
2025-03-21 01:00;37.9900;23.2628;18.2800;14.7272;19.7100
2025-03-21 02:00;37.5800;23.2018;18.1600;14.3782;19.4200
2025-03-21 03:00;37.0100;23.0187;18.0400;13.9913;18.9700
2025-03-21 04:00;35.7800;22.6963;17.9300;13.0837;17.8500
2025-03-21 05:00;36.1000;22.2866;17.8300;13.8134;18.2700
2025-03-21 06:00;36.2700;21.8220;17.7200;14.4480;18.5500
2025-03-21 07:00;35.0400;21.2004;17.6200;13.8396;17.4200
2025-03-21 08:00;35.0400;20.8513;17.5300;14.1887;17.5100
2025-03-21 09:00;35.0400;20.4758;17.4300;14.5642;17.6100
2025-03-21 10:00;33.5400;19.8606;17.3400;13.6794;16.2000
2025-03-21 11:00;33.3300;19.2235;17.2400;14.1065;16.0900
2025-03-21 12:00;33.3300;18.4554;17.1500;14.8746;16.1800
2025-03-21 13:00;33.1800;17.9499;17.0600;15.2301;16.1200
2025-03-21 14:00;32.4000;17.3487;16.9700;15.0513;15.4300
2025-03-21 15:00;32.8300;16.6022;16.8900;16.2278;15.9400
2025-03-21 16:00;32.9000;15.8755;16.8000;17.0245;16.1000
2025-03-21 17:00;33.3300;15.5185;16.7100;17.8115;16.6200
2025-03-21 18:00;33.3300;15.2047;16.6200;18.1253;16.7100
2025-03-21 19:00;33.3300;15.1466;16.5300;18.1834;16.8000
2025-03-21 20:00;33.3300;15.4235;16.4500;17.9065;16.8800
2025-03-21 21:00;33.3300;15.5892;16.3600;17.7408;16.9700
2025-03-21 22:00;33.3300;15.7670;16.2800;17.5630;17.0500
2025-03-21 23:00;33.3300;15.9886;16.2000;17.3414;17.1300
2025-03-22 00:00;33.3300;16.3224;16.1100;17.0076;17.2200
2025-03-22 01:00;33.3300;16.6767;16.0400;16.6533;17.2900
2025-03-22 02:00;33.3300;16.8955;15.9600;16.4345;17.3700
2025-03-22 03:00;33.3300;17.3203;15.8800;16.0097;17.4500
2025-03-22 04:00;33.3300;18.4426;15.8100;14.8874;17.5200
2025-03-22 05:00;33.3300;20.2802;15.7500;13.0498;17.5800
2025-03-22 06:00;33.6100;22.6534;15.7400;10.9566;17.8700
2025-03-22 07:00;33.3300;25.7552;15.7700;7.5748;17.5600
2025-03-22 08:00;34.5400;28.9789;15.8400;5.5611;18.7000
2025-03-22 09:00;33.9700;32.3140;15.9800;1.6560;17.9900
2025-03-22 10:00;33.6800;35.9557;16.2900;-2.2757;17.3900
2025-03-22 11:00;34.0400;40.6601;17.0100;-6.6201;17.0300
2025-03-22 12:00;35.0400;45.6785;18.4500;-10.6385;16.5900
2025-03-22 13:00;35.7800;52.0414;20.7800;-16.2614;15.0000
2025-03-22 14:00;38.9700;58.2093;24.0000;-19.2393;14.9700
2025-03-22 15:00;42.0000;64.8141;27.9700;-22.8141;14.0300
2025-03-22 16:00;44.5700;69.6405;32.4500;-25.0705;12.1200
2025-03-22 17:00;49.1300;75.1801;37.0300;-26.0501;12.1000
2025-03-22 18:00;55.2000;78.6103;41.1900;-23.4103;14.0100
2025-03-22 19:00;60.7400;83.0279;44.5100;-22.2879;16.2300
2025-03-22 20:00;63.8400;83.9464;46.8400;-20.1064;17.0000
2025-03-22 21:00;65.8000;85.5652;48.3100;-19.7652;17.4900
2025-03-22 22:00;66.3200;86.2329;49.2500;-19.9129;17.0700
2025-03-22 23:00;67.2500;89.3375;50.0000;-22.0875;17.2500
2025-03-23 00:00;68.9600;91.9754;50.7400;-23.0154;18.2200
2025-03-23 01:00;71.7000;95.0342;51.5600;-23.3342;20.1400
2025-03-23 02:00;73.4200;99.4115;52.5600;-25.9915;20.8600
2025-03-23 03:00;72.9600;102.1217;54.0000;-29.1617;18.9600
2025-03-23 04:00;74.6700;107.5157;56.2100;-32.8457;18.4600
2025-03-23 05:00;77.9900;110.6625;59.4000;-32.6725;18.5900
2025-03-23 06:00;92.7400;117.0154;63.3500;-24.2754;29.3900
2025-03-23 07:00;123.9400;118.6465;67.3800;5.2935;56.5600
2025-03-23 08:00;135.3000;122.7083;70.6900;12.5917;64.6100
2025-03-23 09:00;134.9800;121.1740;72.8300;13.8060;62.1500
2025-03-23 10:00;134.9800;119.5157;73.8200;15.4643;61.1600
2025-03-23 11:00;132.7800;114.1909;73.8500;18.5891;58.9300
2025-03-23 12:00;120.8600;111.7108;73.0800;9.1492;47.7800
2025-03-23 13:00;114.3600;107.0136;71.5800;7.3464;42.7800
2025-03-23 14:00;110.3400;103.3109;69.3800;7.0291;40.9600
2025-03-23 15:00;107.3500;97.0914;66.6200;10.2586;40.7300
2025-03-23 16:00;104.4800;90.6050;63.4900;13.8750;40.9900
2025-03-23 17:00;100.8000;85.2888;60.2200;15.5112;40.5800
2025-03-23 18:00;94.8700;80.3656;57.0000;14.5044;37.8700
2025-03-23 19:00;90.2400;76.7174;53.9600;13.5226;36.2800
2025-03-23 20:00;86.1100;74.4661;51.1700;11.6439;34.9400
2025-03-23 21:00;83.1000;72.7124;48.6500;10.3876;34.4500
2025-03-23 22:00;81.7600;71.7448;46.3900;10.0152;35.3700
2025-03-23 23:00;79.5900;70.9428;44.3800;8.6472;35.2100
2025-03-24 00:00;77.1900;70.4700;42.6000;6.7200;34.5900
2025-03-24 01:00;75.7000;70.1365;41.0100;5.5635;34.6900
2025-03-24 02:00;71.2500;68.8950;39.6100;2.3550;31.6400
2025-03-24 03:00;66.8400;68.6174;38.3700;-1.7774;28.4700
2025-03-24 04:00;64.4600;67.3948;37.2600;-2.9348;27.2000
2025-03-24 05:00;63.5300;66.8272;36.2600;-3.2972;27.2700
2025-03-24 06:00;61.4600;66.0069;35.3700;-4.5469;26.0900
2025-03-24 07:00;60.9400;65.1583;34.5700;-4.2183;26.3700
2025-03-24 08:00;61.1500;64.0800;33.8400;-2.9300;27.3100
2025-03-24 09:00;59.3900;62.6402;33.1700;-3.2502;26.2200
2025-03-24 10:00;57.7400;60.2646;32.5500;-2.5246;25.1900
2025-03-24 11:00;54.4100;57.8498;31.9800;-3.4398;22.4300
2025-03-24 12:00;53.8500;55.6012;31.4500;-1.7512;22.4000
2025-03-24 13:00;50.8900;52.6752;30.9400;-1.7852;19.9500
2025-03-24 14:00;49.6800;49.6768;30.4700;0.0032;19.2100
2025-03-24 15:00;51.0700;46.9432;30.0100;4.1268;21.0600
2025-03-24 16:00;51.5400;45.1146;29.5700;6.4254;21.9700
2025-03-24 17:00;49.8700;43.9541;29.1500;5.9159;20.7200
2025-03-24 18:00;46.7200;43.1341;28.7500;3.5859;17.9700
2025-03-24 19:00;45.7000;42.5091;28.3600;3.1909;17.3400
2025-03-24 20:00;45.0600;42.8732;27.9700;2.1868;17.0900
2025-03-24 21:00;44.8700;43.4206;27.6000;1.4494;17.2700
2025-03-24 22:00;44.8700;43.5517;27.2400;1.3183;17.6300
2025-03-24 23:00;44.3000;43.8061;26.8900;0.4939;17.4100
2025-03-25 00:00;43.8900;43.8176;26.5600;0.0724;17.3300
2025-03-25 01:00;44.4800;43.6360;26.2400;0.8440;18.2400
2025-03-25 02:00;44.8700;43.7344;25.9400;1.1356;18.9300
2025-03-25 03:00;43.4000;42.1816;25.6600;1.2184;17.7400
2025-03-25 04:00;43.6400;43.6952;25.5100;-0.0552;18.1300
2025-03-25 05:00;43.2300;43.4957;26.1500;-0.2657;17.0800
2025-03-25 06:00;44.4100;48.0886;29.6200;-3.6786;14.7900
2025-03-25 07:00;64.8700;55.0241;38.4500;9.8459;26.4200
2025-03-25 08:00;116.8500;64.3648;53.0400;52.4852;63.8100
2025-03-25 09:00;150.1800;76.0341;70.3400;74.1459;79.8400
2025-03-25 10:00;145.5100;89.2115;85.5500;56.2985;59.9600
2025-03-25 11:00;120.2900;101.5427;94.7200;18.7473;25.5700
2025-03-25 12:00;99.8900;104.2958;96.9400;-4.4058;2.9500
2025-03-25 13:00;88.4800;103.1360;93.7100;-14.6560;-5.2300
2025-03-25 14:00;78.9000;95.3324;87.4400;-16.4324;-8.5400
2025-03-25 15:00;72.0500;87.6283;80.0300;-15.5783;-7.9800
2025-03-25 16:00;66.2500;81.7357;72.7900;-15.4857;-6.5400
2025-03-25 17:00;63.2200;75.1837;66.3900;-11.9637;-3.1700
2025-03-25 18:00;60.8400;72.5122;61.2600;-11.6722;-0.4200
2025-03-25 19:00;60.5300;70.0456;57.6000;-9.5156;2.9300
2025-03-25 20:00;67.6600;70.1616;55.3100;-2.5016;12.3500
2025-03-25 21:00;70.0000;70.9848;53.8900;-0.9848;16.1100
2025-03-25 22:00;63.9400;72.8162;52.6700;-8.8762;11.2700
2025-03-25 23:00;60.8400;75.9789;51.2500;-15.1389;9.5900
2025-03-26 00:00;59.2900;77.1496;49.5500;-17.8596;9.7400
2025-03-26 01:00;58.5700;77.2508;47.6200;-18.6808;10.9500
2025-03-26 02:00;58.0500;76.2095;45.5700;-18.1595;12.4800
2025-03-26 03:00;56.0800;73.9784;43.4900;-17.8984;12.5900
2025-03-26 04:00;55.5200;71.5508;41.4500;-16.0308;14.0700
2025-03-26 05:00;53.3000;69.2506;39.4900;-15.9506;13.8100
2025-03-26 06:00;51.7200;67.1665;37.6400;-15.4465;14.0800
2025-03-26 07:00;51.9100;65.2823;35.9300;-13.3723;15.9800
2025-03-26 08:00;54.7800;63.5295;34.3600;-8.7495;20.4200
2025-03-26 09:00;54.4100;61.7628;32.9600;-7.3528;21.4500
2025-03-26 10:00;49.8700;59.4559;31.6900;-9.5859;18.1800
2025-03-26 11:00;45.8100;56.7257;30.5700;-10.9157;15.2400
2025-03-26 12:00;43.5600;54.0541;29.5600;-10.4941;14.0000
2025-03-26 13:00;42.5800;51.3536;28.6700;-8.7736;13.9100
2025-03-26 14:00;41.5100;49.4511;27.8800;-7.9411;13.6300
2025-03-26 15:00;40.8600;47.2565;27.1700;-6.3965;13.6900
2025-03-26 16:00;42.7400;46.0182;26.5400;-3.2782;16.2000
2025-03-26 17:00;42.6600;45.3454;25.9900;-2.6854;16.6700
2025-03-26 18:00;41.1000;44.3289;25.5100;-3.2289;15.5900
2025-03-26 19:00;42.0000;43.7057;25.0500;-1.7057;16.9500
2025-03-26 20:00;42.1700;43.0299;24.6100;-0.8599;17.5600
2025-03-26 21:00;41.4300;43.2199;24.1900;-1.7899;17.2400
2025-03-26 22:00;41.0200;43.3611;23.8000;-2.3411;17.2200
2025-03-26 23:00;41.5100;43.9217;23.4400;-2.4117;18.0700
2025-03-27 00:00;41.1800;44.5607;23.1100;-3.3807;18.0700
2025-03-27 01:00;41.1800;44.9732;22.8100;-3.7932;18.3700
2025-03-27 02:00;40.9400;44.2602;22.5400;-3.3202;18.4000
2025-03-27 03:00;40.7700;44.0558;22.3000;-3.2858;18.4700
2025-03-27 04:00;40.7700;43.4180;22.0800;-2.6480;18.6900
2025-03-27 05:00;40.5300;42.9627;21.8900;-2.4327;18.6400
2025-03-27 06:00;40.3600;43.1653;21.7700;-2.8053;18.5900
2025-03-27 07:00;39.6300;42.5828;21.8000;-2.9528;17.8300
2025-03-27 08:00;40.7700;42.9593;22.1300;-2.1893;18.6400
2025-03-27 09:00;40.5300;43.3425;22.9200;-2.8125;17.6100
2025-03-27 10:00;39.4600;45.8710;24.2200;-6.4110;15.2400
2025-03-27 11:00;39.3800;47.5575;25.8600;-8.1775;13.5200
2025-03-27 12:00;40.1200;49.3289;27.5000;-9.2089;12.6200
2025-03-27 13:00;40.6100;49.5651;28.8200;-8.9551;11.7900
2025-03-27 14:00;40.9400;49.6987;29.6300;-8.7587;11.3100
2025-03-27 15:00;41.1000;48.6598;29.9200;-7.5598;11.1800
2025-03-27 16:00;40.3600;47.1825;29.7800;-6.8225;10.5800
2025-03-27 17:00;39.4600;46.3009;29.4300;-6.8409;10.0300
2025-03-27 18:00;40.7700;46.5122;29.1100;-5.7422;11.6600
2025-03-27 19:00;38.9700;47.5802;29.1000;-8.6102;9.8700
2025-03-27 20:00;40.5300;49.5835;29.6800;-9.0535;10.8500
2025-03-27 21:00;40.9400;51.7529;31.0400;-10.8129;9.9000
2025-03-27 22:00;40.9400;55.2834;33.3100;-14.3434;7.6300
2025-03-27 23:00;42.3300;57.8458;36.4300;-15.5158;5.9000
2025-03-28 00:00;44.7600;61.9605;40.0300;-17.2005;4.7300
2025-03-28 01:00;48.9400;64.1959;43.5900;-15.2559;5.3500
2025-03-28 02:00;51.7200;67.9530;46.6500;-16.2330;5.0700
2025-03-28 03:00;53.1100;69.3421;49.0500;-16.2321;4.0600
2025-03-28 04:00;53.3900;70.2989;50.7900;-16.9089;2.6000
2025-03-28 05:00;53.7600;69.4088;51.9100;-15.6488;1.8500
2025-03-28 06:00;53.7600;68.3814;52.3700;-14.6214;1.3900
2025-03-28 07:00;53.7600;68.1985;52.1200;-14.4385;1.6400
2025-03-28 08:00;54.3100;67.4997;51.1800;-13.1897;3.1300
2025-03-28 09:00;53.7600;66.0875;49.6100;-12.3275;4.1500
2025-03-28 10:00;53.3000;63.1602;47.5700;-9.8602;5.7300
2025-03-28 11:00;51.9100;60.0134;45.2400;-8.1034;6.6700
2025-03-28 12:00;51.1700;55.6690;42.8100;-4.4990;8.3600
2025-03-28 13:00;49.9600;51.9112;40.4000;-1.9512;9.5600
2025-03-28 14:00;48.7600;49.1321;38.0900;-0.3721;10.6700
2025-03-28 15:00;48.1100;46.5663;35.9400;1.5437;12.1700
2025-03-28 16:00;47.2800;45.0411;33.9700;2.2389;13.3100
2025-03-28 17:00;46.2600;43.3631;32.1800;2.8969;14.0800
2025-03-28 18:00;45.4300;42.5728;30.5800;2.8572;14.8500
2025-03-28 19:00;45.6100;42.1614;29.1400;3.4486;16.4700
2025-03-28 20:00;43.9700;41.6889;27.8700;2.2811;16.1000
2025-03-28 21:00;42.9000;41.1841;26.7500;1.7159;16.1500
2025-03-28 22:00;42.3300;41.1521;25.7900;1.1779;16.5400
2025-03-28 23:00;40.9400;41.4100;25.0000;-0.4700;15.9400
2025-03-29 00:00;40.9400;41.8511;24.3600;-0.9111;16.5800
2025-03-29 01:00;39.7100;40.9560;23.8400;-1.2460;15.8700
2025-03-29 02:00;39.1400;41.5677;23.5100;-2.4277;15.6300
2025-03-29 03:00;43.0700;41.7345;23.5000;1.3355;19.5700
2025-03-29 04:00;39.6300;43.2861;23.9200;-3.6561;15.7100
2025-03-29 05:00;39.5500;45.1007;24.8000;-5.5507;14.7500
2025-03-29 06:00;41.3500;48.1775;26.1400;-6.8275;15.2100
2025-03-29 07:00;42.7400;52.0203;27.7800;-9.2803;14.9600
2025-03-29 08:00;42.9000;54.4952;29.4600;-11.5952;13.4400
2025-03-29 09:00;42.9000;55.6380;30.8800;-12.7380;12.0200
2025-03-29 10:00;42.9000;56.1311;31.8500;-13.2311;11.0500
2025-03-29 11:00;42.9000;55.5882;32.3100;-12.6882;10.5900
2025-03-29 12:00;43.9000;54.1387;32.3200;-10.2387;11.5800
2025-03-29 13:00;50.7000;51.6891;32.0100;-0.9891;18.6900
2025-03-29 14:00;53.1100;50.8716;31.5900;2.2384;21.5200
2025-03-29 15:00;50.8900;50.6464;31.5200;0.2436;19.3700
2025-03-29 16:00;50.0500;52.1633;32.4600;-2.1133;17.5900
2025-03-29 17:00;52.4600;56.5130;35.0100;-4.0530;17.4500
2025-03-29 18:00;55.8100;61.4349;39.6200;-5.6249;16.1900
2025-03-29 19:00;60.5300;67.3230;46.4100;-6.7930;14.1200
2025-03-29 20:00;64.9800;74.1778;54.7900;-9.1978;10.1900
2025-03-29 21:00;68.9000;78.9488;63.5300;-10.0488;5.3700
2025-03-29 22:00;74.7900;82.7441;71.1900;-7.9541;3.6000
2025-03-29 23:00;88.9800;84.7061;76.8000;4.2739;12.1800
2025-03-30 00:00;93.8700;84.8676;80.0000;9.0024;13.8700
2025-03-30 01:00;90.8600;84.7120;80.8300;6.1480;10.0300
2025-03-30 02:00;88.7300;83.9730;79.5500;4.7570;9.1800
2025-03-30 03:00;87.8600;82.7117;76.6600;5.1483;11.2000
2025-03-30 04:00;85.4800;80.6171;72.6800;4.8629;12.8000
2025-03-30 05:00;83.9800;77.9135;68.1300;6.0665;15.8500
2025-03-30 06:00;81.0700;74.4345;63.4600;6.6355;17.6100
2025-03-30 07:00;77.9900;71.2172;58.9200;6.7728;19.0700
2025-03-30 08:00;78.1000;67.2106;54.6500;10.8894;23.4500
2025-03-30 09:00;76.0400;64.2047;50.7100;11.8353;25.3300
2025-03-30 10:00;71.5900;60.7540;47.1000;10.8360;24.4900
2025-03-30 11:00;67.0500;57.9711;43.8300;9.0789;23.2200
2025-03-30 12:00;63.5300;55.0446;40.9000;8.4854;22.6300
2025-03-30 13:00;61.8700;52.0946;38.3000;9.7754;23.5700
2025-03-30 14:00;58.9800;48.6269;36.0000;10.3531;22.9800
2025-03-30 15:00;57.9400;45.3384;33.9800;12.6016;23.9600
2025-03-30 16:00;55.8200;42.5032;32.2100;13.3168;23.6100
2025-03-30 17:00;54.5900;40.3839;30.6500;14.2061;23.9400
2025-03-30 18:00;51.8100;38.4618;29.2900;13.3482;22.5200
2025-03-30 19:00;51.5400;37.4603;28.0900;14.0797;23.4500
2025-03-30 20:00;51.5400;36.9043;27.0300;14.6357;24.5100
2025-03-30 21:00;51.9100;37.4009;26.1100;14.5091;25.8000
2025-03-30 22:00;51.5400;37.6592;25.3000;13.8808;26.2400
2025-03-30 23:00;51.1700;38.1778;24.5900;12.9922;26.5800
2025-03-31 00:00;49.4100;38.4738;23.9600;10.9362;25.4500
2025-03-31 01:00;49.3100;39.1552;23.4100;10.1548;25.9000
2025-03-31 02:00;49.1300;39.0442;22.9100;10.0858;26.2200
2025-03-31 03:00;49.3100;39.2168;22.4800;10.0932;26.8300
2025-03-31 04:00;48.6700;38.8232;22.0900;9.8468;26.5800
2025-03-31 05:00;47.0900;38.6304;21.7400;8.4596;25.3500
2025-03-31 06:00;45.5200;37.6398;21.4300;7.8802;24.0900
2025-03-31 07:00;45.7000;36.5421;21.1400;9.1579;24.5600
2025-03-31 08:00;47.2800;35.5855;20.8800;11.6945;26.4000
2025-03-31 09:00;43.6500;34.2474;20.6400;9.4026;23.0100
2025-03-31 10:00;41.4300;32.0291;20.4200;9.4009;21.0100
2025-03-31 11:00;38.4800;29.8833;20.2100;8.5967;18.2700
2025-03-31 12:00;36.1000;27.8701;20.0100;8.2299;16.0900
2025-03-31 13:00;36.4300;26.6598;19.8200;9.7702;16.6100
2025-03-31 14:00;36.5100;25.0978;19.6500;11.4122;16.8600
2025-03-31 15:00;36.0200;23.9612;19.4700;12.0588;16.5500
2025-03-31 16:00;46.0200;23.1384;19.3100;22.8816;26.7100
2025-03-31 17:00;38.4800;23.6099;19.1500;14.8701;19.3300
2025-03-31 18:00;35.5800;23.8387;18.9900;11.7413;16.5900
2025-03-31 19:00;36.3600;24.2586;18.8400;12.1014;17.5200
2025-03-31 20:00;35.6300;25.1205;18.6900;10.5095;16.9400
2025-03-31 21:00;33.3300;26.2144;18.5500;7.1156;14.7800
2025-03-31 22:00;32.6800;26.8450;18.4000;5.8350;14.2800
2025-03-31 23:00;32.6800;27.1817;18.2700;5.4983;14.4100
2025-04-01 00:00;33.3300;27.6261;18.1300;5.7039;15.2000
2025-04-01 01:00;33.2500;28.0209;18.0100;5.2291;15.2400
2025-04-01 02:00;32.9000;28.7009;17.8900;4.1991;15.0100
2025-04-01 03:00;32.3300;29.5494;17.7800;2.7806;14.5500
2025-04-01 04:00;31.6100;30.4108;17.6700;1.1992;13.9400
2025-04-01 05:00;31.2500;31.2471;17.5700;0.0029;13.6800
2025-04-01 06:00;30.6100;32.2663;17.4700;-1.6563;13.1400
2025-04-01 07:00;29.9000;32.7636;17.3900;-2.8636;12.5100
2025-04-01 08:00;30.2600;32.9207;17.3100;-2.6607;12.9500
2025-04-01 09:00;30.2600;31.8239;17.2400;-1.5639;13.0200
2025-04-01 10:00;29.9000;30.2370;17.1700;-0.3370;12.7300
2025-04-01 11:00;28.6800;28.6440;17.1100;0.0360;11.5700
2025-04-01 12:00;28.1800;27.0352;17.0500;1.1448;11.1300
2025-04-01 13:00;28.6100;25.6830;16.9800;2.9270;11.6300
2025-04-01 14:00;28.6800;24.7471;16.9100;3.9329;11.7700
2025-04-01 15:00;28.4000;24.4085;16.8400;3.9915;11.5600
2025-04-01 16:00;28.1800;24.1271;16.7600;4.0529;11.4200
2025-04-01 17:00;27.0400;24.1019;16.6700;2.9381;10.3700
2025-04-01 18:00;27.4000;23.9568;16.5900;3.4432;10.8100
2025-04-01 19:00;26.4700;23.8913;16.5000;2.5787;9.9700
2025-04-01 20:00;26.9700;23.8910;16.4100;3.0790;10.5600
2025-04-01 21:00;27.8300;23.6777;16.3300;4.1523;11.5000
2025-04-01 22:00;27.5400;23.6368;16.2600;3.9032;11.2800
2025-04-01 23:00;28.1800;23.6090;16.2000;4.5710;11.9800
2025-04-02 00:00;28.9000;23.4906;16.1500;5.4094;12.7500
2025-04-02 01:00;28.4700;23.1651;16.1100;5.3049;12.3600
2025-04-02 02:00;28.7600;22.8890;16.0700;5.8710;12.6900
2025-04-02 03:00;28.7600;22.7603;16.0400;5.9997;12.7200
2025-04-02 04:00;28.4700;22.6755;15.9900;5.7945;12.4800
2025-04-02 05:00;28.1800;22.4598;15.9400;5.7202;12.2400
2025-04-02 06:00;27.6100;22.2349;15.8900;5.3751;11.7200
2025-04-02 07:00;27.6100;22.1843;15.8200;5.4257;11.7900
2025-04-02 08:00;27.0400;22.2508;15.7400;4.7892;11.3000
2025-04-02 09:00;26.5400;22.1615;15.6600;4.3785;10.8800
2025-04-02 10:00;25.4300;21.4574;15.5800;3.9726;9.8500
2025-04-02 11:00;24.3300;20.6347;15.4900;3.6953;8.8400
2025-04-02 12:00;24.2700;19.5586;15.4000;4.7114;8.8700
2025-04-02 13:00;23.5400;18.6528;15.3100;4.8872;8.2300
2025-04-02 14:00;23.6600;17.8879;15.2200;5.7721;8.4400
2025-04-02 15:00;23.4200;17.0744;15.1400;6.3456;8.2800
2025-04-02 16:00;22.9900;15.9097;15.0600;7.0803;7.9300
2025-04-02 17:00;22.0800;14.9546;14.9900;7.1254;7.0900
2025-04-02 18:00;21.7100;14.4349;14.9200;7.2751;6.7900
2025-04-02 19:00;22.5700;14.3289;14.8700;8.2411;7.7000
2025-04-02 20:00;23.1200;14.7866;14.8200;8.3334;8.3000
2025-04-02 21:00;23.6600;15.6280;14.7700;8.0320;8.8900
2025-04-02 22:00;23.5400;16.2067;14.7200;7.3333;8.8200
2025-04-02 23:00;24.4600;16.7296;14.6600;7.7304;9.8000
2025-04-03 00:00;25.0100;16.9719;14.6100;8.0381;10.4000
2025-04-03 01:00;25.0100;17.5029;14.5400;7.5071;10.4700
2025-04-03 02:00;24.8800;17.9831;14.4800;6.8969;10.4000
2025-04-03 03:00;25.0100;18.3766;14.4100;6.6334;10.6000
2025-04-03 04:00;24.5800;18.6151;14.3400;5.9649;10.2400
2025-04-03 05:00;24.0300;18.8028;14.2700;5.2272;9.7600
2025-04-03 06:00;23.5400;19.0235;14.2000;4.5165;9.3400
2025-04-03 07:00;23.5400;19.1757;14.1400;4.3643;9.4000
2025-04-03 08:00;23.5400;18.7274;14.0700;4.8126;9.4700
2025-04-03 09:00;23.5400;17.2407;14.0100;6.2993;9.5300
2025-04-03 10:00;23.1200;15.1634;13.9500;7.9566;9.1700
2025-04-03 11:00;20.9200;13.1844;13.8800;7.7356;7.0400
2025-04-03 12:00;19.6400;10.8827;13.8300;8.7573;5.8100
2025-04-03 13:00;19.4600;9.2628;13.7700;10.1972;5.6900
2025-04-03 14:00;19.0500;7.8660;13.7100;11.1840;5.3400
2025-04-03 15:00;18.2900;7.1204;13.6500;11.1696;4.6400
2025-04-03 16:00;17.9300;6.6474;13.5900;11.2826;4.3400
2025-04-03 17:00;17.9300;6.3197;13.5400;11.6103;4.3900
2025-04-03 18:00;17.2200;6.3530;13.4800;10.8670;3.7400
2025-04-03 19:00;18.0800;6.5803;13.4200;11.4997;4.6600
2025-04-03 20:00;18.7400;7.1604;13.3600;11.5796;5.3800
2025-04-03 21:00;19.2700;8.0147;13.3000;11.2553;5.9700
2025-04-03 22:00;19.2700;8.9258;13.2400;10.3442;6.0300
2025-04-03 23:00;19.2100;9.7935;13.1700;9.4165;6.0400
2025-04-04 00:00;19.7000;10.5925;13.1100;9.1075;6.5900
2025-04-04 01:00;19.5200;11.1465;13.0500;8.3735;6.4700
2025-04-04 02:00;20.4300;11.7502;12.9900;8.6798;7.4400
2025-04-04 03:00;20.7400;12.1619;12.9300;8.5781;7.8100
2025-04-04 04:00;20.7400;12.5310;12.8800;8.2090;7.8600
2025-04-04 05:00;20.3100;12.8192;12.8200;7.4908;7.4900
2025-04-04 06:00;19.3900;13.1622;12.7700;6.2278;6.6200
2025-04-04 07:00;19.2700;13.4486;12.7200;5.8214;6.5500
2025-04-04 08:00;21.1600;13.0606;12.6700;8.0994;8.4900
2025-04-04 09:00;24.5200;11.6905;12.6200;12.8295;11.9000
2025-04-04 10:00;19.9400;9.5599;12.5700;10.3801;7.3700
2025-04-04 11:00;17.7800;7.9037;12.5200;9.8763;5.2600
2025-04-04 12:00;16.6600;6.7415;12.4800;9.9185;4.1800
2025-04-04 13:00;16.0500;5.7224;12.4300;10.3276;3.6200
2025-04-04 14:00;16.0000;4.9832;12.3800;11.0168;3.6200
2025-04-04 15:00;15.6500;4.4482;12.3400;11.2018;3.3100
2025-04-04 16:00;14.6800;4.1289;12.2900;10.5511;2.3900
2025-04-04 17:00;14.5800;3.9627;12.2500;10.6173;2.3300
2025-04-04 18:00;14.5800;4.0289;12.2100;10.5511;2.3700
2025-04-04 19:00;14.6300;4.3652;12.1600;10.2648;2.4700
2025-04-04 20:00;15.4500;4.8520;12.1100;10.5980;3.3400
2025-04-04 21:00;15.6500;5.4411;12.0700;10.2089;3.5800
2025-04-04 22:00;15.8000;5.9533;12.0200;9.8467;3.7800
2025-04-04 23:00;15.9000;6.7334;11.9700;9.1666;3.9300
2025-04-05 00:00;15.6000;7.4059;11.9300;8.1941;3.6700
2025-04-05 01:00;15.9500;7.7494;11.8800;8.2006;4.0700
2025-04-05 02:00;16.2100;8.2110;11.8300;7.9990;4.3800
2025-04-05 03:00;16.6100;8.5219;11.7900;8.0881;4.8200
2025-04-05 04:00;16.8200;8.8254;11.7400;7.9946;5.0800
2025-04-05 05:00;16.1600;9.0856;11.7000;7.0744;4.4600
2025-04-05 06:00;15.8000;9.2699;11.6500;6.5301;4.1500
2025-04-05 07:00;15.3900;9.1606;11.6100;6.2294;3.7800
2025-04-05 08:00;15.5000;8.5276;11.5700;6.9724;3.9300
2025-04-05 09:00;16.1600;7.2704;11.5300;8.8896;4.6300
2025-04-05 10:00;15.5000;5.6924;11.4900;9.8076;4.0100
2025-04-05 11:00;14.1300;4.4665;11.4600;9.6635;2.6700
2025-04-05 12:00;13.2800;3.7072;11.4200;9.5728;1.8600
2025-04-05 13:00;12.8600;3.1413;11.3800;9.7187;1.4800
2025-04-05 14:00;12.9400;2.7473;11.3500;10.1927;1.5900
2025-04-05 15:00;12.3700;2.4560;11.3100;9.9140;1.0600
2025-04-05 16:00;12.0800;2.3690;11.2700;9.7110;0.8100
2025-04-05 17:00;12.2900;2.2992;11.2400;9.9908;1.0500
2025-04-05 18:00;12.0400;2.3967;11.2000;9.6433;0.8400
2025-04-05 19:00;12.1200;2.5920;11.1600;9.5280;0.9600
2025-04-05 20:00;12.7300;2.9158;11.1200;9.8142;1.6100
2025-04-05 21:00;13.1600;3.3781;11.0900;9.7819;2.0700
2025-04-05 22:00;13.4700;3.7416;11.0500;9.7284;2.4200
2025-04-05 23:00;13.8700;4.1436;11.0100;9.7264;2.8600
2025-04-06 00:00;13.3600;4.5190;10.9700;8.8410;2.3900
2025-04-06 01:00;12.8200;4.8074;10.9300;8.0126;1.8900
2025-04-06 02:00;12.9800;5.1642;10.8900;7.8158;2.0900
2025-04-06 03:00;13.8200;5.5101;10.8500;8.3099;2.9700
2025-04-06 04:00;14.7300;5.8352;10.8200;8.8948;3.9100
2025-04-06 05:00;14.6300;5.9367;10.7800;8.6933;3.8500
2025-04-06 06:00;14.6300;6.1188;10.7500;8.5112;3.8800
2025-04-06 07:00;14.4800;6.2233;10.7100;8.2567;3.7700
2025-04-06 08:00;14.8400;5.9960;10.6800;8.8440;4.1600
2025-04-06 09:00;14.1300;5.2740;10.6500;8.8560;3.4800
2025-04-06 10:00;13.1800;4.4025;10.6100;8.7775;2.5700
2025-04-06 11:00;12.9000;3.8166;10.5800;9.0834;2.3200
2025-04-06 12:00;12.0800;3.3114;10.5500;8.7686;1.5300
2025-04-06 13:00;11.5500;3.1131;10.5200;8.4369;1.0300
2025-04-06 14:00;12.0000;3.0635;10.4900;8.9365;1.5100
2025-04-06 15:00;11.5900;3.2041;10.4600;8.3859;1.1300
2025-04-06 16:00;11.0600;3.3913;10.4300;7.6687;0.6300
2025-04-06 17:00;10.7000;3.7161;10.4100;6.9839;0.2900
2025-04-06 18:00;11.1400;4.0792;10.3800;7.0608;0.7600
2025-04-06 19:00;11.7200;4.5164;10.3500;7.2036;1.3700
2025-04-06 20:00;12.0400;4.9238;10.3200;7.1162;1.7200
2025-04-06 21:00;12.3300;5.4071;10.2900;6.9229;2.0400
2025-04-06 22:00;12.0000;5.7849;10.2600;6.2151;1.7400
2025-04-06 23:00;11.8000;6.2589;10.2300;5.5411;1.5700
2025-04-07 00:00;11.1000;6.7165;10.2000;4.3835;0.9000
2025-04-07 01:00;10.4100;7.2418;10.1800;3.1682;0.2300
2025-04-07 02:00;9.9600;7.7829;10.1500;2.1771;-0.1900
2025-04-07 03:00;10.4100;8.2476;10.1200;2.1624;0.2900
2025-04-07 04:00;11.2700;8.6454;10.1000;2.6246;1.1700
2025-04-07 05:00;10.9000;9.0013;10.0700;1.8987;0.8300
2025-04-07 06:00;10.2500;9.3707;10.0500;0.8793;0.2000
2025-04-07 07:00;10.3300;9.5477;10.0200;0.7823;0.3100
2025-04-07 08:00;10.1300;9.2612;10.0000;0.8688;0.1300
2025-04-07 09:00;10.0900;7.7902;9.9800;2.2998;0.1100
2025-04-07 10:00;8.9400;6.4247;9.9500;2.5153;-1.0100
2025-04-07 11:00;8.0500;5.4286;9.9300;2.6214;-1.8800
2025-04-07 12:00;7.5800;4.9423;9.9000;2.6377;-2.3200
2025-04-07 13:00;6.8700;4.5217;9.8800;2.3483;-3.0100
2025-04-07 14:00;6.6600;4.1685;9.8600;2.4915;-3.2000
2025-04-07 15:00;7.5500;3.7082;9.8400;3.8418;-2.2900
2025-04-07 16:00;7.1200;3.4629;9.8100;3.6571;-2.6900
2025-04-07 17:00;6.1400;3.3664;9.7900;2.7736;-3.6500
2025-04-07 18:00;6.6900;3.4332;9.7700;3.2568;-3.0800
2025-04-07 19:00;7.2100;3.6852;9.7400;3.5248;-2.5300
2025-04-07 20:00;7.6500;4.2398;9.7200;3.4102;-2.0700
2025-04-07 21:00;7.4600;4.7858;9.7000;2.6742;-2.2400
2025-04-07 22:00;7.4300;5.4472;9.6700;1.9828;-2.2400
2025-04-07 23:00;7.5800;6.0497;9.6500;1.5303;-2.0700
2025-04-08 00:00;7.4600;6.6723;9.6300;0.7877;-2.1700
2025-04-08 01:00;7.3700;7.0604;9.6000;0.3096;-2.2300
2025-04-08 02:00;7.4900;7.4791;9.5700;0.0109;-2.0800
2025-04-08 03:00;7.9900;7.7232;9.5500;0.2668;-1.5600
2025-04-08 04:00;8.9000;8.0242;9.5300;0.8758;-0.6300
2025-04-08 05:00;9.1500;8.1358;9.5000;1.0142;-0.3500
2025-04-08 06:00;9.1500;8.1811;9.4800;0.9689;-0.3300
2025-04-08 07:00;10.5900;8.1675;9.4500;2.4225;1.1400
2025-04-08 08:00;12.4300;7.8523;9.4300;4.5777;3.0000
2025-04-08 09:00;9.3100;6.9521;9.4100;2.3579;-0.1000
2025-04-08 10:00;6.4700;5.7270;9.3900;0.7430;-2.9200
2025-04-08 11:00;3.1500;4.7139;9.3700;-1.5639;-6.2200
2025-04-08 12:00;2.1200;3.9219;9.3500;-1.8019;-7.2300
2025-04-08 13:00;7.0500;3.3971;9.3300;3.6529;-2.2800
2025-04-08 14:00;4.7900;3.0163;9.3100;1.7737;-4.5200
2025-04-08 15:00;9.5900;2.7645;9.2900;6.8255;0.3000
2025-04-08 16:00;3.8600;2.5000;9.2700;1.3600;-5.4100
2025-04-08 17:00;1.1400;2.3682;9.2500;-1.2282;-8.1100
2025-04-08 18:00;2.4800;2.3475;9.2300;0.1325;-6.7500
2025-04-08 19:00;9.8000;2.5608;9.2100;7.2392;0.5900
2025-04-08 20:00;8.9500;2.8544;9.1900;6.0956;-0.2400
2025-04-08 21:00;7.4900;3.2389;9.1700;4.2511;-1.6800
2025-04-08 22:00;7.5500;3.6077;9.1500;3.9423;-1.6000
2025-04-08 23:00;7.4300;3.8974;9.1300;3.5326;-1.7000
2025-04-09 00:00;7.4900;4.3225;9.1000;3.1675;-1.6100
2025-04-09 01:00;6.9700;4.5457;9.0800;2.4243;-2.1100
2025-04-09 02:00;6.6900;4.7320;9.0600;1.9580;-2.3700
2025-04-09 03:00;6.9700;4.9610;9.0300;2.0090;-2.0600
2025-04-09 04:00;7.1200;5.1731;9.0100;1.9469;-1.8900
2025-04-09 05:00;7.8300;5.3789;8.9900;2.4511;-1.1600
2025-04-09 06:00;8.1100;5.3116;8.9600;2.7984;-0.8500
2025-04-09 07:00;8.1400;5.2258;8.9400;2.9142;-0.8000
2025-04-09 08:00;8.0800;4.8366;8.9200;3.2434;-0.8400
2025-04-09 09:00;8.0500;4.0001;8.9000;4.0499;-0.8500
2025-04-09 10:00;7.1800;3.1683;8.8800;4.0117;-1.7000
2025-04-09 11:00;6.4100;2.7287;8.8600;3.6813;-2.4500
2025-04-09 12:00;6.2000;2.3410;8.8400;3.8590;-2.6400
2025-04-09 13:00;6.2000;2.0424;8.8200;4.1576;-2.6200
2025-04-09 14:00;6.1700;1.8782;8.8000;4.2918;-2.6300
2025-04-09 15:00;3.5100;1.8021;8.7800;1.7079;-5.2700
2025-04-09 16:00;0.4500;1.7216;8.7600;-1.2716;-8.3100
2025-04-09 17:00;0.4100;1.7153;8.7500;-1.3053;-8.3400
2025-04-09 18:00;0.3900;1.7274;8.7300;-1.3374;-8.3400
2025-04-09 19:00;0.3800;1.7823;8.7100;-1.4023;-8.3300
2025-04-09 20:00;0.3500;1.8827;8.6900;-1.5327;-8.3400
2025-04-09 21:00;0.3400;2.0018;8.6700;-1.6618;-8.3300
2025-04-09 22:00;0.3500;2.1613;8.6500;-1.8113;-8.3000
2025-04-09 23:00;0.3500;2.4084;8.6200;-2.0584;-8.2700
2025-04-10 00:00;0.3400;2.5089;8.6000;-2.1689;-8.2600
2025-04-10 01:00;0.3400;2.6308;8.5800;-2.2908;-8.2400
2025-04-10 02:00;0.3500;2.7393;8.5600;-2.3893;-8.2100
2025-04-10 03:00;0.3400;2.8966;8.5400;-2.5566;-8.2000
2025-04-10 04:00;0.3500;3.0105;8.5200;-2.6605;-8.1700
2025-04-10 05:00;0.3500;3.0714;8.5000;-2.7214;-8.1500
2025-04-10 06:00;0.3400;3.0477;8.4800;-2.7077;-8.1400
2025-04-10 07:00;0.3400;3.1608;8.4600;-2.8208;-8.1200
2025-04-10 08:00;0.3600;3.1385;8.4400;-2.7785;-8.0800
2025-04-10 09:00;0.4100;2.6654;8.4200;-2.2554;-8.0100
2025-04-10 10:00;0.4200;2.2003;8.4000;-1.7803;-7.9800
2025-04-10 11:00;0.4100;1.9277;8.3800;-1.5177;-7.9700
2025-04-10 12:00;0.4100;1.7304;8.3700;-1.3204;-7.9600
2025-04-10 13:00;0.4200;1.6052;8.3500;-1.1852;-7.9300
2025-04-10 14:00;0.4200;1.4849;8.3300;-1.0649;-7.9100
2025-04-10 15:00;0.4200;1.4127;8.3100;-0.9927;-7.8900
2025-04-10 16:00;0.4200;1.3517;8.3000;-0.9317;-7.8800
2025-04-10 17:00;0.4200;1.3208;8.2800;-0.9008;-7.8600
2025-04-10 18:00;0.4100;1.3233;8.2600;-0.9133;-7.8500
2025-04-10 19:00;0.4000;1.3512;8.2400;-0.9512;-7.8400
2025-04-10 20:00;0.4200;1.4337;8.2200;-1.0137;-7.8000
2025-04-10 21:00;0.4100;1.5415;8.2100;-1.1315;-7.8000
2025-04-10 22:00;0.4100;1.6423;8.1900;-1.2323;-7.7800
2025-04-10 23:00;0.4100;1.7490;8.1700;-1.3390;-7.7600
2025-04-11 00:00;0.4100;1.8845;8.1500;-1.4745;-7.7400
2025-04-11 01:00;0.4100;1.9531;8.1300;-1.5431;-7.7200
2025-04-11 02:00;0.4100;2.0525;8.1100;-1.6425;-7.7000
2025-04-11 03:00;0.4100;2.1804;8.0900;-1.7704;-7.6800
2025-04-11 04:00;0.4100;2.2596;8.0700;-1.8496;-7.6600
2025-04-11 05:00;0.4100;2.3368;8.0500;-1.9268;-7.6400
2025-04-11 06:00;0.4200;2.4022;8.0300;-1.9822;-7.6100
2025-04-11 07:00;0.4300;2.4654;8.0200;-2.0354;-7.5900
2025-04-11 08:00;0.7000;2.2955;8.0000;-1.5955;-7.3000
2025-04-11 09:00;0.8200;1.9214;7.9800;-1.1014;-7.1600
2025-04-11 10:00;0.4600;1.6548;7.9600;-1.1948;-7.5000
2025-04-11 11:00;0.4300;1.4578;7.9500;-1.0278;-7.5200
2025-04-11 12:00;0.4300;1.3279;7.9300;-0.8979;-7.5000
2025-04-11 13:00;0.4300;1.2946;7.9200;-0.8646;-7.4900
2025-04-11 14:00;0.4200;1.2946;7.9000;-0.8746;-7.4800
2025-04-11 15:00;0.4200;1.2946;7.8800;-0.8746;-7.4600
2025-04-11 16:00;0.4200;1.2946;7.8700;-0.8746;-7.4500
2025-04-11 17:00;0.4300;1.2946;7.8500;-0.8646;-7.4200
2025-04-11 18:00;0.4300;1.2946;7.8300;-0.8646;-7.4000
2025-04-11 19:00;0.4600;1.2946;7.8200;-0.8346;-7.3600
2025-04-11 20:00;0.4400;1.2946;7.8000;-0.8546;-7.3600
2025-04-11 21:00;0.4300;1.3003;7.7900;-0.8703;-7.3600
2025-04-11 22:00;0.4300;1.3464;7.7700;-0.9164;-7.3400
2025-04-11 23:00;0.4200;1.4512;7.7500;-1.0312;-7.3300
2025-04-12 00:00;0.4100;1.5481;7.7300;-1.1381;-7.3200
2025-04-12 01:00;0.4000;1.6257;7.7200;-1.2257;-7.3200
2025-04-12 02:00;0.4000;1.6922;7.7000;-1.2922;-7.3000
2025-04-12 03:00;0.4200;1.7795;7.6800;-1.3595;-7.2600
2025-04-12 04:00;0.9200;1.8399;7.6700;-0.9199;-6.7500
2025-04-12 05:00;2.3200;1.9350;7.6500;0.3850;-5.3300
2025-04-12 06:00;1.6900;1.9928;7.6300;-0.3028;-5.9400
2025-04-12 07:00;1.6200;2.0336;7.6200;-0.4136;-6.0000
2025-04-12 08:00;1.4900;1.9574;7.6000;-0.4674;-6.1100
2025-04-12 09:00;0.9400;1.7377;7.5900;-0.7977;-6.6500
2025-04-12 10:00;0.5000;1.5522;7.5700;-1.0522;-7.0700
2025-04-12 11:00;0.4300;1.3901;7.5600;-0.9601;-7.1300
2025-04-12 12:00;0.4300;1.3031;7.5500;-0.8731;-7.1200
2025-04-12 13:00;0.4200;1.2946;7.5300;-0.8746;-7.1100
2025-04-12 14:00;0.4000;1.2946;7.5200;-0.8946;-7.1200
2025-04-12 15:00;0.4000;1.2946;7.5000;-0.8946;-7.1000
2025-04-12 16:00;0.4200;1.2946;7.4900;-0.8746;-7.0700
2025-04-12 17:00;0.4200;1.2946;7.4800;-0.8746;-7.0600
2025-04-12 18:00;0.4100;1.2946;7.4600;-0.8846;-7.0500
2025-04-12 19:00;0.4100;1.2946;7.4500;-0.8846;-7.0400
2025-04-12 20:00;0.4100;1.2946;7.4300;-0.8846;-7.0200
2025-04-12 21:00;0.4100;1.2946;7.4200;-0.8846;-7.0100
2025-04-12 22:00;0.4100;1.2946;7.4000;-0.8846;-6.9900
2025-04-12 23:00;0.4100;1.2946;7.3900;-0.8846;-6.9800
2025-04-13 00:00;0.4100;1.2946;7.3700;-0.8846;-6.9600
2025-04-13 01:00;0.4100;1.2946;7.3600;-0.8846;-6.9500
2025-04-13 02:00;0.4100;1.2975;7.3400;-0.8875;-6.9300
2025-04-13 03:00;0.4100;1.3039;7.3300;-0.8939;-6.9200
2025-04-13 04:00;0.4100;1.3187;7.3100;-0.9087;-6.9000
2025-04-13 05:00;0.4100;1.3581;7.3000;-0.9481;-6.8900
2025-04-13 06:00;0.4100;1.4758;7.2900;-1.0658;-6.8800
2025-04-13 07:00;0.4100;1.6011;7.2800;-1.1911;-6.8700
2025-04-13 08:00;0.4100;1.6831;7.2800;-1.2731;-6.8700
2025-04-13 09:00;0.4100;1.6835;7.2800;-1.2735;-6.8700
2025-04-13 10:00;0.4100;1.6704;7.2800;-1.2604;-6.8700
2025-04-13 11:00;0.4100;1.6347;7.2800;-1.2247;-6.8700
2025-04-13 12:00;0.4100;1.6799;7.2800;-1.2699;-6.8700
2025-04-13 13:00;0.4100;1.7408;7.2800;-1.3308;-6.8700
2025-04-13 14:00;0.4100;1.8392;7.2900;-1.4292;-6.8800
2025-04-13 15:00;0.4100;1.9400;7.3100;-1.5300;-6.9000
2025-04-13 16:00;0.4100;2.1189;7.3400;-1.7089;-6.9300
2025-04-13 17:00;0.4100;2.3704;7.3900;-1.9604;-6.9800
2025-04-13 18:00;0.4200;2.7218;7.4600;-2.3018;-7.0400
2025-04-13 19:00;0.4200;3.1602;7.5600;-2.7402;-7.1400
2025-04-13 20:00;0.4300;3.8334;7.7000;-3.4034;-7.2700
2025-04-13 21:00;0.4400;4.9134;7.9000;-4.4734;-7.4600
2025-04-13 22:00;0.5500;6.2632;8.1700;-5.7132;-7.6200
2025-04-13 23:00;0.8900;7.9854;8.5000;-7.0954;-7.6100
2025-04-14 00:00;1.4400;10.2072;8.9400;-8.7672;-7.5000
2025-04-14 01:00;2.4100;13.0556;9.6400;-10.6456;-7.2300
2025-04-14 02:00;4.3100;15.4309;10.7300;-11.1209;-6.4200
2025-04-14 03:00;8.0900;17.8285;12.3200;-9.7385;-4.2300
2025-04-14 04:00;13.1600;19.2531;14.4200;-6.0931;-1.2600
2025-04-14 05:00;20.4400;20.4287;16.9600;0.0113;3.4800
2025-04-14 06:00;31.0500;21.4972;19.7100;9.5528;11.3400
2025-04-14 07:00;37.3300;22.2634;22.2900;15.0666;15.0400
2025-04-14 08:00;37.4200;22.3092;24.3500;15.1108;13.0700
2025-04-14 09:00;35.2800;21.8619;25.6700;13.4181;9.6100
2025-04-14 10:00;33.1100;21.0409;26.2200;12.0691;6.8900
2025-04-14 11:00;31.7500;19.4448;26.1100;12.3052;5.6400
2025-04-14 12:00;30.1800;18.6525;25.5100;11.5275;4.6700
2025-04-14 13:00;28.6100;18.3633;24.6700;10.2467;3.9400
2025-04-14 14:00;28.0400;20.5682;23.8800;7.4718;4.1600
2025-04-14 15:00;27.8300;24.3686;23.4500;3.4614;4.3800
2025-04-14 16:00;28.4700;27.8963;23.9200;0.5737;4.5500
2025-04-14 17:00;30.1100;31.9102;26.3300;-1.8002;3.7800
2025-04-14 18:00;31.6800;37.7044;31.7200;-6.0244;-0.0400
2025-04-14 19:00;34.2100;45.9425;40.9100;-11.7325;-6.7000
2025-04-14 20:00;53.2400;58.4281;53.5900;-5.1881;-0.3500
2025-04-14 21:00;85.9000;72.5803;67.7200;13.3197;18.1800
2025-04-14 22:00;122.1300;88.9412;80.9100;33.1888;41.2200
2025-04-14 23:00;150.5500;102.5212;92.3900;48.0288;58.1600
2025-04-15 00:00;162.4800;117.9375;102.8400;44.5425;59.6400
2025-04-15 01:00;189.7900;133.5206;113.1100;56.2694;76.6800
2025-04-15 02:00;210.0900;153.0515;123.0800;57.0385;87.0100
2025-04-15 03:00;214.5300;169.8871;132.3000;44.6429;82.2300
2025-04-15 04:00;212.0200;187.9334;141.4500;24.0866;70.5700
2025-04-15 05:00;219.3800;209.3497;152.6600;10.0303;66.7200
2025-04-15 06:00;234.2900;233.6458;168.0600;0.6442;66.2300
2025-04-15 07:00;263.2600;262.4283;189.1500;0.8317;74.1100
2025-04-15 08:00;336.6100;296.0872;216.7700;40.5228;119.8400
2025-04-15 09:00;404.9200;332.9745;248.8600;71.9455;156.0600
2025-04-15 10:00;443.4000;360.1477;278.8200;83.2523;164.5800
2025-04-15 11:00;502.7000;377.9038;298.4900;124.7962;204.2100
2025-04-15 12:00;515.5000;378.5720;303.0600;136.9280;212.4400
2025-04-15 13:00;489.3800;362.4794;292.9700;126.9006;196.4100
2025-04-15 14:00;427.8000;330.3258;272.4400;97.4742;155.3600
2025-04-15 15:00;374.2300;289.0677;246.7100;85.1623;127.5200
2025-04-15 16:00;326.4600;247.4300;219.9500;79.0300;106.5100
2025-04-15 17:00;285.5700;208.5230;194.6300;77.0470;90.9400
2025-04-15 18:00;248.4700;181.9174;171.6800;66.5526;76.7900
2025-04-15 19:00;224.8900;163.8168;151.4400;61.0732;73.4500
2025-04-15 20:00;210.8600;151.1121;133.9300;59.7479;76.9300
2025-04-15 21:00;198.9100;141.4219;118.9900;57.4881;79.9200
2025-04-15 22:00;190.7600;132.1780;106.3800;58.5820;84.3800
2025-04-15 23:00;182.2100;125.1678;95.8100;57.0422;86.4000
2025-04-16 00:00;168.9600;116.9076;86.9800;52.0524;81.9800
2025-04-16 01:00;164.9900;111.7232;79.6100;53.2668;85.3800
2025-04-16 02:00;151.7600;105.5222;73.4600;46.2378;78.3000
2025-04-16 03:00;130.3800;102.0134;68.3200;28.3666;62.0600
2025-04-16 04:00;121.0000;97.6082;64.0100;23.3918;56.9900
2025-04-16 05:00;116.7200;94.9442;60.4200;21.7758;56.3000
2025-04-16 06:00;113.2100;92.3832;57.4100;20.8268;55.8000
2025-04-16 07:00;108.0300;90.1524;54.8800;17.8776;53.1500
2025-04-16 08:00;105.9800;87.7595;52.7000;18.2205;53.2800
2025-04-16 09:00;98.4800;84.0286;50.7800;14.4514;47.7000
2025-04-16 10:00;94.1200;80.6492;49.0600;13.4708;45.0600
2025-04-16 11:00;88.9800;76.7992;47.4900;12.1808;41.4900
2025-04-16 12:00;87.3600;74.3869;46.0400;12.9731;41.3200
2025-04-16 13:00;85.9800;71.1191;44.7100;14.8609;41.2700
2025-04-16 14:00;85.3500;69.4383;43.4700;15.9117;41.8800
2025-04-16 15:00;82.1500;67.8497;42.3300;14.3003;39.8200
2025-04-16 16:00;79.5900;66.5138;41.2800;13.0762;38.3100
2025-04-16 17:00;78.9000;66.0045;40.3400;12.8955;38.5600
2025-04-16 18:00;77.6400;65.5374;39.5600;12.1026;38.0800
2025-04-16 19:00;76.5000;66.1038;39.0200;10.3962;37.4800
2025-04-16 20:00;73.8700;65.8443;38.8200;8.0257;35.0500
2025-04-16 21:00;72.1600;66.9594;38.9300;5.2006;33.2300
2025-04-16 22:00;71.3600;68.3693;39.2100;2.9907;32.1500
2025-04-16 23:00;71.1300;69.4525;39.4900;1.6775;31.6400
2025-04-17 00:00;70.4500;68.4619;39.6100;1.9881;30.8400
2025-04-17 01:00;70.6700;67.0931;39.6400;3.5769;31.0300
2025-04-17 02:00;71.7000;67.9096;40.1300;3.7904;31.5700
2025-04-17 03:00;74.1000;70.0602;41.7200;4.0398;32.3800
2025-04-17 04:00;74.1000;74.7258;43.9100;-0.6258;30.1900
2025-04-17 05:00;79.6200;79.5574;46.3300;0.0626;33.2900
2025-04-17 06:00;87.4800;90.9793;50.2300;-3.4993;37.2500
2025-04-17 07:00;90.6100;103.5969;57.3200;-12.9869;33.2900
2025-04-17 08:00;97.6100;120.5720;68.4200;-22.9620;29.1900
2025-04-17 09:00;113.4200;134.3462;83.1600;-20.9262;30.2600
2025-04-17 10:00;159.8000;156.2309;99.4000;3.5691;60.4000
2025-04-17 11:00;184.9300;165.9803;113.5100;18.9497;71.4200
2025-04-17 12:00;168.8100;175.7056;122.7400;-6.8956;46.0700
2025-04-17 13:00;155.8200;176.4664;126.7800;-20.6464;29.0400
2025-04-17 14:00;137.3800;181.7357;127.6400;-44.3557;9.7400
2025-04-17 15:00;122.9100;183.2560;128.3200;-60.3460;-5.4100
2025-04-17 16:00;115.8400;189.9667;131.3000;-74.1267;-15.4600
2025-04-17 17:00;119.6700;201.4097;137.3800;-81.7397;-17.7100
2025-04-17 18:00;162.1400;215.1566;145.3300;-53.0166;16.8100
2025-04-17 19:00;199.9100;222.4828;152.7600;-22.5728;47.1500
2025-04-17 20:00;225.9200;227.2566;157.4900;-1.3366;68.4300
2025-04-17 21:00;223.8600;222.6157;158.4900;1.2443;65.3700
2025-04-17 22:00;217.3500;214.7555;155.8800;2.5945;61.4700
2025-04-17 23:00;210.8600;203.1057;150.5200;7.7543;60.3400
2025-04-18 00:00;208.3600;188.0296;143.3100;20.3304;65.0500
2025-04-18 01:00;200.8400;177.1908;135.0400;23.6492;65.8000
2025-04-18 02:00;190.7300;163.8187;126.3600;26.9113;64.3700
2025-04-18 03:00;183.6600;154.6221;117.9100;29.0379;65.7500
2025-04-18 04:00;176.5800;144.1810;110.3400;32.3990;66.2400
2025-04-18 05:00;174.7700;138.4072;104.1000;36.3628;70.6700
2025-04-18 06:00;167.9000;133.1986;99.2500;34.7014;68.6500
2025-04-18 07:00;159.5600;129.8394;95.4100;29.7206;64.1500
2025-04-18 08:00;156.5000;127.2045;91.9800;29.2955;64.5200
2025-04-18 09:00;148.6300;123.9375;88.5400;24.6925;60.0900
2025-04-18 10:00;139.7400;120.9101;84.9300;18.8299;54.8100
2025-04-18 11:00;136.4100;116.3102;81.1900;20.0998;55.2200
2025-04-18 12:00;130.8100;114.1074;77.4100;16.7026;53.4000
2025-04-18 13:00;119.0900;110.5546;73.6900;8.5354;45.4000
2025-04-18 14:00;110.3400;106.3412;70.0800;3.9988;40.2600
2025-04-18 15:00;104.2100;102.1197;66.6600;2.0903;37.5500
2025-04-18 16:00;101.7600;98.4804;63.4400;3.2796;38.3200
2025-04-18 17:00;100.5300;94.4680;60.4500;6.0620;40.0800
2025-04-18 18:00;95.4900;91.7393;57.7200;3.7507;37.7700
2025-04-18 19:00;92.6100;87.8916;55.2300;4.7184;37.3800
2025-04-18 20:00;92.3600;85.9534;52.9700;6.4066;39.3900
2025-04-18 21:00;90.3600;83.2149;50.9300;7.1451;39.4300
2025-04-18 22:00;88.3600;81.2616;49.0800;7.0984;39.2800
2025-04-18 23:00;85.7300;79.5455;47.4100;6.1845;38.3200
2025-04-19 00:00;84.4800;77.9283;45.9000;6.5517;38.5800
2025-04-19 01:00;83.1200;76.9691;44.5200;6.1509;38.6000
2025-04-19 02:00;78.9000;75.1187;43.2700;3.7813;35.6300
2025-04-19 03:00;73.6500;74.3544;42.1300;-0.7044;31.5200
2025-04-19 04:00;71.1300;72.9728;41.0800;-1.8428;30.0500
2025-04-19 05:00;69.8800;71.9421;40.1200;-2.0621;29.7600
2025-04-19 06:00;68.3900;70.7032;39.2400;-2.3132;29.1500
2025-04-19 07:00;66.8400;69.7153;38.4100;-2.8753;28.4300
2025-04-19 08:00;66.5300;68.2029;37.6500;-1.6729;28.8800
2025-04-19 09:00;64.3600;66.2634;36.9300;-1.9034;27.4300
2025-04-19 10:00;61.7700;63.7175;36.2500;-1.9475;25.5200
2025-04-19 11:00;57.8400;61.2013;35.6100;-3.3613;22.2300
2025-04-19 12:00;56.6100;58.5825;35.0100;-1.9725;21.6000
2025-04-19 13:00;55.0500;55.7716;34.4300;-0.7216;20.6200
2025-04-19 14:00;53.7600;52.9987;33.8700;0.7613;19.8900
2025-04-19 15:00;53.5700;50.6653;33.3400;2.9047;20.2300
2025-04-19 16:00;53.9400;48.8274;32.8200;5.1126;21.1200
2025-04-19 17:00;53.0200;47.6069;32.3100;5.4131;20.7100
2025-04-19 18:00;51.8100;46.3981;31.8200;5.4119;19.9900
2025-04-19 19:00;51.3500;45.9035;31.3400;5.4465;20.0100
2025-04-19 20:00;51.0700;45.5920;30.8800;5.4780;20.1900
2025-04-19 21:00;49.5000;45.5192;30.4200;3.9808;19.0800
2025-04-19 22:00;48.1100;45.8874;29.9800;2.2226;18.1300
2025-04-19 23:00;48.5700;45.9183;29.5600;2.6517;19.0100
2025-04-20 00:00;47.0900;46.2222;29.1500;0.8678;17.9400
2025-04-20 01:00;46.9100;45.9360;28.7500;0.9740;18.1600
2025-04-20 02:00;50.0500;46.3649;28.3700;3.6851;21.6800
2025-04-20 03:00;45.3300;45.7598;28.0000;-0.4298;17.3300
2025-04-20 04:00;44.8700;45.8983;27.6500;-1.0283;17.2200
2025-04-20 05:00;44.3800;45.1380;27.3100;-0.7580;17.0700
2025-04-20 06:00;45.6100;44.1406;26.9800;1.4694;18.6300
2025-04-20 07:00;48.1100;43.3644;26.6600;4.7456;21.4500
2025-04-20 08:00;46.2800;42.3806;26.3600;3.8994;19.9200
2025-04-20 09:00;44.6300;41.2016;26.0600;3.4284;18.5700
2025-04-20 10:00;43.6400;40.2329;25.7800;3.4071;17.8600
2025-04-20 11:00;42.5800;38.3623;25.5000;4.2177;17.0800
2025-04-20 12:00;39.3000;37.2746;25.2300;2.0254;14.0700
2025-04-20 13:00;39.7100;36.0438;24.9700;3.6662;14.7400
2025-04-20 14:00;39.1400;34.9810;24.7100;4.1590;14.4300
2025-04-20 15:00;39.2200;33.5639;24.4600;5.6561;14.7600
2025-04-20 16:00;38.8100;32.4563;24.2200;6.3537;14.5900
2025-04-20 17:00;38.1500;32.1117;23.9800;6.0383;14.1700
2025-04-20 18:00;39.4600;31.6905;23.7400;7.7695;15.7200
2025-04-20 19:00;38.9700;31.6904;23.5100;7.2796;15.4600
2025-04-20 20:00;38.9700;31.4691;23.2900;7.5009;15.6800
2025-04-20 21:00;37.0900;32.1339;23.0800;4.9561;14.0100
2025-04-20 22:00;37.6600;32.3535;22.8800;5.3065;14.7800
2025-04-20 23:00;37.5000;32.8272;22.7100;4.6728;14.7900
2025-04-21 00:00;37.0900;32.5190;22.5600;4.5710;14.5300
2025-04-21 01:00;38.1500;33.0112;22.4300;5.1388;15.7200
2025-04-21 02:00;37.4200;32.3643;22.3200;5.0557;15.1000
2025-04-21 03:00;38.2300;31.8956;22.2200;6.3344;16.0100
2025-04-21 04:00;38.4000;31.2324;22.1200;7.1676;16.2800
2025-04-21 05:00;37.0100;30.9298;22.0100;6.0802;15.0000
2025-04-21 06:00;37.0100;30.6940;21.8900;6.3160;15.1200
2025-04-21 07:00;37.1700;30.2285;21.7500;6.9415;15.4200
2025-04-21 08:00;36.4300;29.4669;21.5900;6.9631;14.8400
2025-04-21 09:00;35.1500;28.2950;21.4300;6.8550;13.7200
2025-04-21 10:00;34.0400;26.8518;21.2700;7.1882;12.7700
2025-04-21 11:00;33.0400;25.3109;21.1100;7.7291;11.9300
2025-04-21 12:00;33.1100;23.6475;20.9500;9.4625;12.1600
2025-04-21 13:00;33.2500;22.5276;20.7900;10.7224;12.4600
2025-04-21 14:00;33.1100;21.0832;20.6300;12.0268;12.4800
2025-04-21 15:00;32.3300;20.3059;20.4700;12.0241;11.8600
2025-04-21 16:00;31.4000;19.1162;20.3100;12.2838;11.0900
2025-04-21 17:00;30.1100;18.7632;20.1500;11.3468;9.9600
2025-04-21 18:00;31.1800;18.4811;19.9900;12.6989;11.1900
2025-04-21 19:00;30.2600;18.6657;19.8200;11.5943;10.4400
2025-04-21 20:00;29.6100;18.4629;19.6600;11.1471;9.9500
2025-04-21 21:00;29.6100;18.9161;19.5000;10.6939;10.1100
2025-04-21 22:00;30.2600;18.9189;19.3300;11.3411;10.9300
2025-04-21 23:00;32.0400;19.3710;19.1800;12.6690;12.8600
2025-04-22 00:00;31.6800;19.2832;19.0200;12.3968;12.6600
2025-04-22 01:00;31.6800;19.8204;18.8700;11.8596;12.8100
2025-04-22 02:00;31.6100;19.5403;18.7200;12.0697;12.8900
2025-04-22 03:00;31.6100;19.7509;18.5700;11.8591;13.0400
2025-04-22 04:00;31.4700;19.4835;18.4300;11.9865;13.0400
2025-04-22 05:00;31.6900;19.7698;18.3000;11.9202;13.3900
2025-04-22 06:00;39.3800;19.7120;18.1600;19.6680;21.2200
2025-04-22 07:00;38.9700;19.8099;18.0400;19.1601;20.9300
2025-04-22 08:00;38.2300;18.6766;17.9100;19.5534;20.3200
2025-04-22 09:00;33.1600;16.8873;17.7900;16.2727;15.3700
2025-04-22 10:00;22.9600;15.0121;17.6800;7.9479;5.2800
2025-04-22 11:00;17.6300;13.4923;17.5600;4.1377;0.0700
2025-04-22 12:00;16.7100;11.7993;17.4500;4.9107;-0.7400
2025-04-22 13:00;16.4600;10.5416;17.3400;5.9184;-0.8800
2025-04-22 14:00;16.9700;9.6507;17.2300;7.3193;-0.2600
2025-04-22 15:00;15.9500;9.3856;17.1200;6.5644;-1.1700
2025-04-22 16:00;15.3900;9.2709;17.0200;6.1191;-1.6300
2025-04-22 17:00;14.6800;9.5691;16.9100;5.1109;-2.2300
2025-04-22 18:00;13.4200;10.2914;16.8000;3.1286;-3.3800
2025-04-22 19:00;13.7700;10.8308;16.7000;2.9392;-2.9300
2025-04-22 20:00;14.2300;12.7073;16.5900;1.5227;-2.3600
2025-04-22 21:00;13.9700;13.3984;16.4900;0.5716;-2.5200
2025-04-22 22:00;13.4700;14.4897;16.4000;-1.0197;-2.9300
2025-04-22 23:00;13.0600;14.6713;16.3300;-1.6113;-3.2700
2025-04-23 00:00;13.3100;15.2033;16.2800;-1.8933;-2.9700
2025-04-23 01:00;15.6000;15.2447;16.2900;0.3553;-0.6900
2025-04-23 02:00;18.8300;15.4069;16.3300;3.4231;2.5000
2025-04-23 03:00;21.1000;15.2385;16.4200;5.8615;4.6800
2025-04-23 04:00;20.9200;15.2595;16.5300;5.6605;4.3900
2025-04-23 05:00;18.7900;15.7027;16.6400;3.0873;2.1500
2025-04-23 06:00;17.2700;15.5351;16.7200;1.7349;0.5500
2025-04-23 07:00;16.2600;15.4158;16.7700;0.8442;-0.5100
2025-04-23 08:00;15.5000;14.9369;16.7700;0.5631;-1.2700
2025-04-23 09:00;15.5000;14.2368;16.7400;1.2632;-1.2400
2025-04-23 10:00;14.4800;12.6554;16.6800;1.8246;-2.2000
2025-04-23 11:00;13.1000;11.3626;16.6100;1.7374;-3.5100
2025-04-23 12:00;13.0800;11.0377;16.5400;2.0423;-3.4600
2025-04-23 13:00;12.6900;10.7420;16.4800;1.9480;-3.7900
2025-04-23 14:00;12.7500;12.3791;16.4300;0.3709;-3.6800
2025-04-23 15:00;16.1600;14.7395;16.4200;1.4205;-0.2600
2025-04-23 16:00;18.3000;14.5582;16.4700;3.7418;1.8300
2025-04-23 17:00;29.0800;16.8308;16.6500;12.2492;12.4300
2025-04-23 18:00;27.4300;16.3067;17.0200;11.1233;10.4100
2025-04-23 19:00;23.8500;18.3706;17.6000;5.4794;6.2500
2025-04-23 20:00;29.6200;19.0152;18.3700;10.6048;11.2500
2025-04-23 21:00;39.8700;20.8716;19.3100;18.9984;20.5600
2025-04-23 22:00;38.4000;21.0481;20.4100;17.3519;17.9900
2025-04-23 23:00;35.1100;21.3727;21.5800;13.7373;13.5300
2025-04-24 00:00;32.9700;21.5246;22.6800;11.4454;10.2900
2025-04-24 01:00;30.3300;21.0916;23.5100;9.2384;6.8200
2025-04-24 02:00;27.6800;20.8818;23.9500;6.7982;3.7300
2025-04-24 03:00;24.5200;19.7395;24.0100;4.7805;0.5100
2025-04-24 04:00;22.3800;19.3821;23.7400;2.9979;-1.3600
2025-04-24 05:00;20.8000;19.3554;23.2600;1.4446;-2.4600
2025-04-24 06:00;20.0700;19.5455;22.6900;0.5245;-2.6200
2025-04-24 07:00;18.9200;21.1079;22.0900;-2.1879;-3.1700
2025-04-24 08:00;17.4800;21.1555;21.5100;-3.6755;-4.0300
2025-04-24 09:00;20.3300;21.1999;20.9900;-0.8699;-0.6600
2025-04-24 10:00;22.2600;20.5630;20.5500;1.6970;1.7100
2025-04-24 11:00;15.6000;20.1029;20.2000;-4.5029;-4.6000
2025-04-24 12:00;13.2800;19.9482;19.9600;-6.6682;-6.6800
2025-04-24 13:00;14.5300;19.5645;19.8400;-5.0345;-5.3100
2025-04-24 14:00;15.0900;19.0520;19.8400;-3.9620;-4.7500
2025-04-24 15:00;15.6500;18.2331;19.9200;-2.5831;-4.2700
2025-04-24 16:00;15.3900;17.5861;20.0200;-2.1961;-4.6300
2025-04-24 17:00;15.6000;16.8357;20.1200;-1.2357;-4.5200
2025-04-24 18:00;15.7500;16.4291;20.1600;-0.6791;-4.4100
2025-04-24 19:00;14.4300;16.0579;20.1500;-1.6279;-5.7200
2025-04-24 20:00;13.3300;15.7566;20.0900;-2.4266;-6.7600
2025-04-24 21:00;12.9400;16.2538;19.9800;-3.3138;-7.0400
2025-04-24 22:00;12.2400;16.1625;19.8400;-3.9225;-7.6000
2025-04-24 23:00;12.0800;16.4329;19.6800;-4.3529;-7.6000
2025-04-25 00:00;11.7200;16.1821;19.5100;-4.4621;-7.7900
2025-04-25 01:00;11.8000;16.0212;19.3300;-4.2212;-7.5300
2025-04-25 02:00;12.3300;15.9414;19.1400;-3.6114;-6.8100
2025-04-25 03:00;12.6100;16.0652;18.9500;-3.4552;-6.3400
2025-04-25 04:00;12.3300;16.5685;18.7500;-4.2385;-6.4200
2025-04-25 05:00;10.9800;16.9694;18.5600;-5.9894;-7.5800
2025-04-25 06:00;10.2900;17.4076;18.3700;-7.1176;-8.0800
2025-04-25 07:00;10.2900;17.6216;18.1800;-7.3316;-7.8900
2025-04-25 08:00;10.2100;17.1581;18.0000;-6.9481;-7.7900
2025-04-25 09:00;10.0400;16.2244;17.8300;-6.1844;-7.7900
2025-04-25 10:00;9.9200;15.0091;17.6700;-5.0891;-7.7500
2025-04-25 11:00;9.1500;13.4551;17.5200;-4.3051;-8.3700
2025-04-25 12:00;8.3500;12.0114;17.3800;-3.6614;-9.0300
2025-04-25 13:00;8.2500;10.7181;17.2400;-2.4681;-8.9900
2025-04-25 14:00;7.9600;9.9428;17.1100;-1.9828;-9.1500
2025-04-25 15:00;7.1500;9.3057;16.9900;-2.1557;-9.8400
2025-04-25 16:00;6.9400;9.1329;16.8600;-2.1929;-9.9200
2025-04-25 17:00;7.5200;8.8196;16.7400;-1.2996;-9.2200
2025-04-25 18:00;7.7100;8.8283;16.6300;-1.1183;-8.9200
2025-04-25 19:00;7.8300;9.2021;16.5100;-1.3721;-8.6800
2025-04-25 20:00;8.9200;9.6728;16.3900;-0.7528;-7.4700
2025-04-25 21:00;11.1000;10.5285;16.2800;0.5715;-5.1800
2025-04-25 22:00;12.0000;10.9917;16.1600;1.0083;-4.1600
2025-04-25 23:00;11.9200;11.4427;16.0500;0.4773;-4.1300
2025-04-26 00:00;11.8400;11.7089;15.9300;0.1311;-4.0900
2025-04-26 01:00;12.5300;12.0883;15.8300;0.4417;-3.3000
2025-04-26 02:00;12.9800;12.5727;15.7200;0.4073;-2.7400
2025-04-26 03:00;12.8200;13.1330;15.6100;-0.3130;-2.7900
2025-04-26 04:00;13.0600;13.2439;15.5100;-0.1839;-2.4500
2025-04-26 05:00;12.3700;13.5765;15.4100;-1.2065;-3.0400
2025-04-26 06:00;11.7200;13.9544;15.3200;-2.2344;-3.6000
2025-04-26 07:00;12.0000;13.9599;15.2300;-1.9599;-3.2300
2025-04-26 08:00;11.6700;12.8921;15.1400;-1.2221;-3.4700
2025-04-26 09:00;11.5900;11.2504;15.0500;0.3396;-3.4600
2025-04-26 10:00;11.4700;9.6591;14.9700;1.8109;-3.5000
2025-04-26 11:00;10.0900;8.4722;14.8900;1.6178;-4.8000
2025-04-26 12:00;9.7600;7.3944;14.8000;2.3656;-5.0400
2025-04-26 13:00;10.1300;6.7708;14.7200;3.3592;-4.5900
2025-04-26 14:00;10.0400;6.3841;14.6500;3.6559;-4.6100
2025-04-26 15:00;9.8000;5.9765;14.5700;3.8235;-4.7700
2025-04-26 16:00;9.4300;5.7827;14.4900;3.6473;-5.0600
2025-04-26 17:00;9.3500;5.8102;14.4100;3.5398;-5.0600
2025-04-26 18:00;9.9600;5.7483;14.3400;4.2117;-4.3800
2025-04-26 19:00;9.2300;6.0304;14.2600;3.1996;-5.0300
2025-04-26 20:00;10.2100;6.2630;14.1800;3.9470;-3.9700
2025-04-26 21:00;9.8400;6.6091;14.1000;3.2309;-4.2600
2025-04-26 22:00;9.3900;6.8085;14.0300;2.5815;-4.6400
2025-04-26 23:00;9.3900;7.2385;13.9500;2.1515;-4.5600
2025-04-27 00:00;9.1500;7.4978;13.8700;1.6522;-4.7200
2025-04-27 01:00;9.1500;7.7188;13.7900;1.4312;-4.6400
2025-04-27 02:00;9.7600;7.9610;13.7200;1.7990;-3.9600
2025-04-27 03:00;10.7800;7.9682;13.6400;2.8118;-2.8600
2025-04-27 04:00;10.0000;7.9326;13.5700;2.0674;-3.5700
2025-04-27 05:00;8.2800;7.9041;13.5000;0.3759;-5.2200
2025-04-27 06:00;7.4900;7.9325;13.4300;-0.4425;-5.9400
2025-04-27 07:00;6.4400;7.6643;13.3600;-1.2243;-6.9200
2025-04-27 08:00;5.4300;7.0311;13.2900;-1.6011;-7.8600
2025-04-27 09:00;5.0900;6.5771;13.2300;-1.4871;-8.1400
2025-04-27 10:00;4.8100;5.9729;13.1600;-1.1629;-8.3500
2025-04-27 11:00;4.3600;5.3269;13.1000;-0.9669;-8.7400
2025-04-27 12:00;4.0900;4.8358;13.0400;-0.7458;-8.9500
2025-04-27 13:00;4.0900;4.4111;12.9800;-0.3211;-8.8900
2025-04-27 14:00;3.9400;4.0919;12.9200;-0.1519;-8.9800
2025-04-27 15:00;4.3800;3.9351;12.8700;0.4449;-8.4900
2025-04-27 16:00;4.2800;3.9586;12.8200;0.3214;-8.5400
2025-04-27 17:00;3.5300;4.0648;12.7700;-0.5348;-9.2400
2025-04-27 18:00;3.4200;4.2447;12.7300;-0.8247;-9.3100
2025-04-27 19:00;3.6400;4.2803;12.6800;-0.6403;-9.0400
2025-04-27 20:00;3.9200;4.4640;12.6300;-0.5440;-8.7100
2025-04-27 21:00;3.7400;4.7653;12.5900;-1.0253;-8.8500
2025-04-27 22:00;3.8500;5.0836;12.5400;-1.2336;-8.6900
2025-04-27 23:00;3.9600;5.3316;12.4900;-1.3716;-8.5300
2025-04-28 00:00;3.9400;5.5624;12.4500;-1.6224;-8.5100
2025-04-28 01:00;4.3200;5.6979;12.4200;-1.3779;-8.1000
2025-04-28 02:00;4.8300;5.9026;12.3800;-1.0726;-7.5500
2025-04-28 03:00;5.8000;5.9878;12.3500;-0.1878;-6.5500
2025-04-28 04:00;5.8900;6.1102;12.3100;-0.2202;-6.4200
2025-04-28 05:00;5.9500;6.1667;12.2800;-0.2167;-6.3300
2025-04-28 06:00;5.6100;6.2444;12.2300;-0.6344;-6.6200
2025-04-28 07:00;5.1200;6.1058;12.1900;-0.9858;-7.0700
2025-04-28 08:00;4.5800;5.5769;12.1400;-0.9969;-7.5600
2025-04-28 09:00;5.3900;4.8967;12.0800;0.4933;-6.6900
2025-04-28 10:00;4.6900;4.2807;12.0300;0.4093;-7.3400
2025-04-28 11:00;4.1100;3.6527;11.9700;0.4573;-7.8600
2025-04-28 12:00;3.2300;3.2973;11.9100;-0.0673;-8.6800
2025-04-28 13:00;3.0000;2.9294;11.8600;0.0706;-8.8600
2025-04-28 14:00;3.1000;2.6343;11.8000;0.4657;-8.7000
2025-04-28 15:00;2.7200;2.3685;11.7400;0.3515;-9.0200
2025-04-28 16:00;2.7200;2.2414;11.6900;0.4786;-8.9700
2025-04-28 17:00;2.6400;2.1371;11.6400;0.5029;-9.0000
2025-04-28 18:00;2.2900;2.1423;11.5900;0.1477;-9.3000
2025-04-28 19:00;2.2900;2.2114;11.5300;0.0786;-9.2400
2025-04-28 20:00;2.4200;2.3994;11.4800;0.0206;-9.0600
2025-04-28 21:00;2.4400;2.7052;11.4300;-0.2652;-8.9900
2025-04-28 22:00;2.1200;3.0939;11.3800;-0.9739;-9.2600
2025-04-28 23:00;2.1000;3.3944;11.3300;-1.2944;-9.2300
2025-04-29 00:00;2.4200;3.7101;11.2900;-1.2901;-8.8700
2025-04-29 01:00;2.2500;3.8963;11.2400;-1.6463;-8.9900
2025-04-29 02:00;2.4000;4.0906;11.1900;-1.6906;-8.7900
2025-04-29 03:00;3.3800;4.2371;11.1400;-0.8571;-7.7600
2025-04-29 04:00;3.9400;4.4169;11.0900;-0.4769;-7.1500
2025-04-29 05:00;4.0000;4.5160;11.0500;-0.5160;-7.0500
2025-04-29 06:00;3.7200;4.5812;11.0000;-0.8612;-7.2800
2025-04-29 07:00;3.7200;4.5424;10.9600;-0.8224;-7.2400
2025-04-29 08:00;4.0000;4.0616;10.9200;-0.0616;-6.9200
2025-04-29 09:00;3.9400;3.3218;10.8800;0.6182;-6.9400
2025-04-29 10:00;3.2100;2.7778;10.8400;0.4322;-7.6300
2025-04-29 11:00;2.5300;2.3360;10.8000;0.1940;-8.2700
2025-04-29 12:00;2.1000;1.9837;10.7600;0.1163;-8.6600
2025-04-29 13:00;1.8100;1.8114;10.7200;-0.0014;-8.9100
2025-04-29 14:00;1.8200;1.6670;10.6800;0.1530;-8.8600
2025-04-29 15:00;1.4400;1.5985;10.6400;-0.1585;-9.2000
2025-04-29 16:00;1.1600;1.5434;10.6100;-0.3834;-9.4500
2025-04-29 17:00;1.4900;1.5078;10.5700;-0.0178;-9.0800
2025-04-29 18:00;1.5200;1.4976;10.5300;0.0224;-9.0100
2025-04-29 19:00;2.1400;1.5431;10.5000;0.5969;-8.3600
2025-04-29 20:00;2.5900;1.6274;10.4600;0.9626;-7.8700
2025-04-29 21:00;2.4200;1.8007;10.4200;0.6193;-8.0000
2025-04-29 22:00;2.5300;1.9583;10.3800;0.5717;-7.8500
2025-04-29 23:00;3.1300;2.0968;10.3500;1.0332;-7.2200
2025-04-30 00:00;3.7200;2.2116;10.3100;1.5084;-6.5900
2025-04-30 01:00;3.7700;2.3601;10.2700;1.4099;-6.5000
2025-04-30 02:00;3.5300;2.5238;10.2300;1.0062;-6.7000
2025-04-30 03:00;4.1300;2.7041;10.1900;1.4259;-6.0600
2025-04-30 04:00;4.7800;2.7501;10.1600;2.0299;-5.3800
2025-04-30 05:00;5.0600;2.7843;10.1200;2.2757;-5.0600
2025-04-30 06:00;5.2100;2.8004;10.0800;2.4096;-4.8700
2025-04-30 07:00;4.9900;2.7897;10.0500;2.2003;-5.0600
2025-04-30 08:00;4.7800;2.4630;10.0100;2.3170;-5.2300
2025-04-30 09:00;4.3800;2.0568;9.9800;2.3232;-5.6000
2025-04-30 10:00;3.5100;1.8008;9.9500;1.7092;-6.4400
2025-04-30 11:00;2.5300;1.6288;9.9100;0.9012;-7.3800
2025-04-30 12:00;2.2100;1.4848;9.8800;0.7252;-7.6700
2025-04-30 13:00;1.9000;1.3707;9.8500;0.5293;-7.9500
2025-04-30 14:00;1.8300;1.3075;9.8200;0.5225;-7.9900
2025-04-30 15:00;1.7000;1.2946;9.7900;0.4054;-8.0900
2025-04-30 16:00;1.3200;1.2946;9.7600;0.0254;-8.4400
2025-04-30 17:00;0.8400;1.2946;9.7300;-0.4546;-8.8900
2025-04-30 18:00;0.6400;1.2946;9.6900;-0.6546;-9.0500
2025-04-30 19:00;0.7300;1.2946;9.6600;-0.5646;-8.9300
2025-04-30 20:00;1.0200;1.3055;9.6300;-0.2855;-8.6100
2025-04-30 21:00;0.8900;1.3909;9.6000;-0.5009;-8.7100
2025-04-30 22:00;0.8700;1.5169;9.5700;-0.6469;-8.7000
2025-04-30 23:00;0.9200;1.6245;9.5400;-0.7045;-8.6200
2025-05-01 00:00;0.7700;1.7295;9.5100;-0.9595;-8.7400
2025-05-01 01:00;0.4600;1.8496;9.4800;-1.3896;-9.0200
2025-05-01 02:00;0.4400;2.0108;9.4500;-1.5708;-9.0100
2025-05-01 03:00;0.4400;2.1341;9.4100;-1.6941;-8.9700
2025-05-01 04:00;0.4700;2.2031;9.3800;-1.7331;-8.9100
2025-05-01 05:00;0.9300;2.2561;9.3500;-1.3261;-8.4200
2025-05-01 06:00;1.3200;2.3137;9.3200;-0.9937;-8.0000
2025-05-01 07:00;1.5100;2.3096;9.2900;-0.7996;-7.7800
2025-05-01 08:00;1.7800;2.0499;9.2600;-0.2699;-7.4800
2025-05-01 09:00;2.0000;1.7599;9.2300;0.2401;-7.2300
2025-05-01 10:00;1.2000;1.5726;9.2100;-0.3726;-8.0100
2025-05-01 11:00;0.4400;1.4117;9.1800;-0.9717;-8.7400
2025-05-01 12:00;0.4400;1.3191;9.1500;-0.8791;-8.7100
2025-05-01 13:00;0.4300;1.2946;9.1200;-0.8646;-8.6900
2025-05-01 14:00;0.4300;1.2946;9.0900;-0.8646;-8.6600
2025-05-01 15:00;0.4300;1.2946;9.0700;-0.8646;-8.6400
2025-05-01 16:00;0.4300;1.2946;9.0400;-0.8646;-8.6100
2025-05-01 17:00;0.4300;1.2946;9.0100;-0.8646;-8.5800
2025-05-01 18:00;0.4300;1.2946;8.9800;-0.8646;-8.5500
2025-05-01 19:00;0.4300;1.2946;8.9600;-0.8646;-8.5300
2025-05-01 20:00;0.4300;1.2946;8.9300;-0.8646;-8.5000
2025-05-01 21:00;0.4300;1.2946;8.9000;-0.8646;-8.4700
2025-05-01 22:00;0.4400;1.2994;8.8700;-0.8594;-8.4300
2025-05-01 23:00;0.4400;1.3260;8.8500;-0.8860;-8.4100
2025-05-02 00:00;0.4400;1.3945;8.8200;-0.9545;-8.3800
2025-05-02 01:00;0.4400;1.4400;8.7900;-1.0000;-8.3500
2025-05-02 02:00;0.4400;1.5091;8.7600;-1.0691;-8.3200
2025-05-02 03:00;3.9300;1.5430;8.7300;2.3870;-4.8000
2025-05-02 04:00;12.9700;1.5936;8.7100;11.3764;4.2600
2025-05-02 05:00;13.9700;1.5894;8.6800;12.3806;5.2900
2025-05-02 06:00;14.6300;1.6159;8.6500;13.0141;5.9800
2025-05-02 07:00;15.3900;1.5951;8.6200;13.7949;6.7700
2025-05-02 08:00;15.6500;1.4724;8.6000;14.1776;7.0500
2025-05-02 09:00;16.5100;1.3412;8.5700;15.1688;7.9400
2025-05-02 10:00;15.9000;1.2946;8.5400;14.6054;7.3600
2025-05-02 11:00;13.9700;1.2946;8.5200;12.6754;5.4500
2025-05-02 12:00;13.9200;1.2946;8.4900;12.6254;5.4300
2025-05-02 13:00;12.5700;1.2946;8.4700;11.2754;4.1000
2025-05-02 14:00;12.1200;1.2946;8.4400;10.8254;3.6800
2025-05-02 15:00;5.9700;1.2946;8.4100;4.6754;-2.4400
2025-05-02 16:00;2.9500;1.2946;8.3900;1.6554;-5.4400
2025-05-02 17:00;10.5700;1.2946;8.3700;9.2754;2.2000
2025-05-02 18:00;11.5900;1.2946;8.3400;10.2954;3.2500
2025-05-02 19:00;12.8400;1.2946;8.3200;11.5454;4.5200
2025-05-02 20:00;12.9000;1.2946;8.2900;11.6054;4.6100
2025-05-02 21:00;12.9800;1.2946;8.2700;11.6854;4.7100
2025-05-02 22:00;13.2600;1.2946;8.2500;11.9654;5.0100
2025-05-02 23:00;13.9200;1.2946;8.2200;12.6254;5.7000
2025-05-03 00:00;14.1800;1.2946;8.2000;12.8854;5.9800
2025-05-03 01:00;13.4200;1.2946;8.1700;12.1254;5.2500
2025-05-03 02:00;12.9000;1.2946;8.1500;11.6054;4.7500
2025-05-03 03:00;13.1300;1.3012;8.1300;11.8288;5.0000
2025-05-03 04:00;13.7700;1.3162;8.1000;12.4538;5.6700
2025-05-03 05:00;13.6700;1.3242;8.0800;12.3458;5.5900
2025-05-03 06:00;14.2800;1.3370;8.0500;12.9430;6.2300
2025-05-03 07:00;13.8700;1.3148;8.0300;12.5552;5.8400
2025-05-03 08:00;13.5700;1.2959;8.0100;12.2741;5.5600
2025-05-03 09:00;13.4400;1.2946;7.9900;12.1454;5.4500
2025-05-03 10:00;12.8400;1.2946;7.9600;11.5454;4.8800
2025-05-03 11:00;12.6500;1.2946;7.9400;11.3554;4.7100
2025-05-03 12:00;12.6100;1.2946;7.9200;11.3154;4.6900
2025-05-03 13:00;12.0800;1.2946;7.9000;10.7854;4.1800
2025-05-03 14:00;11.5900;1.2946;7.8800;10.2954;3.7100
2025-05-03 15:00;11.8400;1.2946;7.8600;10.5454;3.9800
2025-05-03 16:00;11.8800;1.2946;7.8400;10.5854;4.0400
2025-05-03 17:00;11.7200;1.2946;7.8200;10.4254;3.9000
2025-05-03 18:00;11.9200;1.2946;7.8000;10.6254;4.1200
2025-05-03 19:00;11.8400;1.2946;7.7800;10.5454;4.0600
2025-05-03 20:00;11.3900;1.2946;7.7600;10.0954;3.6300
2025-05-03 21:00;11.2700;1.2946;7.7400;9.9754;3.5300
2025-05-03 22:00;11.8400;1.2946;7.7200;10.5454;4.1200
2025-05-03 23:00;12.0400;1.3240;7.7000;10.7160;4.3400
2025-05-04 00:00;12.0800;1.4205;7.6800;10.6595;4.4000
2025-05-04 01:00;12.2400;1.4785;7.6600;10.7615;4.5800
2025-05-04 02:00;12.4500;1.5329;7.6500;10.9171;4.8000
2025-05-04 03:00;12.5700;1.5498;7.6300;11.0202;4.9400
2025-05-04 04:00;13.0600;1.5793;7.6200;11.4807;5.4400
2025-05-04 05:00;13.4700;1.5698;7.6200;11.9002;5.8500
2025-05-04 06:00;13.4200;1.5773;7.6300;11.8427;5.7900
2025-05-04 07:00;13.8200;1.5676;7.6500;12.2524;6.1700
2025-05-04 08:00;13.0000;1.5145;7.6800;11.4855;5.3200
2025-05-04 09:00;12.4500;1.4034;7.7400;11.0466;4.7100
2025-05-04 10:00;12.1600;1.3449;7.8100;10.8151;4.3500
2025-05-04 11:00;12.0400;1.2997;7.8900;10.7403;4.1500
2025-05-04 12:00;11.7600;1.2946;7.9800;10.4654;3.7800
2025-05-04 13:00;11.3500;1.2946;8.0700;10.0554;3.2800
2025-05-04 14:00;11.4700;1.2946;8.1500;10.1754;3.3200
2025-05-04 15:00;11.7600;1.2946;8.2200;10.4654;3.5400
2025-05-04 16:00;12.1600;1.2946;8.2700;10.8654;3.8900
2025-05-04 17:00;12.6900;1.2946;8.3000;11.3954;4.3900
2025-05-04 18:00;12.2000;1.2946;8.3200;10.9054;3.8800
2025-05-04 19:00;12.1600;1.2946;8.3300;10.8654;3.8300
2025-05-04 20:00;12.6500;1.2946;8.3300;11.3554;4.3200
2025-05-04 21:00;12.3700;1.2946;8.3200;11.0754;4.0500
2025-05-04 22:00;12.7300;1.2946;8.3000;11.4354;4.4300
2025-05-04 23:00;12.7700;1.2946;8.2800;11.4754;4.4900
2025-05-05 00:00;12.7100;1.2946;8.2500;11.4154;4.4600
2025-05-05 01:00;12.5700;1.3064;8.2300;11.2636;4.3400
2025-05-05 02:00;11.9600;1.3266;8.2000;10.6334;3.7600
2025-05-05 03:00;11.8800;1.3618;8.1700;10.5182;3.7100
2025-05-05 04:00;12.5700;1.4563;8.1500;11.1137;4.4200
2025-05-05 05:00;12.7300;1.5437;8.1200;11.1863;4.6100
2025-05-05 06:00;12.8400;1.7433;8.1000;11.0967;4.7400
2025-05-05 07:00;13.0200;1.9012;8.0800;11.1188;4.9400
2025-05-05 08:00;12.1200;2.2537;8.0700;9.8663;4.0500
2025-05-05 09:00;11.9600;2.8566;8.0700;9.1034;3.8900
2025-05-05 10:00;13.0000;3.6527;8.1100;9.3473;4.8900
2025-05-05 11:00;12.6900;4.6850;8.1900;8.0050;4.5000
2025-05-05 12:00;12.6900;6.9870;8.3900;5.7030;4.3000
2025-05-05 13:00;12.6900;7.7904;8.8000;4.8996;3.8900
2025-05-05 14:00;12.7700;8.5281;9.6100;4.2419;3.1600
2025-05-05 15:00;12.9000;8.3573;10.9600;4.5427;1.9400
2025-05-05 16:00;12.9600;8.8714;12.9000;4.0886;0.0600
2025-05-05 17:00;12.9800;9.2592;15.2300;3.7208;-2.2500
2025-05-05 18:00;13.7200;9.8480;17.6000;3.8720;-3.8800
2025-05-05 19:00;14.2800;9.9899;19.6800;4.2901;-5.4000
2025-05-05 20:00;15.0900;10.0715;21.2800;5.0185;-6.1900
2025-05-05 21:00;17.7300;9.9184;22.3900;7.8116;-4.6600
2025-05-05 22:00;21.5300;9.7549;23.1100;11.7751;-1.5800
2025-05-05 23:00;23.3600;9.6495;23.5100;13.7105;-0.1500
2025-05-06 00:00;22.0800;9.7253;23.6700;12.3547;-1.5900
2025-05-06 01:00;22.6300;9.9668;23.6600;12.6632;-1.0300
2025-05-06 02:00;21.9600;9.9035;23.5100;12.0565;-1.5500
2025-05-06 03:00;21.2900;9.7502;23.2500;11.5398;-1.9600
2025-05-06 04:00;20.9200;9.7324;22.9100;11.1876;-1.9900
2025-05-06 05:00;20.6100;9.8211;22.4900;10.7889;-1.8800
2025-05-06 06:00;19.3300;10.1768;22.0300;9.1532;-2.7000
2025-05-06 07:00;19.1500;9.8992;21.5400;9.2508;-2.3900
2025-05-06 08:00;19.1500;9.7969;21.0500;9.3531;-1.9000
2025-05-06 09:00;18.6900;9.3587;20.5600;9.3313;-1.8700
2025-05-06 10:00;17.9300;8.9945;20.1000;8.9355;-2.1700
2025-05-06 11:00;17.4800;8.2043;19.6700;9.2757;-2.1900
2025-05-06 12:00;15.7500;7.2835;19.2700;8.4665;-3.5200
2025-05-06 13:00;14.5600;6.5389;18.9100;8.0211;-4.3500
2025-05-06 14:00;10.7400;5.8934;18.5800;4.8466;-7.8400
2025-05-06 15:00;9.8800;5.4798;18.2800;4.4002;-8.4000
2025-05-06 16:00;9.1100;5.1786;18.0000;3.9314;-8.8900
2025-05-06 17:00;6.0200;5.1049;17.7500;0.9151;-11.7300
2025-05-06 18:00;3.1900;5.0583;17.5200;-1.8683;-14.3300
2025-05-06 19:00;2.5100;5.0811;17.3000;-2.5711;-14.7900
2025-05-06 20:00;2.0100;5.1235;17.1000;-3.1135;-15.0900
2025-05-06 21:00;1.5700;5.6467;16.9000;-4.0767;-15.3300
2025-05-06 22:00;1.1600;6.0540;16.7100;-4.8940;-15.5500
2025-05-06 23:00;0.6900;6.6581;16.5200;-5.9681;-15.8300
2025-05-07 00:00;0.5100;7.1711;16.3300;-6.6611;-15.8200
2025-05-07 01:00;0.4400;7.2730;16.1500;-6.8330;-15.7100
2025-05-07 02:00;0.4300;7.4080;15.9700;-6.9780;-15.5400
2025-05-07 03:00;0.4300;7.3525;15.7900;-6.9225;-15.3600
2025-05-07 04:00;0.4300;7.5924;15.6100;-7.1624;-15.1800
2025-05-07 05:00;0.4300;7.6020;15.4300;-7.1720;-15.0000
2025-05-07 06:00;0.4200;7.6035;15.2600;-7.1835;-14.8400
2025-05-07 07:00;0.4200;7.2195;15.1000;-6.7995;-14.6800
2025-05-07 08:00;0.4100;6.8339;14.9400;-6.4239;-14.5300
2025-05-07 09:00;0.4100;5.9621;14.7800;-5.5521;-14.3700
2025-05-07 10:00;0.4000;5.2760;14.6300;-4.8760;-14.2300
2025-05-07 11:00;0.4000;4.7077;14.4900;-4.3077;-14.0900
2025-05-07 12:00;0.4200;4.1570;14.3600;-3.7370;-13.9400
2025-05-07 13:00;0.4200;3.7622;14.2300;-3.3422;-13.8100
2025-05-07 14:00;0.4100;3.6023;14.1100;-3.1923;-13.7000
2025-05-07 15:00;0.4100;3.6243;13.9900;-3.2143;-13.5800
2025-05-07 16:00;0.4100;3.5163;13.8800;-3.1063;-13.4700
2025-05-07 17:00;0.4100;3.7916;13.7800;-3.3816;-13.3700
2025-05-07 18:00;0.4100;3.9086;13.6900;-3.4986;-13.2800
2025-05-07 19:00;0.4100;4.1227;13.6000;-3.7127;-13.1900
2025-05-07 20:00;0.4100;4.3708;13.5100;-3.9608;-13.1000
2025-05-07 21:00;0.4100;4.7899;13.4200;-4.3799;-13.0100
2025-05-07 22:00;0.4100;4.9975;13.3300;-4.5875;-12.9200
2025-05-07 23:00;0.4100;5.2618;13.2400;-4.8518;-12.8300
2025-05-08 00:00;0.4100;5.4267;13.1400;-5.0167;-12.7300
2025-05-08 01:00;0.4100;5.7028;13.0500;-5.2928;-12.6400
2025-05-08 02:00;0.4100;5.9096;12.9600;-5.4996;-12.5500
2025-05-08 03:00;0.4100;6.0594;12.8700;-5.6494;-12.4600
2025-05-08 04:00;0.4100;6.1999;12.7900;-5.7899;-12.3800
2025-05-08 05:00;0.4100;6.4482;12.7200;-6.0382;-12.3100
2025-05-08 06:00;0.4100;6.3544;12.6500;-5.9444;-12.2400
2025-05-08 07:00;0.4100;6.1374;12.5900;-5.7274;-12.1800
2025-05-08 08:00;0.4100;5.4130;12.5300;-5.0030;-12.1200
2025-05-08 09:00;0.4100;4.6124;12.4800;-4.2024;-12.0700
2025-05-08 10:00;4.0600;4.0213;12.4200;0.0387;-8.3600
2025-05-08 11:00;10.8600;3.4898;12.3700;7.3702;-1.5100
2025-05-08 12:00;8.1600;3.1286;12.3200;5.0314;-4.1600
2025-05-08 13:00;2.2700;2.8391;12.2700;-0.5691;-10.0000
2025-05-08 14:00;0.4300;2.6296;12.2100;-2.1996;-11.7800
2025-05-08 15:00;0.4000;2.5960;12.1500;-2.1960;-11.7500
2025-05-08 16:00;0.3900;2.5209;12.0900;-2.1309;-11.7000
2025-05-08 17:00;0.4200;2.4964;12.0300;-2.0764;-11.6100
2025-05-08 18:00;0.4200;2.5111;11.9700;-2.0911;-11.5500
2025-05-08 19:00;0.4000;2.4893;11.9100;-2.0893;-11.5100
2025-05-08 20:00;0.4100;2.5681;11.8400;-2.1581;-11.4300
2025-05-08 21:00;0.4100;2.7031;11.7800;-2.2931;-11.3700
2025-05-08 22:00;0.4100;2.9855;11.7100;-2.5755;-11.3000
2025-05-08 23:00;0.4100;3.1509;11.6500;-2.7409;-11.2400
2025-05-09 00:00;0.4100;3.4470;11.5800;-3.0370;-11.1700
2025-05-09 01:00;0.4100;3.5357;11.5100;-3.1257;-11.1000
2025-05-09 02:00;0.4100;3.6436;11.4500;-3.2336;-11.0400
2025-05-09 03:00;0.4100;3.6854;11.3900;-3.2754;-10.9800
2025-05-09 04:00;0.4100;3.7312;11.3300;-3.3212;-10.9200
2025-05-09 05:00;0.4100;3.6721;11.2700;-3.2621;-10.8600
2025-05-09 06:00;0.4100;3.5983;11.2100;-3.1883;-10.8000
2025-05-09 07:00;0.4200;3.4884;11.1500;-3.0684;-10.7300
2025-05-09 08:00;0.4200;3.1631;11.1000;-2.7431;-10.6800
2025-05-09 09:00;0.4100;2.8027;11.0400;-2.3927;-10.6300
2025-05-09 10:00;0.4100;2.4534;10.9900;-2.0434;-10.5800
2025-05-09 11:00;0.4100;2.1566;10.9300;-1.7466;-10.5200
2025-05-09 12:00;0.4200;1.9270;10.8800;-1.5070;-10.4600
2025-05-09 13:00;0.4200;1.8023;10.8300;-1.3823;-10.4100
2025-05-09 14:00;0.4200;1.7256;10.7800;-1.3056;-10.3600
2025-05-09 15:00;0.4200;1.7034;10.7300;-1.2834;-10.3100
2025-05-09 16:00;0.4200;1.7339;10.6800;-1.3139;-10.2600
2025-05-09 17:00;0.4200;1.7962;10.6300;-1.3762;-10.2100
2025-05-09 18:00;0.4100;1.8930;10.5900;-1.4830;-10.1800
2025-05-09 19:00;0.4100;2.1539;10.5400;-1.7439;-10.1300
2025-05-09 20:00;0.4100;2.3476;10.4900;-1.9376;-10.0800
2025-05-09 21:00;0.4100;2.3947;10.4500;-1.9847;-10.0400
2025-05-09 22:00;0.4100;2.5007;10.4000;-2.0907;-9.9900
2025-05-09 23:00;0.4100;2.5633;10.3600;-2.1533;-9.9500
2025-05-10 00:00;0.4100;2.6934;10.3300;-2.2834;-9.9200
2025-05-10 01:00;0.4100;2.7672;10.3100;-2.3572;-9.9000
2025-05-10 02:00;0.4100;2.8882;10.3100;-2.4782;-9.9000
2025-05-10 03:00;0.4100;2.9886;10.3200;-2.5786;-9.9100
2025-05-10 04:00;0.4100;3.0061;10.3700;-2.5961;-9.9600
2025-05-10 05:00;0.4100;3.0088;10.4200;-2.5988;-10.0100
2025-05-10 06:00;0.4100;3.0621;10.4900;-2.6521;-10.0800
2025-05-10 07:00;0.4100;2.9357;10.5500;-2.5257;-10.1400
2025-05-10 08:00;0.4100;2.8139;10.6100;-2.4039;-10.2000
2025-05-10 09:00;0.4100;2.5155;10.6500;-2.1055;-10.2400
2025-05-10 10:00;0.4100;2.1789;10.6700;-1.7689;-10.2600
2025-05-10 11:00;0.4100;1.9552;10.6800;-1.5452;-10.2700
2025-05-10 12:00;0.4200;1.7783;10.6700;-1.3583;-10.2500
2025-05-10 13:00;0.4100;1.6353;10.6500;-1.2253;-10.2400
2025-05-10 14:00;0.4100;1.5480;10.6200;-1.1380;-10.2100
2025-05-10 15:00;0.4100;1.5398;10.5900;-1.1298;-10.1800
2025-05-10 16:00;0.4200;1.5839;10.5500;-1.1639;-10.1300
2025-05-10 17:00;0.4200;1.6564;10.5100;-1.2364;-10.0900
2025-05-10 18:00;0.4200;1.7587;10.4600;-1.3387;-10.0400
2025-05-10 19:00;0.4100;1.8938;10.4100;-1.4838;-10.0000
2025-05-10 20:00;0.4100;2.0545;10.3700;-1.6445;-9.9600
2025-05-10 21:00;0.4100;2.2191;10.3300;-1.8091;-9.9200
2025-05-10 22:00;0.4100;2.3811;10.3100;-1.9711;-9.9000
2025-05-10 23:00;0.4100;2.4853;10.3200;-2.0753;-9.9100
2025-05-11 00:00;0.4100;2.6490;10.3800;-2.2390;-9.9700
2025-05-11 01:00;0.4100;2.7407;10.5100;-2.3307;-10.1000
2025-05-11 02:00;0.4100;2.8379;10.7000;-2.4279;-10.2900
2025-05-11 03:00;0.4100;2.8839;10.9100;-2.4739;-10.5000
2025-05-11 04:00;0.4100;2.9591;11.1200;-2.5491;-10.7100
2025-05-11 05:00;0.4200;2.9992;11.2800;-2.5792;-10.8600
2025-05-11 06:00;0.4200;2.9774;11.3900;-2.5574;-10.9700
2025-05-11 07:00;0.4100;2.8739;11.4200;-2.4639;-11.0100
2025-05-11 08:00;6.8800;2.5047;11.4100;4.3753;-4.5300
2025-05-11 09:00;14.4800;2.1001;11.3500;12.3799;3.1300
2025-05-11 10:00;12.4900;1.8681;11.2700;10.6219;1.2200
2025-05-11 11:00;11.1900;1.6788;11.1700;9.5112;0.0200
2025-05-11 12:00;10.9000;1.5581;11.0700;9.3419;-0.1700
2025-05-11 13:00;10.2900;1.4734;10.9700;8.8166;-0.6800
2025-05-11 14:00;10.0900;1.4855;10.8700;8.6045;-0.7800
2025-05-11 15:00;10.0000;1.5511;10.7800;8.4489;-0.7800
2025-05-11 16:00;9.4700;1.6880;10.7000;7.7820;-1.2300
2025-05-11 17:00;9.1900;1.7261;10.6200;7.4639;-1.4300
2025-05-11 18:00;8.9000;1.7002;10.5500;7.1998;-1.6500
2025-05-11 19:00;9.3900;1.7140;10.4900;7.6760;-1.1000
2025-05-11 20:00;9.6800;1.7787;10.4500;7.9013;-0.7700
2025-05-11 21:00;10.0400;1.8426;10.4200;8.1974;-0.3800
2025-05-11 22:00;9.9600;1.9521;10.4400;8.0079;-0.4800
2025-05-11 23:00;9.5100;1.9861;10.4900;7.5239;-0.9800
2025-05-12 00:00;9.6000;2.0767;10.5800;7.5233;-0.9800
2025-05-12 01:00;10.1300;2.1574;10.6900;7.9726;-0.5600
2025-05-12 02:00;10.1300;2.2274;10.8100;7.9026;-0.6800
2025-05-12 03:00;11.0600;2.3145;10.9200;8.7455;0.1400
2025-05-12 04:00;13.0500;2.3688;11.0100;10.6812;2.0400
2025-05-12 05:00;14.2800;2.4379;11.0600;11.8421;3.2200
2025-05-12 06:00;14.2800;2.4896;11.0700;11.7904;3.2100
2025-05-12 07:00;14.4300;2.4492;11.0500;11.9808;3.3800
2025-05-12 08:00;14.9900;2.1045;11.0000;12.8855;3.9900
2025-05-12 09:00;14.3800;1.8097;10.9300;12.5703;3.4500
2025-05-12 10:00;9.2400;1.6338;10.8500;7.6062;-1.6100
2025-05-12 11:00;2.7700;1.4728;10.7600;1.2972;-7.9900
2025-05-12 12:00;0.4400;1.3563;10.6700;-0.9163;-10.2300
2025-05-12 13:00;0.4100;1.3025;10.5800;-0.8925;-10.1700
2025-05-12 14:00;0.3900;1.2946;10.4900;-0.9046;-10.1000
2025-05-12 15:00;0.4100;1.3107;10.4100;-0.9007;-10.0000
2025-05-12 16:00;0.4200;1.4392;10.3400;-1.0192;-9.9200
2025-05-12 17:00;0.4100;1.6605;10.2900;-1.2505;-9.8800
2025-05-12 18:00;0.4100;1.8237;10.2400;-1.4137;-9.8300
2025-05-12 19:00;0.4200;2.2871;10.2000;-1.8671;-9.7800
2025-05-12 20:00;0.4200;2.5537;10.1500;-2.1337;-9.7300
2025-05-12 21:00;0.4000;2.7886;10.1000;-2.3886;-9.7000
2025-05-12 22:00;0.4100;2.8637;10.0500;-2.4537;-9.6400
2025-05-12 23:00;0.4100;3.0926;10.0300;-2.6826;-9.6200
2025-05-13 00:00;0.4100;3.2447;10.0700;-2.8347;-9.6600
2025-05-13 01:00;0.4100;3.3167;10.1900;-2.9067;-9.7800
2025-05-13 02:00;0.4100;3.3556;10.4000;-2.9456;-9.9900
2025-05-13 03:00;0.4100;3.4086;10.7100;-2.9986;-10.3000
2025-05-13 04:00;0.4100;3.3693;11.0700;-2.9593;-10.6600
2025-05-13 05:00;0.4100;3.3272;11.4300;-2.9172;-11.0200
2025-05-13 06:00;0.4100;3.3198;11.7600;-2.9098;-11.3500
2025-05-13 07:00;0.4200;3.2542;12.0400;-2.8342;-11.6200
2025-05-13 08:00;0.4100;2.9653;12.2500;-2.5553;-11.8400
2025-05-13 09:00;0.4100;2.7428;12.4000;-2.3328;-11.9900
2025-05-13 10:00;0.4100;2.4272;12.5000;-2.0172;-12.0900
2025-05-13 11:00;0.4100;2.1461;12.5500;-1.7361;-12.1400
2025-05-13 12:00;0.4100;1.9308;12.5600;-1.5208;-12.1500
2025-05-13 13:00;0.4100;1.8700;12.5300;-1.4600;-12.1200
2025-05-13 14:00;0.4200;1.7877;12.4600;-1.3677;-12.0400
2025-05-13 15:00;0.4100;1.7642;12.3700;-1.3542;-11.9600
2025-05-13 16:00;0.4100;1.7605;12.2500;-1.3505;-11.8400
2025-05-13 17:00;0.4200;1.7063;12.1300;-1.2863;-11.7100
2025-05-13 18:00;0.4200;1.6790;12.0000;-1.2590;-11.5800
2025-05-13 19:00;0.4100;1.6678;11.8700;-1.2578;-11.4600
2025-05-13 20:00;0.4100;1.7052;11.7500;-1.2952;-11.3400
2025-05-13 21:00;0.4100;1.7342;11.6300;-1.3242;-11.2200
2025-05-13 22:00;0.4100;1.7894;11.5300;-1.3794;-11.1200
2025-05-13 23:00;0.4100;1.8221;11.4200;-1.4121;-11.0100
2025-05-14 00:00;0.4100;1.8901;11.3300;-1.4801;-10.9200
2025-05-14 01:00;0.4100;1.9592;11.2500;-1.5492;-10.8400
2025-05-14 02:00;0.4100;2.0088;11.1700;-1.5988;-10.7600
2025-05-14 03:00;0.4100;2.0629;11.1000;-1.6529;-10.6900
2025-05-14 04:00;0.4100;2.1403;11.0300;-1.7303;-10.6200
2025-05-14 05:00;0.4100;2.1960;10.9600;-1.7860;-10.5500
2025-05-14 06:00;0.4100;2.2712;10.9000;-1.8612;-10.4900
2025-05-14 07:00;0.4100;2.2277;10.8400;-1.8177;-10.4300
2025-05-14 08:00;0.4100;1.9634;10.7800;-1.5534;-10.3700
2025-05-14 09:00;0.4100;1.7492;10.7200;-1.3392;-10.3100
2025-05-14 10:00;0.4000;1.5888;10.6600;-1.1888;-10.2600
2025-05-14 11:00;0.4100;1.4284;10.6100;-1.0184;-10.2000
2025-05-14 12:00;0.4200;1.3145;10.5600;-0.8945;-10.1400
2025-05-14 13:00;0.4100;1.2946;10.5000;-0.8846;-10.0900
2025-05-14 14:00;0.4100;1.2946;10.4500;-0.8846;-10.0400
2025-05-14 15:00;0.4200;1.2946;10.4000;-0.8746;-9.9800
2025-05-14 16:00;0.4200;1.2946;10.3500;-0.8746;-9.9300
2025-05-14 17:00;0.4200;1.2946;10.3100;-0.8746;-9.8900
2025-05-14 18:00;0.4200;1.2946;10.2600;-0.8746;-9.8400
2025-05-14 19:00;0.4200;1.2946;10.2100;-0.8746;-9.7900
2025-05-14 20:00;0.4200;1.2946;10.1600;-0.8746;-9.7400
2025-05-14 21:00;0.4100;1.3068;10.1100;-0.8968;-9.7000
2025-05-14 22:00;0.4100;1.3542;10.0600;-0.9442;-9.6500
2025-05-14 23:00;0.4100;1.4199;10.0100;-1.0099;-9.6000
2025-05-15 00:00;0.4100;1.4713;9.9700;-1.0613;-9.5600
2025-05-15 01:00;0.4100;1.5306;9.9200;-1.1206;-9.5100
2025-05-15 02:00;0.4100;1.5740;9.8800;-1.1640;-9.4700
2025-05-15 03:00;0.4100;1.6314;9.8300;-1.2214;-9.4200
2025-05-15 04:00;0.4100;1.6366;9.7900;-1.2266;-9.3800
2025-05-15 05:00;0.4100;1.6587;9.7600;-1.2487;-9.3500
2025-05-15 06:00;0.4100;1.6603;9.7200;-1.2503;-9.3100
2025-05-15 07:00;0.4100;1.6468;9.6800;-1.2368;-9.2700
2025-05-15 08:00;0.4100;1.5193;9.6400;-1.1093;-9.2300
2025-05-15 09:00;0.4100;1.3503;9.6100;-0.9403;-9.2000
2025-05-15 10:00;0.4100;1.2953;9.5700;-0.8853;-9.1600
2025-05-15 11:00;0.4100;1.2946;9.5300;-0.8846;-9.1200
2025-05-15 12:00;0.4200;1.2946;9.4900;-0.8746;-9.0700
2025-05-15 13:00;0.4100;1.2946;9.4500;-0.8846;-9.0400
2025-05-15 14:00;0.4100;1.2946;9.4100;-0.8846;-9.0000
2025-05-15 15:00;0.4200;1.2946;9.3700;-0.8746;-8.9500
2025-05-15 16:00;0.4200;1.2946;9.3300;-0.8746;-8.9100
2025-05-15 17:00;0.4200;1.2946;9.2900;-0.8746;-8.8700
2025-05-15 18:00;0.4200;1.2946;9.2600;-0.8746;-8.8400
2025-05-15 19:00;0.4200;1.2946;9.2200;-0.8746;-8.8000
2025-05-15 20:00;0.4200;1.2946;9.1800;-0.8746;-8.7600
2025-05-15 21:00;0.4100;1.2946;9.1400;-0.8846;-8.7300
2025-05-15 22:00;0.4000;1.2946;9.1000;-0.8946;-8.7000
2025-05-15 23:00;0.4100;1.2946;9.0600;-0.8846;-8.6500
2025-05-16 00:00;0.4100;1.2946;9.0200;-0.8846;-8.6100
2025-05-16 01:00;0.4100;1.6449;9.0000;-1.2349;-8.5900
2025-05-16 02:00;0.4100;3.0959;9.0400;-2.6859;-8.6300
2025-05-16 03:00;0.4000;8.3911;9.1800;-7.9911;-8.7800
2025-05-16 04:00;0.4100;12.8018;9.5200;-12.3918;-9.1100
2025-05-16 05:00;0.4100;17.7878;10.4400;-17.3778;-10.0300
2025-05-16 06:00;0.4100;20.5522;12.7200;-20.1422;-12.3100
2025-05-16 07:00;9.9700;23.0581;17.2300;-13.0881;-7.2600
2025-05-16 08:00;56.3700;25.4212;23.8600;30.9488;32.5100
2025-05-16 09:00;49.7800;27.8719;31.0000;21.9081;18.7800
2025-05-16 10:00;40.6100;27.4369;36.4900;13.1731;4.1200
2025-05-16 11:00;33.1200;25.4632;39.2200;7.6568;-6.1000
2025-05-16 12:00;30.4700;21.7090;39.4300;8.7610;-8.9600
2025-05-16 13:00;27.0700;18.0062;38.0200;9.0638;-10.9500
2025-05-16 14:00;24.1500;15.6115;35.8400;8.5385;-11.6900
2025-05-16 15:00;24.8800;13.3969;33.4700;11.4831;-8.5900
2025-05-16 16:00;24.0900;12.1842;31.1900;11.9058;-7.1000
2025-05-16 17:00;22.5100;11.2055;29.1300;11.3045;-6.6200
2025-05-16 18:00;19.0600;10.5090;27.3200;8.5510;-8.2600
2025-05-16 19:00;17.4200;10.1339;25.7400;7.2861;-8.3200
2025-05-16 20:00;16.9700;10.6196;24.3700;6.3504;-7.4000
2025-05-16 21:00;16.2600;11.6106;23.1800;4.6494;-6.9200
2025-05-16 22:00;15.6000;12.1069;22.1300;3.4931;-6.5300
2025-05-16 23:00;15.1400;12.2748;21.2200;2.8652;-6.0800
2025-05-17 00:00;13.1300;12.2101;20.4300;0.9199;-7.3000
2025-05-17 01:00;12.4900;12.2954;19.7400;0.1946;-7.2500
2025-05-17 02:00;12.4900;12.1546;19.1400;0.3354;-6.6500
2025-05-17 03:00;11.5100;11.9819;18.6300;-0.4719;-7.1200
2025-05-17 04:00;9.1500;11.8696;18.1800;-2.7196;-9.0300
2025-05-17 05:00;7.4900;11.6044;17.7900;-4.1144;-10.3000
2025-05-17 06:00;5.0700;11.1855;17.4600;-6.1155;-12.3900
2025-05-17 07:00;3.5300;10.8299;17.1700;-7.2999;-13.6400
2025-05-17 08:00;3.3800;9.2663;16.9100;-5.8863;-13.5300
2025-05-17 09:00;2.3600;7.8356;16.6800;-5.4756;-14.3200
2025-05-17 10:00;1.5200;6.7233;16.4800;-5.2033;-14.9600
2025-05-17 11:00;0.9700;5.8750;16.2900;-4.9050;-15.3200
2025-05-17 12:00;0.5700;5.3860;16.1200;-4.8160;-15.5500
2025-05-17 13:00;0.4400;5.0442;15.9500;-4.6042;-15.5100
2025-05-17 14:00;0.4300;4.7305;15.8000;-4.3005;-15.3700
2025-05-17 15:00;0.4300;4.8788;15.6600;-4.4488;-15.2300
2025-05-17 16:00;0.4200;4.8386;15.5300;-4.4186;-15.1100
2025-05-17 17:00;0.4100;4.6651;15.4000;-4.2551;-14.9900
2025-05-17 18:00;0.4000;4.5384;15.2700;-4.1384;-14.8700
2025-05-17 19:00;0.4200;4.5724;15.1400;-4.1524;-14.7200
2025-05-17 20:00;0.4200;4.7862;15.0200;-4.3662;-14.6000
2025-05-17 21:00;0.4100;5.1883;14.9000;-4.7783;-14.4900
2025-05-17 22:00;0.4000;5.4553;14.7800;-5.0553;-14.3800
2025-05-17 23:00;0.4100;5.8322;14.6600;-5.4222;-14.2500
2025-05-18 00:00;0.4100;6.1009;14.5500;-5.6909;-14.1400
2025-05-18 01:00;0.4100;6.0485;14.4300;-5.6385;-14.0200
2025-05-18 02:00;0.4100;6.1836;14.3200;-5.7736;-13.9100
2025-05-18 03:00;0.4100;6.2195;14.2100;-5.8095;-13.8000
2025-05-18 04:00;0.4100;6.3267;14.1100;-5.9167;-13.7000
2025-05-18 05:00;0.4100;6.4153;14.0000;-6.0053;-13.5900
2025-05-18 06:00;0.4100;6.3724;13.9000;-5.9624;-13.4900
2025-05-18 07:00;0.4100;6.0011;13.8000;-5.5911;-13.3900
2025-05-18 08:00;0.4100;5.1447;13.7000;-4.7347;-13.2900
2025-05-18 09:00;0.4100;4.2901;13.6100;-3.8801;-13.2000
2025-05-18 10:00;0.4000;3.7393;13.5100;-3.3393;-13.1100
2025-05-18 11:00;0.4100;3.2011;13.4200;-2.7911;-13.0100
2025-05-18 12:00;0.4100;2.8141;13.3400;-2.4041;-12.9300
2025-05-18 13:00;0.4100;2.5559;13.2500;-2.1459;-12.8400
2025-05-18 14:00;0.4100;2.3841;13.1700;-1.9741;-12.7600
2025-05-18 15:00;0.4100;2.2166;13.0900;-1.8066;-12.6800
2025-05-18 16:00;0.4200;2.1566;13.0100;-1.7366;-12.5900
2025-05-18 17:00;0.4200;2.1493;12.9300;-1.7293;-12.5100
2025-05-18 18:00;0.4100;2.2406;12.8500;-1.8306;-12.4400
2025-05-18 19:00;0.4100;2.2672;12.7700;-1.8572;-12.3600
2025-05-18 20:00;0.4100;2.3857;12.6900;-1.9757;-12.2800
2025-05-18 21:00;0.4100;2.4837;12.6100;-2.0737;-12.2000
2025-05-18 22:00;0.4000;2.6566;12.5300;-2.2566;-12.1300
2025-05-18 23:00;0.4100;2.7867;12.4500;-2.3767;-12.0400
2025-05-19 00:00;0.4100;2.9163;12.3700;-2.5063;-11.9600
2025-05-19 01:00;0.4100;2.9277;12.2900;-2.5177;-11.8800
2025-05-19 02:00;0.4100;2.9315;12.2100;-2.5215;-11.8000
2025-05-19 03:00;0.4100;2.9039;12.1300;-2.4939;-11.7200
2025-05-19 04:00;0.4100;2.8620;12.0500;-2.4520;-11.6400
2025-05-19 05:00;0.4100;2.8681;11.9800;-2.4581;-11.5700
2025-05-19 06:00;0.4100;2.8938;11.9000;-2.4838;-11.4900
2025-05-19 07:00;0.4100;2.7956;11.8300;-2.3856;-11.4200
2025-05-19 08:00;0.4100;2.4666;11.7600;-2.0566;-11.3500
2025-05-19 09:00;0.4000;2.1757;11.7000;-1.7757;-11.3000
2025-05-19 10:00;0.4100;1.9547;11.6300;-1.5447;-11.2200
2025-05-19 11:00;0.4100;1.7677;11.5700;-1.3577;-11.1600
2025-05-19 12:00;0.4100;1.6643;11.5000;-1.2543;-11.0900
2025-05-19 13:00;0.4100;1.5410;11.4400;-1.1310;-11.0300
2025-05-19 14:00;0.4100;1.4248;11.3800;-1.0148;-10.9700
2025-05-19 15:00;0.4100;1.3791;11.3200;-0.9691;-10.9100
2025-05-19 16:00;0.4200;1.3508;11.2600;-0.9308;-10.8400
2025-05-19 17:00;0.4200;1.3579;11.2000;-0.9379;-10.7800
2025-05-19 18:00;0.4100;1.3405;11.1500;-0.9305;-10.7400
2025-05-19 19:00;0.4100;1.3606;11.0900;-0.9506;-10.6800
2025-05-19 20:00;0.4100;1.3953;11.0300;-0.9853;-10.6200
2025-05-19 21:00;0.4100;1.4417;10.9700;-1.0317;-10.5600
2025-05-19 22:00;0.4100;1.4964;10.9100;-1.0864;-10.5000
2025-05-19 23:00;0.4100;1.5645;10.8500;-1.1545;-10.4400
2025-05-20 00:00;0.4100;1.6124;10.7900;-1.2024;-10.3800
2025-05-20 01:00;0.4100;1.6436;10.7300;-1.2336;-10.3200
2025-05-20 02:00;0.4100;1.6779;10.6700;-1.2679;-10.2600
2025-05-20 03:00;0.4100;1.7089;10.6100;-1.2989;-10.2000
2025-05-20 04:00;0.4100;1.7435;10.5500;-1.3335;-10.1400
2025-05-20 05:00;0.4100;1.7497;10.4900;-1.3397;-10.0800
2025-05-20 06:00;0.4100;1.7346;10.4400;-1.3246;-10.0300
2025-05-20 07:00;0.4100;1.6921;10.3800;-1.2821;-9.9700
2025-05-20 08:00;0.4100;1.5912;10.3300;-1.1812;-9.9200
2025-05-20 09:00;0.4100;1.4742;10.2800;-1.0642;-9.8700
2025-05-20 10:00;0.4100;1.3953;10.2300;-0.9853;-9.8200
2025-05-20 11:00;0.4100;1.3325;10.1800;-0.9225;-9.7700
2025-05-20 12:00;0.4100;1.3411;10.1300;-0.9311;-9.7200
2025-05-20 13:00;0.4100;1.3209;10.0800;-0.9109;-9.6700
2025-05-20 14:00;0.4100;1.3420;10.0400;-0.9320;-9.6300
2025-05-20 15:00;0.4100;1.3195;10.0000;-0.9095;-9.5900
2025-05-20 16:00;0.4100;1.3155;9.9600;-0.9055;-9.5500
2025-05-20 17:00;0.4100;1.3155;9.9200;-0.9055;-9.5100
2025-05-20 18:00;0.4100;1.3723;9.8800;-0.9623;-9.4700
2025-05-20 19:00;0.4100;1.5626;9.8400;-1.1526;-9.4300
2025-05-20 20:00;0.4100;1.9041;9.8100;-1.4941;-9.4000
2025-05-20 21:00;0.4100;2.8831;9.7900;-2.4731;-9.3800
2025-05-20 22:00;0.4100;5.8941;9.7800;-5.4841;-9.3700
2025-05-20 23:00;0.4100;8.5732;9.8300;-8.1632;-9.4200
2025-05-21 00:00;0.4100;9.8584;10.0200;-9.4484;-9.6100
2025-05-21 01:00;0.4100;10.4768;10.5200;-10.0668;-10.1100
2025-05-21 02:00;0.4100;10.4698;11.5900;-10.0598;-11.1800
2025-05-21 03:00;0.4100;10.4738;13.4300;-10.0638;-13.0200
2025-05-21 04:00;0.4100;10.4494;15.9300;-10.0394;-15.5200
2025-05-21 05:00;0.4100;10.1148;18.6400;-9.7048;-18.2300
2025-05-21 06:00;0.4200;9.5371;20.9000;-9.1171;-20.4800
2025-05-21 07:00;11.8800;9.0823;22.3000;2.7977;-10.4200
2025-05-21 08:00;22.5700;8.8248;22.7800;13.7452;-0.2100
2025-05-21 09:00;18.6200;8.2576;22.5400;10.3624;-3.9200
2025-05-21 10:00;12.1100;7.8549;21.8900;4.2551;-9.7800
2025-05-21 11:00;4.7500;7.1188;21.0400;-2.3688;-16.2900
2025-05-21 12:00;2.5900;6.2612;20.1700;-3.6712;-17.5800
2025-05-21 13:00;1.5900;5.4779;19.3500;-3.8879;-17.7600
2025-05-21 14:00;0.7500;4.7368;18.6100;-3.9868;-17.8600
2025-05-21 15:00;0.4400;4.4944;17.9700;-4.0544;-17.5300
2025-05-21 16:00;0.4300;4.0090;17.4100;-3.5790;-16.9800
2025-05-21 17:00;0.4200;3.6394;16.9200;-3.2194;-16.5000
2025-05-21 18:00;0.4200;3.5978;16.4700;-3.1778;-16.0500
2025-05-21 19:00;0.4000;3.3865;16.0700;-2.9865;-15.6700
2025-05-21 20:00;0.4000;3.4750;15.7000;-3.0750;-15.3000
2025-05-21 21:00;0.4100;3.6389;15.3600;-3.2289;-14.9500
2025-05-21 22:00;0.4100;3.9517;15.0500;-3.5417;-14.6400
2025-05-21 23:00;0.4000;3.9927;14.7500;-3.5927;-14.3500
2025-05-22 00:00;0.4100;4.0082;14.4900;-3.5982;-14.0800
2025-05-22 01:00;0.4100;4.0262;14.2400;-3.6162;-13.8300
2025-05-22 02:00;0.4100;4.0847;14.0100;-3.6747;-13.6000
2025-05-22 03:00;0.4000;4.0580;13.8000;-3.6580;-13.4000
2025-05-22 04:00;0.4100;3.9970;13.6200;-3.5870;-13.2100
2025-05-22 05:00;0.4100;3.8484;13.4400;-3.4384;-13.0300
2025-05-22 06:00;0.4100;3.7044;13.2900;-3.2944;-12.8800
2025-05-22 07:00;0.4100;3.5885;13.1500;-3.1785;-12.7400
2025-05-22 08:00;0.4100;3.3784;13.0200;-2.9684;-12.6100
2025-05-22 09:00;0.4100;3.2412;12.9000;-2.8312;-12.4900
2025-05-22 10:00;0.4100;3.0952;12.7900;-2.6852;-12.3800
2025-05-22 11:00;0.4100;2.9188;12.6900;-2.5088;-12.2800
2025-05-22 12:00;0.4100;2.8208;12.6000;-2.4108;-12.1900
2025-05-22 13:00;0.4100;2.6883;12.5100;-2.2783;-12.1000
2025-05-22 14:00;0.4100;2.7930;12.4300;-2.3830;-12.0200
2025-05-22 15:00;0.4100;3.1064;12.3400;-2.6964;-11.9300
2025-05-22 16:00;0.4100;3.8039;12.2700;-3.3939;-11.8600
2025-05-22 17:00;0.4100;5.2261;12.1900;-4.8161;-11.7800
2025-05-22 18:00;0.4100;6.3233;12.1100;-5.9133;-11.7000
2025-05-22 19:00;0.4100;6.9171;12.0400;-6.5071;-11.6300
2025-05-22 20:00;0.4100;7.3439;11.9900;-6.9339;-11.5800
2025-05-22 21:00;0.4100;7.7070;11.9700;-7.2970;-11.5600
2025-05-22 22:00;0.4100;7.7012;12.0200;-7.2912;-11.6100
2025-05-22 23:00;0.4100;8.1558;12.1800;-7.7458;-11.7700
2025-05-23 00:00;0.4100;8.4319;12.4700;-8.0219;-12.0600
2025-05-23 01:00;0.4100;8.6678;12.9000;-8.2578;-12.4900
2025-05-23 02:00;0.4100;8.9689;13.4000;-8.5589;-12.9900
2025-05-23 03:00;0.4100;8.9293;13.9100;-8.5193;-13.5000
2025-05-23 04:00;0.4100;9.1500;14.3700;-8.7400;-13.9600
2025-05-23 05:00;0.4100;9.0954;14.7300;-8.6854;-14.3200
2025-05-23 06:00;0.4100;8.7822;14.9700;-8.3722;-14.5600
2025-05-23 07:00;0.4200;8.4889;15.1000;-8.0689;-14.6800
2025-05-23 08:00;0.4100;8.1047;15.1400;-7.6947;-14.7300
2025-05-23 09:00;0.4100;7.7598;15.1300;-7.3498;-14.7200
2025-05-23 10:00;0.4100;7.6265;15.0800;-7.2165;-14.6700
2025-05-23 11:00;0.4100;7.3778;15.0000;-6.9678;-14.5900
2025-05-23 12:00;0.4100;7.4323;14.9100;-7.0223;-14.5000
2025-05-23 13:00;0.4100;7.0164;14.8000;-6.6064;-14.3900
2025-05-23 14:00;0.4200;6.7212;14.6800;-6.3012;-14.2600
2025-05-23 15:00;0.4200;6.3177;14.5600;-5.8977;-14.1400
2025-05-23 16:00;0.4200;5.9958;14.4500;-5.5758;-14.0300
2025-05-23 17:00;0.4200;5.5894;14.3600;-5.1694;-13.9400
2025-05-23 18:00;0.4200;5.2085;14.2800;-4.7885;-13.8600
2025-05-23 19:00;0.4200;4.9244;14.2300;-4.5044;-13.8100
2025-05-23 20:00;0.4200;5.2566;14.2000;-4.8366;-13.7800
2025-05-23 21:00;0.4100;5.5841;14.1800;-5.1741;-13.7700
2025-05-23 22:00;0.4100;5.9887;14.1500;-5.5787;-13.7400
2025-05-23 23:00;0.4200;6.4485;14.1200;-6.0285;-13.7000
2025-05-24 00:00;0.4100;6.7475;14.0700;-6.3375;-13.6600
2025-05-24 01:00;0.4100;7.0821;14.0000;-6.6721;-13.5900
2025-05-24 02:00;0.4100;7.2796;13.9200;-6.8696;-13.5100
2025-05-24 03:00;0.4100;7.5425;13.8200;-7.1325;-13.4100
2025-05-24 04:00;0.4100;7.5424;13.7100;-7.1324;-13.3000
2025-05-24 05:00;0.4100;7.6918;13.6000;-7.2818;-13.1900
2025-05-24 06:00;0.4100;7.6598;13.4900;-7.2498;-13.0800
2025-05-24 07:00;0.4100;7.3513;13.3700;-6.9413;-12.9600
2025-05-24 08:00;0.4100;6.3758;13.2600;-5.9658;-12.8500
2025-05-24 09:00;0.4000;5.3298;13.1600;-4.9298;-12.7600
2025-05-24 10:00;0.4100;4.5342;13.0600;-4.1242;-12.6500
2025-05-24 11:00;0.4100;3.7940;12.9600;-3.3840;-12.5500
2025-05-24 12:00;0.4100;3.3860;12.8700;-2.9760;-12.4600
2025-05-24 13:00;0.4100;2.9323;12.7800;-2.5223;-12.3700
2025-05-24 14:00;0.4100;2.6587;12.7000;-2.2487;-12.2900
2025-05-24 15:00;0.4100;2.3847;12.6200;-1.9747;-12.2100
2025-05-24 16:00;0.4200;2.2361;12.5400;-1.8161;-12.1200
2025-05-24 17:00;0.4200;2.1313;12.4600;-1.7113;-12.0400
2025-05-24 18:00;0.4200;2.1028;12.3900;-1.6828;-11.9700
2025-05-24 19:00;0.4200;2.1701;12.3100;-1.7501;-11.8900
2025-05-24 20:00;0.4200;2.3049;12.2300;-1.8849;-11.8100
2025-05-24 21:00;0.4100;2.5967;12.1600;-2.1867;-11.7500
2025-05-24 22:00;0.4100;2.9544;12.0800;-2.5444;-11.6700
2025-05-24 23:00;0.4100;3.1873;12.0100;-2.7773;-11.6000
2025-05-25 00:00;0.4100;3.4375;11.9300;-3.0275;-11.5200
2025-05-25 01:00;0.4000;3.6708;11.8500;-3.2708;-11.4500
2025-05-25 02:00;0.4100;3.9150;11.7800;-3.5050;-11.3700
2025-05-25 03:00;0.4100;3.9702;11.7000;-3.5602;-11.2900
2025-05-25 04:00;0.4100;4.1080;11.6300;-3.6980;-11.2200
2025-05-25 05:00;0.4000;4.1265;11.5600;-3.7265;-11.1600
2025-05-25 06:00;0.4100;4.1987;11.4900;-3.7887;-11.0800
2025-05-25 07:00;0.4100;3.9537;11.4200;-3.5437;-11.0100
2025-05-25 08:00;0.4100;3.3828;11.3600;-2.9728;-10.9500
2025-05-25 09:00;0.4100;2.7686;11.2900;-2.3586;-10.8800
2025-05-25 10:00;0.4100;2.2796;11.2300;-1.8696;-10.8200
2025-05-25 11:00;0.4100;1.8960;11.1800;-1.4860;-10.7700
2025-05-25 12:00;0.4100;1.7118;11.1200;-1.3018;-10.7100
2025-05-25 13:00;0.4100;1.5575;11.0700;-1.1475;-10.6600
2025-05-25 14:00;0.4300;1.4377;11.0100;-1.0077;-10.5800
2025-05-25 15:00;0.4200;1.3643;10.9600;-0.9443;-10.5400
2025-05-25 16:00;0.4000;1.3237;10.9100;-0.9237;-10.5100
2025-05-25 17:00;0.3900;1.3112;10.8600;-0.9212;-10.4700
2025-05-25 18:00;0.4000;1.3213;10.8000;-0.9213;-10.4000
2025-05-25 19:00;0.4000;1.3242;10.7500;-0.9242;-10.3500
2025-05-25 20:00;0.3900;1.3774;10.7000;-0.9874;-10.3100
2025-05-25 21:00;0.3900;1.4479;10.6400;-1.0579;-10.2500
2025-05-25 22:00;0.3900;1.5237;10.5900;-1.1337;-10.2000
2025-05-25 23:00;0.3900;1.6206;10.5300;-1.2306;-10.1400
2025-05-26 00:00;0.3800;1.7044;10.4800;-1.3244;-10.1000
2025-05-26 01:00;0.3900;1.7381;10.4200;-1.3481;-10.0300
2025-05-26 02:00;0.3800;1.7686;10.3600;-1.3886;-9.9800
2025-05-26 03:00;0.3800;1.7762;10.3100;-1.3962;-9.9300
2025-05-26 04:00;0.3900;1.8113;10.2500;-1.4213;-9.8600
2025-05-26 05:00;0.3900;1.8442;10.2000;-1.4542;-9.8100
2025-05-26 06:00;0.3800;1.8644;10.1400;-1.4844;-9.7600
2025-05-26 07:00;0.4000;1.8244;10.0900;-1.4244;-9.6900
2025-05-26 08:00;0.4100;1.6969;10.0400;-1.2869;-9.6300
2025-05-26 09:00;0.3900;1.5698;9.9900;-1.1798;-9.6000
2025-05-26 10:00;0.3900;1.4210;9.9400;-1.0310;-9.5500
2025-05-26 11:00;0.4100;1.3302;9.9000;-0.9202;-9.4900
2025-05-26 12:00;0.4000;1.2979;9.8500;-0.8979;-9.4500
2025-05-26 13:00;0.4000;1.2946;9.8100;-0.8946;-9.4100
2025-05-26 14:00;0.4000;1.2946;9.7700;-0.8946;-9.3700
2025-05-26 15:00;0.4100;1.2946;9.7300;-0.8846;-9.3200
2025-05-26 16:00;0.4100;1.2946;9.6900;-0.8846;-9.2800
2025-05-26 17:00;0.4100;1.2946;9.6500;-0.8846;-9.2400
2025-05-26 18:00;0.4100;1.2946;9.6100;-0.8846;-9.2000
2025-05-26 19:00;0.4000;1.2946;9.5600;-0.8946;-9.1600
2025-05-26 20:00;0.4000;1.2946;9.5200;-0.8946;-9.1200
2025-05-26 21:00;0.4000;1.2946;9.4800;-0.8946;-9.0800
2025-05-26 22:00;0.4000;1.2946;9.4400;-0.8946;-9.0400
2025-05-26 23:00;0.4000;1.2949;9.4000;-0.8949;-9.0000
2025-05-27 00:00;0.4000;1.3046;9.3600;-0.9046;-8.9600
2025-05-27 01:00;0.4000;1.3406;9.3200;-0.9406;-8.9200
2025-05-27 02:00;0.4000;1.3766;9.2700;-0.9766;-8.8700
2025-05-27 03:00;0.4000;1.4112;9.2300;-1.0112;-8.8300
2025-05-27 04:00;0.4000;1.4301;9.1900;-1.0301;-8.7900
2025-05-27 05:00;0.3900;1.4651;9.1500;-1.0751;-8.7600
2025-05-27 06:00;0.4000;1.4827;9.1100;-1.0827;-8.7100
2025-05-27 07:00;0.4000;1.4494;9.0700;-1.0494;-8.6700
2025-05-27 08:00;0.4000;1.3936;9.0300;-0.9936;-8.6300
2025-05-27 09:00;0.4000;1.3178;8.9900;-0.9178;-8.5900
2025-05-27 10:00;0.4000;1.2946;8.9500;-0.8946;-8.5500
2025-05-27 11:00;0.4000;1.2946;8.9200;-0.8946;-8.5200
2025-05-27 12:00;0.4000;1.2946;8.8800;-0.8946;-8.4800
2025-05-27 13:00;0.4000;1.2946;8.8500;-0.8946;-8.4500
2025-05-27 14:00;0.3900;1.2946;8.8200;-0.9046;-8.4300
2025-05-27 15:00;0.4000;1.2946;8.7800;-0.8946;-8.3800
2025-05-27 16:00;0.4000;1.2946;8.7500;-0.8946;-8.3500
2025-05-27 17:00;0.4000;1.2946;8.7200;-0.8946;-8.3200
2025-05-27 18:00;0.4100;1.2946;8.6900;-0.8846;-8.2800
2025-05-27 19:00;0.4100;1.2946;8.6600;-0.8846;-8.2500
2025-05-27 20:00;0.4000;1.2946;8.6300;-0.8946;-8.2300
2025-05-27 21:00;0.4000;1.2946;8.5900;-0.8946;-8.1900
2025-05-27 22:00;0.4000;1.2946;8.5600;-0.8946;-8.1600
2025-05-27 23:00;0.4000;1.2947;8.5300;-0.8947;-8.1300
2025-05-28 00:00;0.4000;1.3072;8.5000;-0.9072;-8.1000
2025-05-28 01:00;0.4000;1.3250;8.4700;-0.9250;-8.0700
2025-05-28 02:00;0.4000;1.3557;8.4400;-0.9557;-8.0400
2025-05-28 03:00;0.4000;1.3631;8.4000;-0.9631;-8.0000
2025-05-28 04:00;0.4000;1.3818;8.3700;-0.9818;-7.9700
2025-05-28 05:00;0.4000;1.3922;8.3400;-0.9922;-7.9400
2025-05-28 06:00;0.4000;1.4189;8.3100;-1.0189;-7.9100
2025-05-28 07:00;0.4000;1.4066;8.2800;-1.0066;-7.8800
2025-05-28 08:00;0.4000;1.3173;8.2500;-0.9173;-7.8500
2025-05-28 09:00;0.3900;1.2946;8.2200;-0.9046;-7.8300
2025-05-28 10:00;0.3900;1.2946;8.1900;-0.9046;-7.8000
2025-05-28 11:00;0.3900;1.2946;8.1700;-0.9046;-7.7800
2025-05-28 12:00;0.4000;1.2946;8.1400;-0.8946;-7.7400
2025-05-28 13:00;0.4100;1.2946;8.1100;-0.8846;-7.7000
2025-05-28 14:00;0.4100;1.2946;8.0900;-0.8846;-7.6800
2025-05-28 15:00;0.4100;1.2946;8.0600;-0.8846;-7.6500
2025-05-28 16:00;0.4100;1.2946;8.0300;-0.8846;-7.6200
2025-05-28 17:00;0.4000;1.2946;8.0100;-0.8946;-7.6100
2025-05-28 18:00;0.4000;1.2946;7.9800;-0.8946;-7.5800
2025-05-28 19:00;0.4000;1.2946;7.9600;-0.8946;-7.5600
2025-05-28 20:00;0.4000;1.2946;7.9300;-0.8946;-7.5300
2025-05-28 21:00;0.3900;1.2946;7.9100;-0.9046;-7.5200
2025-05-28 22:00;0.3900;1.2946;7.8800;-0.9046;-7.4900
2025-05-28 23:00;0.4000;1.2946;7.8500;-0.8946;-7.4500
2025-05-29 00:00;0.4000;1.2946;7.8200;-0.8946;-7.4200
2025-05-29 01:00;0.4000;1.2946;7.8000;-0.8946;-7.4000
2025-05-29 02:00;0.4000;1.2946;7.7700;-0.8946;-7.3700
2025-05-29 03:00;0.4000;1.2946;7.7400;-0.8946;-7.3400
2025-05-29 04:00;0.3900;1.2946;7.7100;-0.9046;-7.3200
2025-05-29 05:00;0.3900;1.2946;7.6800;-0.9046;-7.2900
2025-05-29 06:00;0.4000;1.2946;7.6500;-0.8946;-7.2500
2025-05-29 07:00;0.4000;1.2946;7.6300;-0.8946;-7.2300
2025-05-29 08:00;0.4000;1.2946;7.6000;-0.8946;-7.2000
2025-05-29 09:00;0.4000;1.2946;7.5700;-0.8946;-7.1700
2025-05-29 10:00;0.3900;1.2946;7.5500;-0.9046;-7.1600
2025-05-29 11:00;0.3900;1.2946;7.5200;-0.9046;-7.1300
2025-05-29 12:00;0.4000;1.2946;7.5000;-0.8946;-7.1000
2025-05-29 13:00;0.4100;1.2946;7.4700;-0.8846;-7.0600
2025-05-29 14:00;0.4100;1.2946;7.4500;-0.8846;-7.0400
2025-05-29 15:00;0.4100;1.2946;7.4200;-0.8846;-7.0100
2025-05-29 16:00;0.4100;1.2946;7.4000;-0.8846;-6.9900
2025-05-29 17:00;0.4000;1.2946;7.3800;-0.8946;-6.9800
2025-05-29 18:00;0.4000;1.2946;7.3600;-0.8946;-6.9600
2025-05-29 19:00;0.4100;1.2946;7.3400;-0.8846;-6.9300
2025-05-29 20:00;0.4100;1.2946;7.3100;-0.8846;-6.9000
2025-05-29 21:00;0.4100;1.2946;7.2900;-0.8846;-6.8800
2025-05-29 22:00;0.4000;1.2946;7.2700;-0.8946;-6.8700
2025-05-29 23:00;0.3900;1.2946;7.2500;-0.9046;-6.8600
2025-05-30 00:00;0.3900;1.2946;7.2200;-0.9046;-6.8300
2025-05-30 01:00;0.4000;1.2946;7.2000;-0.8946;-6.8000
2025-05-30 02:00;0.4000;1.2946;7.1800;-0.8946;-6.7800
2025-05-30 03:00;0.4000;1.2946;7.1500;-0.8946;-6.7500
2025-05-30 04:00;0.4000;1.2946;7.1300;-0.8946;-6.7300
2025-05-30 05:00;0.3900;1.2946;7.1100;-0.9046;-6.7200
2025-05-30 06:00;0.3900;1.2946;7.0800;-0.9046;-6.6900
2025-05-30 07:00;0.3900;1.2946;7.0600;-0.9046;-6.6700
2025-05-30 08:00;0.4000;1.2946;7.0300;-0.8946;-6.6300
2025-05-30 09:00;0.4100;1.2946;7.0100;-0.8846;-6.6000
2025-05-30 10:00;0.4100;1.2946;6.9900;-0.8846;-6.5800
2025-05-30 11:00;0.4000;1.2946;6.9700;-0.8946;-6.5700
2025-05-30 12:00;0.3900;1.2946;6.9500;-0.9046;-6.5600
2025-05-30 13:00;0.3900;1.2946;6.9300;-0.9046;-6.5400
2025-05-30 14:00;0.4000;1.2946;6.9100;-0.8946;-6.5100
2025-05-30 15:00;0.4100;1.2946;6.8900;-0.8846;-6.4800
2025-05-30 16:00;0.4100;1.2946;6.8700;-0.8846;-6.4600
2025-05-30 17:00;0.4200;1.2946;6.8500;-0.8746;-6.4300
2025-05-30 18:00;0.4200;1.2946;6.8300;-0.8746;-6.4100
2025-05-30 19:00;0.4100;1.2946;6.8100;-0.8846;-6.4000
2025-05-30 20:00;0.4100;1.2946;6.7900;-0.8846;-6.3800
2025-05-30 21:00;0.4200;1.2946;6.7700;-0.8746;-6.3500
2025-05-30 22:00;0.9800;1.2946;6.7500;-0.3146;-5.7700
2025-05-30 23:00;3.2200;1.2946;6.7400;1.9254;-3.5200
2025-05-31 00:00;4.4100;1.2946;6.7200;3.1154;-2.3100
2025-05-31 01:00;5.2100;1.2946;6.7000;3.9154;-1.4900
2025-05-31 02:00;5.3000;1.2946;6.6800;4.0054;-1.3800
2025-05-31 03:00;5.4300;1.2946;6.6600;4.1354;-1.2300
2025-05-31 04:00;5.2100;1.2946;6.6400;3.9154;-1.4300
2025-05-31 05:00;5.2700;1.2946;6.6200;3.9754;-1.3500
2025-05-31 06:00;5.4300;1.2946;6.5900;4.1354;-1.1600
2025-05-31 07:00;5.9500;1.2946;6.5700;4.6554;-0.6200
2025-05-31 08:00;6.1700;1.2946;6.5500;4.8754;-0.3800
2025-05-31 09:00;6.2600;1.2946;6.5300;4.9654;-0.2700
2025-05-31 10:00;5.8300;1.2946;6.5100;4.5354;-0.6800
2025-05-31 11:00;3.5000;1.2946;6.5000;2.2054;-3.0000
2025-05-31 12:00;0.9700;1.2946;6.4800;-0.3246;-5.5100
2025-05-31 13:00;0.4300;1.2946;6.4600;-0.8646;-6.0300
2025-05-31 14:00;0.4100;1.2946;6.4400;-0.8846;-6.0300
2025-05-31 15:00;0.4700;1.2946;6.4200;-0.8246;-5.9500
2025-05-31 16:00;6.5700;1.2946;6.4100;5.2754;0.1600
2025-05-31 17:00;7.6800;1.2946;6.3900;6.3854;1.2900
2025-05-31 18:00;6.0100;1.2946;6.3700;4.7154;-0.3600
2025-05-31 19:00;5.4600;1.2946;6.3600;4.1654;-0.9000
2025-05-31 20:00;5.4600;1.2946;6.3400;4.1654;-0.8800
2025-05-31 21:00;4.5800;1.2946;6.3200;3.2854;-1.7400
2025-05-31 22:00;4.1100;1.2946;6.3100;2.8154;-2.2000
2025-05-31 23:00;4.1100;1.2946;6.2900;2.8154;-2.1800
2025-06-01 00:00;4.5300;1.2946;6.2800;3.2354;-1.7500
2025-06-01 01:00;4.1500;1.2946;6.2600;2.8554;-2.1100
2025-06-01 02:00;3.9600;1.2946;6.2400;2.6654;-2.2800
2025-06-01 03:00;4.0400;1.2946;6.2200;2.7454;-2.1800
2025-06-01 04:00;4.0900;1.2946;6.2100;2.7954;-2.1200
2025-06-01 05:00;3.9200;1.2946;6.1900;2.6254;-2.2700
2025-06-01 06:00;3.9600;1.2946;6.1700;2.6654;-2.2100
2025-06-01 07:00;3.9400;1.2946;6.1500;2.6454;-2.2100
2025-06-01 08:00;4.1300;1.2946;6.1300;2.8354;-2.0000
2025-06-01 09:00;4.3800;1.2946;6.1200;3.0854;-1.7400
2025-06-01 10:00;4.4700;1.2946;6.1000;3.1754;-1.6300
2025-06-01 11:00;4.3000;1.2946;6.0800;3.0054;-1.7800
2025-06-01 12:00;4.3400;1.2946;6.0700;3.0454;-1.7300
2025-06-01 13:00;4.1500;1.2946;6.0500;2.8554;-1.9000
2025-06-01 14:00;3.8500;1.2946;6.0400;2.5554;-2.1900
2025-06-01 15:00;3.7000;1.2946;6.0200;2.4054;-2.3200
2025-06-01 16:00;3.5100;1.2946;6.0100;2.2154;-2.5000
2025-06-01 17:00;3.9800;1.2946;5.9900;2.6854;-2.0100
2025-06-01 18:00;3.9600;1.2946;5.9800;2.6654;-2.0200
2025-06-01 19:00;3.6400;1.2946;5.9600;2.3454;-2.3200
2025-06-01 20:00;3.7400;1.2946;5.9500;2.4454;-2.2100
2025-06-01 21:00;3.6400;1.2946;5.9400;2.3454;-2.3000
2025-06-01 22:00;3.6800;1.2946;5.9300;2.3854;-2.2500
2025-06-01 23:00;3.6400;1.2946;5.9100;2.3454;-2.2700
2025-06-02 00:00;3.8300;1.2946;5.9000;2.5354;-2.0700
2025-06-02 01:00;4.0400;1.2946;5.8900;2.7454;-1.8500
2025-06-02 02:00;3.8300;1.2946;5.8700;2.5354;-2.0400
2025-06-02 03:00;3.4700;1.2946;5.8600;2.1754;-2.3900
2025-06-02 04:00;3.4900;1.2946;5.8400;2.1954;-2.3500
2025-06-02 05:00;3.4500;1.2946;5.8300;2.1554;-2.3800
2025-06-02 06:00;3.7700;1.2946;5.8100;2.4754;-2.0400
2025-06-02 07:00;4.1900;1.2946;5.8000;2.8954;-1.6100
2025-06-02 08:00;4.4400;1.2946;5.7900;3.1454;-1.3500
2025-06-02 09:00;4.3800;1.2946;5.7700;3.0854;-1.3900
2025-06-02 10:00;4.5900;1.2946;5.7600;3.2954;-1.1700
2025-06-02 11:00;4.3800;1.2946;5.7400;3.0854;-1.3600
2025-06-02 12:00;4.3800;1.2946;5.7300;3.0854;-1.3500
2025-06-02 13:00;4.0600;1.2946;5.7200;2.7654;-1.6600
2025-06-02 14:00;3.6000;1.2946;5.7100;2.3054;-2.1100
2025-06-02 15:00;3.3600;1.2946;5.6900;2.0654;-2.3300
2025-06-02 16:00;3.4000;1.2946;5.6800;2.1054;-2.2800
2025-06-02 17:00;4.1100;1.2946;5.6700;2.8154;-1.5600
2025-06-02 18:00;4.0400;1.2946;5.6600;2.7454;-1.6200
2025-06-02 19:00;4.2900;1.2946;5.6400;2.9954;-1.3500
2025-06-02 20:00;4.1000;1.2946;5.6300;2.8054;-1.5300
2025-06-02 21:00;3.9600;1.2946;5.6200;2.6654;-1.6600
2025-06-02 22:00;4.0000;1.2946;5.6100;2.7054;-1.6100
2025-06-02 23:00;3.6600;1.2946;5.6000;2.3654;-1.9400
2025-06-03 00:00;3.2300;1.2946;5.5900;1.9354;-2.3600
2025-06-03 01:00;3.2100;1.2946;5.5700;1.9154;-2.3600
2025-06-03 02:00;3.7200;1.2946;5.5600;2.4254;-1.8400
2025-06-03 03:00;3.7400;1.2946;5.5500;2.4454;-1.8100
2025-06-03 04:00;3.5100;1.2946;5.5400;2.2154;-2.0300
2025-06-03 05:00;3.3600;1.2946;5.5300;2.0654;-2.1700
2025-06-03 06:00;3.5100;1.2946;5.5100;2.2154;-2.0000
2025-06-03 07:00;3.7400;1.2946;5.5000;2.4454;-1.7600
2025-06-03 08:00;4.0000;1.2946;5.4900;2.7054;-1.4900
2025-06-03 09:00;3.6200;1.2946;5.4800;2.3254;-1.8600
2025-06-03 10:00;4.0200;1.2946;5.4600;2.7254;-1.4400
2025-06-03 11:00;4.1700;1.2946;5.4500;2.8754;-1.2800
2025-06-03 12:00;4.1100;1.2946;5.4400;2.8154;-1.3300
2025-06-03 13:00;3.7000;1.2946;5.4300;2.4054;-1.7300
2025-06-03 14:00;3.9200;1.2946;5.4200;2.6254;-1.5000
2025-06-03 15:00;3.5700;1.2946;5.4100;2.2754;-1.8400
2025-06-03 16:00;3.6400;1.2946;5.3900;2.3454;-1.7500
2025-06-03 17:00;3.4900;1.2946;5.3800;2.1954;-1.8900
2025-06-03 18:00;3.7400;1.2946;5.3700;2.4454;-1.6300
2025-06-03 19:00;3.6400;1.2946;5.3600;2.3454;-1.7200
2025-06-03 20:00;3.6600;1.2946;5.3500;2.3654;-1.6900
2025-06-03 21:00;3.8700;1.2946;5.3400;2.5754;-1.4700
2025-06-03 22:00;3.8100;1.2946;5.3300;2.5154;-1.5200
2025-06-03 23:00;3.8900;1.2946;5.3200;2.5954;-1.4300
2025-06-04 00:00;4.0000;1.2946;5.3100;2.7054;-1.3100
2025-06-04 01:00;3.9600;1.2946;5.3000;2.6654;-1.3400
2025-06-04 02:00;3.9200;1.2946;5.2900;2.6254;-1.3700
2025-06-04 03:00;3.7200;1.2946;5.2800;2.4254;-1.5600
2025-06-04 04:00;3.4500;1.2946;5.2700;2.1554;-1.8200
2025-06-04 05:00;3.4700;1.2946;5.2500;2.1754;-1.7800
2025-06-04 06:00;3.5100;1.2946;5.2400;2.2154;-1.7300
2025-06-04 07:00;4.3200;1.2946;5.2300;3.0254;-0.9100
2025-06-04 08:00;4.3800;1.2946;5.2200;3.0854;-0.8400
2025-06-04 09:00;4.6300;1.2946;5.2100;3.3354;-0.5800
2025-06-04 10:00;4.2800;1.2946;5.2000;2.9854;-0.9200
2025-06-04 11:00;4.0200;1.2946;5.1900;2.7254;-1.1700
2025-06-04 12:00;3.9200;1.2946;5.1800;2.6254;-1.2600
2025-06-04 13:00;4.2100;1.2946;5.1700;2.9154;-0.9600
2025-06-04 14:00;3.7400;1.2946;5.1600;2.4454;-1.4200
2025-06-04 15:00;3.2800;1.2946;5.1500;1.9854;-1.8700
2025-06-04 16:00;3.0200;1.2946;5.1400;1.7254;-2.1200
2025-06-04 17:00;3.1700;1.2946;5.1300;1.8754;-1.9600
2025-06-04 18:00;2.8300;1.2946;5.1200;1.5354;-2.2900
2025-06-04 19:00;2.7000;1.2946;5.1100;1.4054;-2.4100
2025-06-04 20:00;2.8700;1.2946;5.1000;1.5754;-2.2300
2025-06-04 21:00;2.9100;1.2946;5.0900;1.6154;-2.1800
2025-06-04 22:00;2.9600;1.2946;5.0800;1.6654;-2.1200
2025-06-04 23:00;2.8300;1.2946;5.0700;1.5354;-2.2400
2025-06-05 00:00;2.8700;1.2946;5.0600;1.5754;-2.1900
2025-06-05 01:00;2.8900;1.2946;5.0500;1.5954;-2.1600
2025-06-05 02:00;2.9800;1.2946;5.0400;1.6854;-2.0600
2025-06-05 03:00;2.6600;1.2946;5.0300;1.3654;-2.3700
2025-06-05 04:00;2.4400;1.2946;5.0200;1.1454;-2.5800
2025-06-05 05:00;2.7400;1.2946;5.0100;1.4454;-2.2700
2025-06-05 06:00;2.4200;1.2946;5.0000;1.1254;-2.5800
2025-06-05 07:00;2.5200;1.2946;4.9900;1.2254;-2.4700
2025-06-05 08:00;2.4500;1.2946;4.9800;1.1554;-2.5300
2025-06-05 09:00;3.1300;1.2946;4.9800;1.8354;-1.8500
2025-06-05 10:00;3.4500;1.2946;4.9700;2.1554;-1.5200
2025-06-05 11:00;3.4900;1.2946;4.9600;2.1954;-1.4700
2025-06-05 12:00;3.3200;1.2946;4.9500;2.0254;-1.6300
2025-06-05 13:00;3.6000;1.2946;4.9400;2.3054;-1.3400
2025-06-05 14:00;3.7900;1.2946;4.9300;2.4954;-1.1400
2025-06-05 15:00;3.5500;1.2946;4.9300;2.2554;-1.3800
2025-06-05 16:00;3.2100;1.2946;4.9200;1.9154;-1.7100
2025-06-05 17:00;3.1000;1.2946;4.9100;1.8054;-1.8100
2025-06-05 18:00;2.7600;1.2946;4.9000;1.4654;-2.1400
2025-06-05 19:00;2.9600;1.2946;4.8900;1.6654;-1.9300
2025-06-05 20:00;2.9800;1.2946;4.8900;1.6854;-1.9100
2025-06-05 21:00;2.8100;1.2946;4.8800;1.5154;-2.0700
2025-06-05 22:00;2.5700;1.2946;4.8800;1.2754;-2.3100
2025-06-05 23:00;2.4900;1.2946;4.8700;1.1954;-2.3800
2025-06-06 00:00;2.6400;1.2946;4.8700;1.3454;-2.2300
2025-06-06 01:00;2.5500;1.2946;4.8700;1.2554;-2.3200
2025-06-06 02:00;2.4600;1.2946;4.8600;1.1654;-2.4000
2025-06-06 03:00;2.4200;1.2946;4.8600;1.1254;-2.4400
2025-06-06 04:00;2.3800;1.2946;4.8600;1.0854;-2.4800
2025-06-06 05:00;2.3400;1.2946;4.8500;1.0454;-2.5100
2025-06-06 06:00;2.7000;1.2946;4.8500;1.4054;-2.1500
2025-06-06 07:00;2.7800;1.2946;4.8400;1.4854;-2.0600
2025-06-06 08:00;2.7800;1.2946;4.8400;1.4854;-2.0600
2025-06-06 09:00;2.7400;1.2946;4.8300;1.4454;-2.0900
2025-06-06 10:00;2.7200;1.2946;4.8200;1.4254;-2.1000
2025-06-06 11:00;2.8300;1.2946;4.8100;1.5354;-1.9800
2025-06-06 12:00;2.5700;1.2946;4.8100;1.2754;-2.2400
2025-06-06 13:00;2.4900;1.2946;4.8000;1.1954;-2.3100
2025-06-06 14:00;2.4200;1.2946;4.7900;1.1254;-2.3700
2025-06-06 15:00;2.2300;1.2946;4.7800;0.9354;-2.5500
2025-06-06 16:00;2.4200;1.2946;4.7700;1.1254;-2.3500
2025-06-06 17:00;2.8700;1.2946;4.7600;1.5754;-1.8900
2025-06-06 18:00;3.1300;1.2946;4.7600;1.8354;-1.6300
2025-06-06 19:00;3.5100;1.2946;4.7500;2.2154;-1.2400
2025-06-06 20:00;2.9300;1.2946;4.7400;1.6354;-1.8100
2025-06-06 21:00;2.5100;1.2946;4.7300;1.2154;-2.2200
2025-06-06 22:00;2.4600;1.2946;4.7200;1.1654;-2.2600
2025-06-06 23:00;2.4200;1.2946;4.7200;1.1254;-2.3000
2025-06-07 00:00;2.4200;1.2946;4.7100;1.1254;-2.2900
2025-06-07 01:00;2.2900;1.2946;4.7000;0.9954;-2.4100
2025-06-07 02:00;2.4200;1.2946;4.6900;1.1254;-2.2700
2025-06-07 03:00;2.4200;1.2946;4.6800;1.1254;-2.2600
2025-06-07 04:00;2.0200;1.2946;4.6700;0.7254;-2.6500
2025-06-07 05:00;2.0400;1.2946;4.6700;0.7454;-2.6300
2025-06-07 06:00;2.0300;1.2946;4.6600;0.7354;-2.6300
2025-06-07 07:00;2.4900;1.2946;4.6500;1.1954;-2.1600
2025-06-07 08:00;2.4400;1.2946;4.6400;1.1454;-2.2000
2025-06-07 09:00;2.4200;1.2946;4.6300;1.1254;-2.2100
2025-06-07 10:00;2.2400;1.2946;4.6200;0.9454;-2.3800
2025-06-07 11:00;2.2500;1.2946;4.6100;0.9554;-2.3600
2025-06-07 12:00;2.3400;1.2946;4.6100;1.0454;-2.2700
2025-06-07 13:00;2.3000;1.2946;4.6000;1.0054;-2.3000
2025-06-07 14:00;2.0400;1.2946;4.5900;0.7454;-2.5500
2025-06-07 15:00;2.1200;1.2946;4.5800;0.8254;-2.4600
2025-06-07 16:00;1.8100;1.2946;4.5800;0.5154;-2.7700
2025-06-07 17:00;1.7200;1.2946;4.5700;0.4254;-2.8500
2025-06-07 18:00;1.7500;1.2946;4.5600;0.4554;-2.8100
2025-06-07 19:00;1.8900;1.2946;4.5500;0.5954;-2.6600
2025-06-07 20:00;1.8800;1.2946;4.5500;0.5854;-2.6700
2025-06-07 21:00;1.8400;1.2946;4.5400;0.5454;-2.7000
2025-06-07 22:00;2.0000;1.2946;4.5300;0.7054;-2.5300
2025-06-07 23:00;1.9500;1.2946;4.5200;0.6554;-2.5700
2025-06-08 00:00;1.9700;1.2946;4.5200;0.6754;-2.5500
2025-06-08 01:00;2.0800;1.2946;4.5100;0.7854;-2.4300
2025-06-08 02:00;2.3600;1.2946;4.5000;1.0654;-2.1400
2025-06-08 03:00;1.8300;1.2946;4.4900;0.5354;-2.6600
2025-06-08 04:00;1.8900;1.2946;4.4900;0.5954;-2.6000
2025-06-08 05:00;2.0100;1.2946;4.4800;0.7154;-2.4700
2025-06-08 06:00;2.0100;1.2946;4.4700;0.7154;-2.4600
2025-06-08 07:00;2.0000;1.2946;4.4600;0.7054;-2.4600
2025-06-08 08:00;1.9000;1.2946;4.4500;0.6054;-2.5500
2025-06-08 09:00;1.7900;1.2946;4.4500;0.4954;-2.6600
2025-06-08 10:00;2.0600;1.2946;4.4400;0.7654;-2.3800
2025-06-08 11:00;1.8600;1.2946;4.4300;0.5654;-2.5700
2025-06-08 12:00;1.9100;1.2946;4.4200;0.6154;-2.5100
2025-06-08 13:00;1.9500;1.2946;4.4100;0.6554;-2.4600
2025-06-08 14:00;1.8900;1.2946;4.4100;0.5954;-2.5200
2025-06-08 15:00;1.6800;1.2946;4.4000;0.3854;-2.7200
2025-06-08 16:00;1.6300;1.2946;4.3900;0.3354;-2.7600
2025-06-08 17:00;1.5700;1.2946;4.3900;0.2754;-2.8200
2025-06-08 18:00;1.6200;1.2946;4.3800;0.3254;-2.7600
2025-06-08 19:00;1.5300;1.2946;4.3700;0.2354;-2.8400
2025-06-08 20:00;1.5900;1.2946;4.3600;0.2954;-2.7700
2025-06-08 21:00;1.5900;1.2946;4.3600;0.2954;-2.7700
2025-06-08 22:00;1.5500;1.2946;4.3500;0.2554;-2.8000
2025-06-08 23:00;1.4800;1.2946;4.3400;0.1854;-2.8600
2025-06-09 00:00;1.5300;1.2946;4.3400;0.2354;-2.8100
2025-06-09 01:00;1.5400;1.2946;4.3300;0.2454;-2.7900
2025-06-09 02:00;1.6400;1.2946;4.3200;0.3454;-2.6800
2025-06-09 03:00;1.6000;1.2946;4.3200;0.3054;-2.7200
2025-06-09 04:00;1.6800;1.2946;4.3100;0.3854;-2.6300
2025-06-09 05:00;1.6400;1.2946;4.3000;0.3454;-2.6600
2025-06-09 06:00;1.8400;1.2946;4.2900;0.5454;-2.4500
2025-06-09 07:00;1.8400;1.2946;4.2900;0.5454;-2.4500
2025-06-09 08:00;2.4400;1.2946;4.2800;1.1454;-1.8400
2025-06-09 09:00;2.4000;1.2946;4.2700;1.1054;-1.8700
2025-06-09 10:00;2.4400;1.2946;4.2700;1.1454;-1.8300
2025-06-09 11:00;2.4200;1.2946;4.2600;1.1254;-1.8400
2025-06-09 12:00;2.4200;1.2946;4.2500;1.1254;-1.8300
2025-06-09 13:00;2.3800;1.2946;4.2500;1.0854;-1.8700
2025-06-09 14:00;1.9300;1.2946;4.2400;0.6354;-2.3100
2025-06-09 15:00;1.8400;1.2946;4.2300;0.5454;-2.3900
2025-06-09 16:00;1.6400;1.2946;4.2300;0.3454;-2.5900
2025-06-09 17:00;1.6500;1.2946;4.2200;0.3554;-2.5700
2025-06-09 18:00;1.7800;1.2946;4.2100;0.4854;-2.4300
2025-06-09 19:00;1.9400;1.2946;4.2100;0.6454;-2.2700
2025-06-09 20:00;1.9500;1.2946;4.2000;0.6554;-2.2500
2025-06-09 21:00;2.0000;1.2946;4.2000;0.7054;-2.2000
2025-06-09 22:00;1.7500;1.2946;4.1900;0.4554;-2.4400
2025-06-09 23:00;1.6200;1.2946;4.1800;0.3254;-2.5600
2025-06-10 00:00;1.6200;1.2946;4.1800;0.3254;-2.5600
2025-06-10 01:00;1.6200;1.2946;4.1700;0.3254;-2.5500
2025-06-10 02:00;1.6200;1.2946;4.1700;0.3254;-2.5500
2025-06-10 03:00;1.6400;1.2946;4.1600;0.3454;-2.5200
2025-06-10 04:00;1.5900;1.2946;4.1500;0.2954;-2.5600
2025-06-10 05:00;1.4300;1.2946;4.1500;0.1354;-2.7200
2025-06-10 06:00;1.5300;1.2946;4.1400;0.2354;-2.6100
2025-06-10 07:00;1.7300;1.2946;4.1300;0.4354;-2.4000
2025-06-10 08:00;1.8600;1.2946;4.1300;0.5654;-2.2700
2025-06-10 09:00;2.0200;1.2946;4.1200;0.7254;-2.1000
2025-06-10 10:00;2.2900;1.2946;4.1100;0.9954;-1.8200
2025-06-10 11:00;2.2100;1.2946;4.1100;0.9154;-1.9000
2025-06-10 12:00;1.9300;1.2946;4.1000;0.6354;-2.1700
2025-06-10 13:00;1.7000;1.2946;4.0900;0.4054;-2.3900
2025-06-10 14:00;1.4800;1.2946;4.0900;0.1854;-2.6100
2025-06-10 15:00;1.2900;1.2946;4.0800;-0.0046;-2.7900
2025-06-10 16:00;1.0800;1.2946;4.0700;-0.2146;-2.9900
2025-06-10 17:00;1.0000;1.2946;4.0700;-0.2946;-3.0700
2025-06-10 18:00;1.0000;1.2946;4.0600;-0.2946;-3.0600
2025-06-10 19:00;0.9400;1.2946;4.0600;-0.3546;-3.1200
2025-06-10 20:00;0.7500;1.2946;4.0500;-0.5446;-3.3000
2025-06-10 21:00;0.7600;1.2946;4.0500;-0.5346;-3.2900
2025-06-10 22:00;0.8000;1.2946;4.0400;-0.4946;-3.2400
2025-06-10 23:00;0.9200;1.2946;4.0300;-0.3746;-3.1100
2025-06-11 00:00;0.9500;1.2946;4.0300;-0.3446;-3.0800
2025-06-11 01:00;1.0800;1.2946;4.0200;-0.2146;-2.9400
2025-06-11 02:00;1.2900;1.2946;4.0200;-0.0046;-2.7300
2025-06-11 03:00;1.3500;1.2946;4.0100;0.0554;-2.6600
2025-06-11 04:00;1.1500;1.2946;4.0000;-0.1446;-2.8500
2025-06-11 05:00;1.0200;1.2946;4.0000;-0.2746;-2.9800
2025-06-11 06:00;0.8400;1.2946;3.9900;-0.4546;-3.1500
2025-06-11 07:00;0.8300;1.2946;3.9900;-0.4646;-3.1600
2025-06-11 08:00;1.0400;1.2946;3.9800;-0.2546;-2.9400
2025-06-11 09:00;1.2100;1.2946;3.9700;-0.0846;-2.7600
2025-06-11 10:00;1.3500;1.2946;3.9700;0.0554;-2.6200
2025-06-11 11:00;1.3500;1.2946;3.9600;0.0554;-2.6100
2025-06-11 12:00;1.3200;1.2946;3.9500;0.0254;-2.6300
2025-06-11 13:00;1.5100;1.2946;3.9500;0.2154;-2.4400
2025-06-11 14:00;1.4700;1.2946;3.9400;0.1754;-2.4700
2025-06-11 15:00;1.2700;1.2946;3.9400;-0.0246;-2.6700
2025-06-11 16:00;1.0400;1.2946;3.9300;-0.2546;-2.8900
2025-06-11 17:00;0.8100;1.2946;3.9200;-0.4846;-3.1100
2025-06-11 18:00;0.9300;1.2946;3.9200;-0.3646;-2.9900
2025-06-11 19:00;1.0600;1.2946;3.9100;-0.2346;-2.8500
2025-06-11 20:00;1.3600;1.2946;3.9100;0.0654;-2.5500
2025-06-11 21:00;1.2600;1.2946;3.9000;-0.0346;-2.6400
2025-06-11 22:00;1.2200;1.2946;3.9000;-0.0746;-2.6800
2025-06-11 23:00;1.0000;1.2946;3.8900;-0.2946;-2.8900
2025-06-12 00:00;1.0800;1.2946;3.8900;-0.2146;-2.8100
2025-06-12 01:00;1.0600;1.2946;3.8800;-0.2346;-2.8200
2025-06-12 02:00;1.1400;1.2946;3.8700;-0.1546;-2.7300
2025-06-12 03:00;1.1000;1.2946;3.8700;-0.1946;-2.7700
2025-06-12 04:00;1.1500;1.2946;3.8600;-0.1446;-2.7100
2025-06-12 05:00;1.0300;1.2946;3.8600;-0.2646;-2.8300
2025-06-12 06:00;1.0300;1.2946;3.8500;-0.2646;-2.8200
2025-06-12 07:00;1.0000;1.2946;3.8400;-0.2946;-2.8400
2025-06-12 08:00;1.1500;1.2946;3.8400;-0.1446;-2.6900
2025-06-12 09:00;1.0500;1.2946;3.8300;-0.2446;-2.7800
2025-06-12 10:00;1.0300;1.2946;3.8300;-0.2646;-2.8000
2025-06-12 11:00;1.1900;1.2946;3.8200;-0.1046;-2.6300
2025-06-12 12:00;1.2500;1.2946;3.8100;-0.0446;-2.5600
2025-06-12 13:00;1.2900;1.2946;3.8100;-0.0046;-2.5200
2025-06-12 14:00;1.1300;1.2946;3.8000;-0.1646;-2.6700
2025-06-12 15:00;0.8300;1.2946;3.8000;-0.4646;-2.9700
2025-06-12 16:00;0.4400;1.2946;3.7900;-0.8546;-3.3500
2025-06-12 17:00;0.4500;1.2946;3.7900;-0.8446;-3.3400
2025-06-12 18:00;0.6400;1.2946;3.7800;-0.6546;-3.1400
2025-06-12 19:00;0.8700;1.2946;3.7700;-0.4246;-2.9000
2025-06-12 20:00;1.0900;1.2946;3.7700;-0.2046;-2.6800
2025-06-12 21:00;1.2500;1.2946;3.7600;-0.0446;-2.5100
2025-06-12 22:00;1.1400;1.2946;3.7600;-0.1546;-2.6200
2025-06-12 23:00;1.0200;1.2946;3.7500;-0.2746;-2.7300
2025-06-13 00:00;1.3600;1.2946;3.7500;0.0654;-2.3900
2025-06-13 01:00;1.5400;1.2946;3.7400;0.2454;-2.2000
2025-06-13 02:00;1.5900;1.2946;3.7400;0.2954;-2.1500
2025-06-13 03:00;1.6200;1.2946;3.7300;0.3254;-2.1100
2025-06-13 04:00;1.5400;1.2946;3.7300;0.2454;-2.1900
2025-06-13 05:00;1.6200;1.2946;3.7200;0.3254;-2.1000
2025-06-13 06:00;1.3600;1.2946;3.7200;0.0654;-2.3600
2025-06-13 07:00;1.0600;1.2946;3.7100;-0.2346;-2.6500
2025-06-13 08:00;1.1300;1.2946;3.7000;-0.1646;-2.5700
2025-06-13 09:00;1.0000;1.2946;3.7000;-0.2946;-2.7000
2025-06-13 10:00;0.8400;1.2946;3.6900;-0.4546;-2.8500
2025-06-13 11:00;0.7200;1.2946;3.6900;-0.5746;-2.9700
2025-06-13 12:00;0.8100;1.2946;3.6800;-0.4846;-2.8700
2025-06-13 13:00;1.0300;1.2946;3.6800;-0.2646;-2.6500
2025-06-13 14:00;0.9500;1.2946;3.6700;-0.3446;-2.7200
2025-06-13 15:00;0.8000;1.2946;3.6600;-0.4946;-2.8600
2025-06-13 16:00;0.8000;1.2946;3.6600;-0.4946;-2.8600
2025-06-13 17:00;0.6500;1.2946;3.6500;-0.6446;-3.0000
2025-06-13 18:00;0.5600;1.2946;3.6500;-0.7346;-3.0900
2025-06-13 19:00;0.5000;1.2946;3.6400;-0.7946;-3.1400
2025-06-13 20:00;0.7600;1.2946;3.6400;-0.5346;-2.8800
2025-06-13 21:00;0.6600;1.2946;3.6300;-0.6346;-2.9700
2025-06-13 22:00;0.4400;1.2946;3.6300;-0.8546;-3.1900
2025-06-13 23:00;0.4400;1.2946;3.6200;-0.8546;-3.1800
2025-06-14 00:00;0.4400;1.2946;3.6200;-0.8546;-3.1800
2025-06-14 01:00;0.5300;1.2946;3.6100;-0.7646;-3.0800
2025-06-14 02:00;0.8200;1.2946;3.6100;-0.4746;-2.7900
2025-06-14 03:00;1.0000;1.2946;3.6000;-0.2946;-2.6000
2025-06-14 04:00;1.1500;1.2946;3.6000;-0.1446;-2.4500
2025-06-14 05:00;0.8900;1.2946;3.5900;-0.4046;-2.7000
2025-06-14 06:00;0.7700;1.2946;3.5900;-0.5246;-2.8200
2025-06-14 07:00;1.0800;1.2946;3.5800;-0.2146;-2.5000
2025-06-14 08:00;1.2000;1.2946;3.5800;-0.0946;-2.3800
2025-06-14 09:00;1.0000;1.2946;3.5700;-0.2946;-2.5700
2025-06-14 10:00;0.8600;1.2946;3.5700;-0.4346;-2.7100
2025-06-14 11:00;0.9300;1.2946;3.5600;-0.3646;-2.6300
2025-06-14 12:00;1.2000;1.2946;3.5500;-0.0946;-2.3500
2025-06-14 13:00;1.1900;1.2946;3.5500;-0.1046;-2.3600
2025-06-14 14:00;1.3000;1.2946;3.5400;0.0054;-2.2400
2025-06-14 15:00;1.0900;1.2946;3.5400;-0.2046;-2.4500
2025-06-14 16:00;0.6100;1.2946;3.5300;-0.6846;-2.9200
2025-06-14 17:00;0.4400;1.2946;3.5300;-0.8546;-3.0900
2025-06-14 18:00;0.4400;1.2946;3.5200;-0.8546;-3.0800
2025-06-14 19:00;0.4400;1.2946;3.5200;-0.8546;-3.0800
2025-06-14 20:00;0.4300;1.2946;3.5100;-0.8646;-3.0800
2025-06-14 21:00;0.4300;1.2946;3.5100;-0.8646;-3.0800
2025-06-14 22:00;0.4300;1.2946;3.5100;-0.8646;-3.0800
2025-06-14 23:00;0.4400;1.2946;3.5000;-0.8546;-3.0600
2025-06-15 00:00;0.4400;1.2946;3.5000;-0.8546;-3.0600
2025-06-15 01:00;0.4400;1.2946;3.4900;-0.8546;-3.0500
2025-06-15 02:00;0.4400;1.2946;3.4900;-0.8546;-3.0500
2025-06-15 03:00;0.4400;1.2946;3.4800;-0.8546;-3.0400
2025-06-15 04:00;0.4400;1.2946;3.4800;-0.8546;-3.0400
2025-06-15 05:00;0.4400;1.2946;3.4700;-0.8546;-3.0300
2025-06-15 06:00;0.4400;1.2946;3.4700;-0.8546;-3.0300
2025-06-15 07:00;0.4400;1.2946;3.4600;-0.8546;-3.0200
2025-06-15 08:00;0.5300;1.2946;3.4600;-0.7646;-2.9300
2025-06-15 09:00;0.7500;1.2946;3.4500;-0.5446;-2.7000
2025-06-15 10:00;0.9700;1.2946;3.4500;-0.3246;-2.4800
2025-06-15 11:00;0.7700;1.2946;3.4400;-0.5246;-2.6700
2025-06-15 12:00;1.0900;1.2946;3.4400;-0.2046;-2.3500
2025-06-15 13:00;1.1400;1.2946;3.4300;-0.1546;-2.2900
2025-06-15 14:00;0.8800;1.2946;3.4300;-0.4146;-2.5500
2025-06-15 15:00;0.5100;1.2946;3.4200;-0.7846;-2.9100
2025-06-15 16:00;0.4400;1.2946;3.4200;-0.8546;-2.9800
2025-06-15 17:00;0.4400;1.2946;3.4100;-0.8546;-2.9700
2025-06-15 18:00;0.4300;1.2946;3.4100;-0.8646;-2.9800
2025-06-15 19:00;0.4300;1.2946;3.4100;-0.8646;-2.9800
2025-06-15 20:00;0.4300;1.2946;3.4000;-0.8646;-2.9700
2025-06-15 21:00;0.4300;1.2946;3.4000;-0.8646;-2.9700
2025-06-15 22:00;0.4300;1.2946;3.4000;-0.8646;-2.9700
2025-06-15 23:00;0.4300;1.2946;3.3900;-0.8646;-2.9600
2025-06-16 00:00;0.4300;1.2946;3.3900;-0.8646;-2.9600
2025-06-16 01:00;0.4300;1.2946;3.3900;-0.8646;-2.9600
2025-06-16 02:00;0.4300;1.2946;3.3800;-0.8646;-2.9500
2025-06-16 03:00;0.4300;1.2946;3.3800;-0.8646;-2.9500
2025-06-16 04:00;0.4400;1.2946;3.3700;-0.8546;-2.9300
2025-06-16 05:00;0.4800;1.2946;3.3700;-0.8146;-2.8900
2025-06-16 06:00;0.8800;1.2946;3.3700;-0.4146;-2.4900
2025-06-16 07:00;1.3300;1.2946;3.3600;0.0354;-2.0300
2025-06-16 08:00;1.8600;1.2946;3.3600;0.5654;-1.5000
2025-06-16 09:00;2.0000;1.2946;3.3500;0.7054;-1.3500
2025-06-16 10:00;2.2100;1.2946;3.3500;0.9154;-1.1400
2025-06-16 11:00;2.0800;1.2946;3.3500;0.7854;-1.2700
2025-06-16 12:00;2.0000;1.2946;3.3400;0.7054;-1.3400
2025-06-16 13:00;1.7800;1.2946;3.3400;0.4854;-1.5600
2025-06-16 14:00;1.5500;1.2946;3.3400;0.2554;-1.7900
2025-06-16 15:00;5.1100;1.2946;3.7300;3.8154;1.3800
2025-06-16 16:00;14.9900;1.2946;4.5700;13.6954;10.4200
2025-06-16 17:00;35.9900;1.2946;4.8000;34.6954;31.1900
2025-06-16 18:00;30.4600;1.2946;4.6200;29.1654;25.8400
2025-06-16 19:00;20.0300;1.2946;4.3900;18.7354;15.6400
2025-06-16 20:00;15.6000;1.2946;4.3400;14.3054;11.2600
2025-06-16 21:00;13.0300;1.2946;4.4500;11.7354;8.5800
2025-06-16 22:00;11.4300;1.2946;4.6200;10.1354;6.8100
2025-06-16 23:00;9.9200;1.2946;4.7400;8.6254;5.1800
2025-06-17 00:00;9.3100;1.2946;4.7900;8.0154;4.5200
2025-06-17 01:00;8.8600;1.2946;4.7600;7.5654;4.1000
2025-06-17 02:00;8.1700;1.2946;4.6700;6.8754;3.5000
2025-06-17 03:00;7.7700;1.2946;4.5700;6.4754;3.2000
2025-06-17 04:00;7.0900;1.2946;4.4600;5.7954;2.6300
2025-06-17 05:00;6.7500;1.2946;4.3600;5.4554;2.3900
2025-06-17 06:00;6.2300;1.2946;4.2800;4.9354;1.9500
2025-06-17 07:00;5.8900;1.2946;4.2100;4.5954;1.6800
2025-06-17 08:00;5.8900;1.2946;4.1600;4.5954;1.7300
2025-06-17 09:00;5.4300;1.2946;4.1300;4.1354;1.3000
2025-06-17 10:00;4.9900;1.2946;4.1100;3.6954;0.8800
2025-06-17 11:00;4.3200;1.2946;4.1000;3.0254;0.2200
2025-06-17 12:00;4.1500;1.2946;4.0900;2.8554;0.0600
2025-06-17 13:00;3.8300;1.2946;4.0900;2.5354;-0.2600
2025-06-17 14:00;3.8700;1.2946;4.1000;2.5754;-0.2300
2025-06-17 15:00;3.3200;1.2946;4.1000;2.0254;-0.7800
2025-06-17 16:00;3.3800;1.2946;4.1000;2.0854;-0.7200
2025-06-17 17:00;2.9800;1.2946;4.1100;1.6854;-1.1300
2025-06-17 18:00;2.6800;1.2946;4.1100;1.3854;-1.4300
2025-06-17 19:00;2.7600;1.2946;4.1100;1.4654;-1.3500
2025-06-17 20:00;2.9800;1.2946;4.1100;1.6854;-1.1300
2025-06-17 21:00;2.8900;1.2946;4.1100;1.5954;-1.2200
2025-06-17 22:00;2.5500;1.2946;4.1100;1.2554;-1.5600
2025-06-17 23:00;2.5300;1.2946;4.1100;1.2354;-1.5800
2025-06-18 00:00;2.6100;1.2946;4.1100;1.3154;-1.5000
2025-06-18 01:00;2.5500;1.2946;4.1200;1.2554;-1.5700
2025-06-18 02:00;2.6400;1.2946;4.1200;1.3454;-1.4800
2025-06-18 03:00;3.1300;1.2946;4.1400;1.8354;-1.0100
2025-06-18 04:00;3.0800;1.2946;4.1500;1.7854;-1.0700
2025-06-18 05:00;2.9100;1.2946;4.1700;1.6154;-1.2600
2025-06-18 06:00;2.8300;1.2946;4.1800;1.5354;-1.3500
2025-06-18 07:00;2.8900;1.2946;4.2000;1.5954;-1.3100
2025-06-18 08:00;3.0600;1.2946;4.2200;1.7654;-1.1600
2025-06-18 09:00;2.5700;1.2946;4.2300;1.2754;-1.6600
2025-06-18 10:00;2.1500;1.2946;4.2400;0.8554;-2.0900
2025-06-18 11:00;2.0900;1.2946;4.2500;0.7954;-2.1600
2025-06-18 12:00;1.8900;1.2946;4.2500;0.5954;-2.3600
2025-06-18 13:00;1.6200;1.2946;4.2600;0.3254;-2.6400
2025-06-18 14:00;1.5400;1.2946;4.2500;0.2454;-2.7100
2025-06-18 15:00;1.6200;1.2946;4.2500;0.3254;-2.6300
2025-06-18 16:00;1.5700;1.2946;4.2500;0.2754;-2.6800
2025-06-18 17:00;1.5300;1.2946;4.2400;0.2354;-2.7100
2025-06-18 18:00;1.5900;1.2946;4.2400;0.2954;-2.6500
2025-06-18 19:00;1.9100;1.2946;4.2300;0.6154;-2.3200
2025-06-18 20:00;1.9100;1.2946;4.2300;0.6154;-2.3200
2025-06-18 21:00;1.8500;1.2946;4.2200;0.5554;-2.3700
2025-06-18 22:00;1.8200;1.2946;4.2100;0.5254;-2.3900
2025-06-18 23:00;1.7400;1.2946;4.2100;0.4454;-2.4700
2025-06-19 00:00;1.5400;1.2946;4.2000;0.2454;-2.6600
2025-06-19 01:00;1.3200;1.2946;4.1900;0.0254;-2.8700
2025-06-19 02:00;1.4000;1.2946;4.1800;0.1054;-2.7800
2025-06-19 03:00;1.1600;1.2946;4.1800;-0.1346;-3.0200
2025-06-19 04:00;0.9400;1.2946;4.1700;-0.3546;-3.2300
2025-06-19 05:00;0.6200;1.2946;4.1600;-0.6746;-3.5400
2025-06-19 06:00;0.6600;1.2946;4.1600;-0.6346;-3.5000
2025-06-19 07:00;0.5600;1.2946;4.1500;-0.7346;-3.5900
2025-06-19 08:00;0.4900;1.2946;4.1400;-0.8046;-3.6500
2025-06-19 09:00;0.5700;1.2946;4.1400;-0.7246;-3.5700
2025-06-19 10:00;0.6900;1.2946;4.1300;-0.6046;-3.4400
2025-06-19 11:00;0.6600;1.2946;4.1200;-0.6346;-3.4600
2025-06-19 12:00;0.9300;1.2946;4.1100;-0.3646;-3.1800
2025-06-19 13:00;1.5300;1.2946;4.1100;0.2354;-2.5800
2025-06-19 14:00;1.8000;1.2946;4.1000;0.5054;-2.3000
2025-06-19 15:00;1.7000;1.2946;4.0900;0.4054;-2.3900
2025-06-19 16:00;1.4200;1.2946;4.0900;0.1254;-2.6700
2025-06-19 17:00;1.2200;1.2946;4.0800;-0.0746;-2.8600
2025-06-19 18:00;0.9800;1.2946;4.0800;-0.3146;-3.1000
2025-06-19 19:00;1.0000;1.2946;4.0700;-0.2946;-3.0700
2025-06-19 20:00;0.8400;1.2946;4.0600;-0.4546;-3.2200
2025-06-19 21:00;0.7600;1.2946;4.0600;-0.5346;-3.3000
2025-06-19 22:00;0.6200;1.2946;4.0500;-0.6746;-3.4300
2025-06-19 23:00;0.4400;1.2946;4.0400;-0.8546;-3.6000
2025-06-20 00:00;0.4400;1.2946;4.0400;-0.8546;-3.6000
2025-06-20 01:00;0.4900;1.2946;4.0300;-0.8046;-3.5400
2025-06-20 02:00;0.6100;1.2946;4.0300;-0.6846;-3.4200
2025-06-20 03:00;0.9200;1.2946;4.0200;-0.3746;-3.1000
2025-06-20 04:00;1.1300;1.2946;4.0100;-0.1646;-2.8800
2025-06-20 05:00;1.2400;1.2946;4.0100;-0.0546;-2.7700
2025-06-20 06:00;1.0300;1.2946;4.0000;-0.2646;-2.9700
2025-06-20 07:00;1.0800;1.2946;3.9900;-0.2146;-2.9100
2025-06-20 08:00;1.1600;1.2946;3.9900;-0.1346;-2.8300
2025-06-20 09:00;1.2500;1.2946;3.9800;-0.0446;-2.7300
2025-06-20 10:00;0.8900;1.2946;3.9700;-0.4046;-3.0800
2025-06-20 11:00;0.6600;1.2946;3.9700;-0.6346;-3.3100
2025-06-20 12:00;0.9900;1.2946;3.9600;-0.3046;-2.9700
2025-06-20 13:00;1.1700;1.2946;3.9500;-0.1246;-2.7800
2025-06-20 14:00;0.9100;1.2946;3.9500;-0.3846;-3.0400
2025-06-20 15:00;0.5000;1.2946;3.9400;-0.7946;-3.4400
2025-06-20 16:00;0.4300;1.2946;3.9400;-0.8646;-3.5100
2025-06-20 17:00;0.4300;1.2946;3.9300;-0.8646;-3.5000
2025-06-20 18:00;0.4300;1.2946;3.9200;-0.8646;-3.4900
2025-06-20 19:00;0.4300;1.2946;3.9200;-0.8646;-3.4900
2025-06-20 20:00;0.4300;1.2946;3.9100;-0.8646;-3.4800
2025-06-20 21:00;0.4300;1.2946;3.9100;-0.8646;-3.4800
2025-06-20 22:00;0.4300;1.2946;3.9000;-0.8646;-3.4700
2025-06-20 23:00;0.4200;1.2946;3.8900;-0.8746;-3.4700
2025-06-21 00:00;0.4200;1.2946;3.8900;-0.8746;-3.4700
2025-06-21 01:00;0.4200;1.2946;3.8800;-0.8746;-3.4600
2025-06-21 02:00;0.4200;1.2946;3.8800;-0.8746;-3.4600
2025-06-21 03:00;0.4200;1.2946;3.8700;-0.8746;-3.4500
2025-06-21 04:00;0.4200;1.2946;3.8700;-0.8746;-3.4500
2025-06-21 05:00;0.4200;1.2946;3.8600;-0.8746;-3.4400
2025-06-21 06:00;0.4200;1.2946;3.8500;-0.8746;-3.4300
2025-06-21 07:00;0.4100;1.2946;3.8500;-0.8846;-3.4400
2025-06-21 08:00;0.4100;1.2946;3.8400;-0.8846;-3.4300
2025-06-21 09:00;0.4100;1.2946;3.8400;-0.8846;-3.4300
2025-06-21 10:00;0.4100;1.2946;3.8300;-0.8846;-3.4200
2025-06-21 11:00;0.4000;1.2946;3.8200;-0.8946;-3.4200
2025-06-21 12:00;0.4000;1.2946;3.8200;-0.8946;-3.4200
2025-06-21 13:00;0.4000;1.2946;3.8100;-0.8946;-3.4100
2025-06-21 14:00;0.3900;1.2946;3.8100;-0.9046;-3.4200
2025-06-21 15:00;0.3900;1.2946;3.8000;-0.9046;-3.4100
2025-06-21 16:00;0.3800;1.2946;3.8000;-0.9146;-3.4200
2025-06-21 17:00;0.3700;1.2946;3.7900;-0.9246;-3.4200
2025-06-21 18:00;0.3700;1.2946;3.7900;-0.9246;-3.4200
2025-06-21 19:00;0.3700;1.2946;3.7800;-0.9246;-3.4100
2025-06-21 20:00;0.3600;1.2946;3.7700;-0.9346;-3.4100
2025-06-21 21:00;0.3600;1.2946;3.7700;-0.9346;-3.4100
2025-06-21 22:00;0.3500;1.2946;3.7600;-0.9446;-3.4100
2025-06-21 23:00;0.3400;1.2946;3.7600;-0.9546;-3.4200
2025-06-22 00:00;0.3400;1.2946;3.7500;-0.9546;-3.4100
2025-06-22 01:00;0.3300;1.2946;3.7500;-0.9646;-3.4200
2025-06-22 02:00;0.3300;1.2946;3.7400;-0.9646;-3.4100
2025-06-22 03:00;0.3400;1.2946;3.7400;-0.9546;-3.4000
2025-06-22 04:00;0.3400;1.2946;3.7400;-0.9546;-3.4000
2025-06-22 05:00;0.3400;1.2946;3.7300;-0.9546;-3.3900
2025-06-22 06:00;0.3400;1.2946;3.7300;-0.9546;-3.3900
2025-06-22 07:00;0.3400;1.2946;3.7200;-0.9546;-3.3800
2025-06-22 08:00;0.3400;1.2946;3.7200;-0.9546;-3.3800
2025-06-22 09:00;0.3300;1.2946;3.7200;-0.9646;-3.3900
2025-06-22 10:00;0.3300;1.2946;3.7100;-0.9646;-3.3800
2025-06-22 11:00;0.3300;1.2946;3.7200;-0.9646;-3.3900
2025-06-22 12:00;0.3200;1.2946;3.7200;-0.9746;-3.4000
2025-06-22 13:00;0.3100;1.2946;3.7500;-0.9846;-3.4400
2025-06-22 14:00;0.3100;1.2946;3.7800;-0.9846;-3.4700
2025-06-22 15:00;0.3100;1.2946;3.8300;-0.9846;-3.5200
2025-06-22 16:00;0.3100;1.2946;3.8800;-0.9846;-3.5700
2025-06-22 17:00;0.3000;1.2946;3.9200;-0.9946;-3.6200
2025-06-22 18:00;0.3000;1.2946;3.9500;-0.9946;-3.6500
2025-06-22 19:00;0.3000;1.2946;3.9700;-0.9946;-3.6700
2025-06-22 20:00;0.3200;1.2946;3.9800;-0.9746;-3.6600
2025-06-22 21:00;0.3300;1.2946;3.9800;-0.9646;-3.6500
2025-06-22 22:00;0.3400;1.2946;3.9700;-0.9546;-3.6300
2025-06-22 23:00;0.3400;1.2946;3.9600;-0.9546;-3.6200
2025-06-23 00:00;0.3400;1.2946;3.9500;-0.9546;-3.6100
2025-06-23 01:00;0.3500;1.2946;3.9400;-0.9446;-3.5900
2025-06-23 02:00;0.3500;1.2946;3.9300;-0.9446;-3.5800
2025-06-23 03:00;0.3600;1.2946;3.9300;-0.9346;-3.5700
2025-06-23 04:00;0.3800;1.2946;3.9200;-0.9146;-3.5400
2025-06-23 05:00;0.3800;1.2946;3.9200;-0.9146;-3.5400
2025-06-23 06:00;0.3800;1.2946;3.9100;-0.9146;-3.5300
2025-06-23 07:00;0.3900;1.2946;3.9100;-0.9046;-3.5200
2025-06-23 08:00;0.3900;1.2946;3.9000;-0.9046;-3.5100
2025-06-23 09:00;0.3900;1.2946;3.9000;-0.9046;-3.5100
2025-06-23 10:00;0.3900;1.2946;3.8900;-0.9046;-3.5000
2025-06-23 11:00;0.3900;1.2946;3.8900;-0.9046;-3.5000
2025-06-23 12:00;0.3900;1.2946;3.8800;-0.9046;-3.4900
2025-06-23 13:00;0.3900;1.2946;3.8800;-0.9046;-3.4900
2025-06-23 14:00;0.3800;1.2946;3.8700;-0.9146;-3.4900
2025-06-23 15:00;0.3800;1.2946;3.8700;-0.9146;-3.4900
2025-06-23 16:00;0.3700;1.2946;3.8600;-0.9246;-3.4900
2025-06-23 17:00;0.3700;1.2946;3.8500;-0.9246;-3.4800
2025-06-23 18:00;0.3600;1.2946;3.8500;-0.9346;-3.4900
2025-06-23 19:00;0.3500;1.2946;3.8400;-0.9446;-3.4900
2025-06-23 20:00;0.3400;1.2946;3.8400;-0.9546;-3.5000
2025-06-23 21:00;0.3300;1.2946;3.8300;-0.9646;-3.5000
2025-06-23 22:00;0.3300;1.2946;3.8200;-0.9646;-3.4900
2025-06-23 23:00;0.3400;1.2946;3.8200;-0.9546;-3.4800
2025-06-24 00:00;0.3500;1.2946;3.8100;-0.9446;-3.4600
2025-06-24 01:00;0.3500;1.2946;3.8100;-0.9446;-3.4600
2025-06-24 02:00;0.3700;1.2946;3.8000;-0.9246;-3.4300
2025-06-24 03:00;0.3700;1.2946;3.8000;-0.9246;-3.4300
2025-06-24 04:00;0.3800;1.2946;3.7900;-0.9146;-3.4100
2025-06-24 05:00;0.3800;1.2946;3.7800;-0.9146;-3.4000
2025-06-24 06:00;0.3900;1.2946;3.7800;-0.9046;-3.3900
2025-06-24 07:00;0.3900;1.2946;3.7700;-0.9046;-3.3800
2025-06-24 08:00;0.3900;1.2946;3.7700;-0.9046;-3.3800
2025-06-24 09:00;0.3900;1.2946;3.7600;-0.9046;-3.3700
2025-06-24 10:00;0.3900;1.2946;3.7500;-0.9046;-3.3600
2025-06-24 11:00;0.3900;1.2946;3.7500;-0.9046;-3.3600
2025-06-24 12:00;0.3900;1.2946;3.7400;-0.9046;-3.3500
2025-06-24 13:00;0.3900;1.2946;3.7400;-0.9046;-3.3500
2025-06-24 14:00;0.3900;1.2946;3.7300;-0.9046;-3.3400
2025-06-24 15:00;0.3900;1.2946;3.7200;-0.9046;-3.3300
2025-06-24 16:00;0.3700;1.2946;3.7200;-0.9246;-3.3500
2025-06-24 17:00;0.3600;1.2946;3.7100;-0.9346;-3.3500
2025-06-24 18:00;0.3400;1.2946;3.7100;-0.9546;-3.3700
2025-06-24 19:00;0.3300;1.2946;3.7000;-0.9646;-3.3700
2025-06-24 20:00;0.3100;1.2946;3.7000;-0.9846;-3.3900
2025-06-24 21:00;0.2600;1.2946;3.6900;-1.0346;-3.4300
2025-06-24 22:00;0.2100;1.2946;3.6900;-1.0846;-3.4800
2025-06-24 23:00;0.2200;1.2946;3.6800;-1.0746;-3.4600
2025-06-25 00:00;0.2200;1.2946;3.6700;-1.0746;-3.4500
2025-06-25 01:00;0.2100;1.2946;3.6700;-1.0846;-3.4600
2025-06-25 02:00;0.2400;1.2946;3.6600;-1.0546;-3.4200
2025-06-25 03:00;0.2600;1.2946;3.6600;-1.0346;-3.4000
2025-06-25 04:00;0.2600;1.2946;3.6500;-1.0346;-3.3900
2025-06-25 05:00;0.2500;1.2946;3.6500;-1.0446;-3.4000
2025-06-25 06:00;0.2400;1.2946;3.6400;-1.0546;-3.4000
2025-06-25 07:00;0.2200;1.2946;3.6400;-1.0746;-3.4200
2025-06-25 08:00;0.1900;1.2946;3.6300;-1.1046;-3.4400
2025-06-25 09:00;0.1900;1.2946;3.6300;-1.1046;-3.4400
2025-06-25 10:00;0.2200;1.2946;3.6200;-1.0746;-3.4000
2025-06-25 11:00;0.2100;1.2946;3.6200;-1.0846;-3.4100
2025-06-25 12:00;0.1700;1.2946;3.6100;-1.1246;-3.4400
2025-06-25 13:00;0.1000;1.2946;3.6000;-1.1946;-3.5000
2025-06-25 14:00;0.0600;1.2946;3.6000;-1.2346;-3.5400
2025-06-25 15:00;0.1100;1.2946;3.5900;-1.1846;-3.4800
2025-06-25 16:00;0.1500;1.2946;3.5900;-1.1446;-3.4400
2025-06-25 17:00;0.1900;1.2946;3.5800;-1.1046;-3.3900
2025-06-25 18:00;0.1800;1.2946;3.5800;-1.1146;-3.4000
2025-06-25 19:00;0.1800;1.2946;3.5700;-1.1146;-3.3900
2025-06-25 20:00;0.2100;1.2946;3.5700;-1.0846;-3.3600
2025-06-25 21:00;0.2200;1.2946;3.5600;-1.0746;-3.3400
2025-06-25 22:00;0.2300;1.2946;3.5600;-1.0646;-3.3300
2025-06-25 23:00;0.2500;1.2946;3.5500;-1.0446;-3.3000
2025-06-26 00:00;0.2800;1.2946;3.5500;-1.0146;-3.2700
2025-06-26 01:00;0.2900;1.2946;3.5400;-1.0046;-3.2500
2025-06-26 02:00;0.2900;1.2946;3.5400;-1.0046;-3.2500
2025-06-26 03:00;0.2900;1.2946;3.5300;-1.0046;-3.2400
2025-06-26 04:00;0.3000;1.2946;3.5300;-0.9946;-3.2300
2025-06-26 05:00;0.3200;1.2946;3.5200;-0.9746;-3.2000
2025-06-26 06:00;0.3300;1.2946;3.5200;-0.9646;-3.1900
2025-06-26 07:00;0.3400;1.2946;3.5100;-0.9546;-3.1700
2025-06-26 08:00;0.3400;1.2946;3.5100;-0.9546;-3.1700
2025-06-26 09:00;0.3400;1.2946;3.5000;-0.9546;-3.1600
2025-06-26 10:00;0.3400;1.2946;3.4900;-0.9546;-3.1500
2025-06-26 11:00;0.3400;1.2946;3.4900;-0.9546;-3.1500
2025-06-26 12:00;0.3400;1.2946;3.4800;-0.9546;-3.1400
2025-06-26 13:00;0.3300;1.2946;3.4800;-0.9646;-3.1500
2025-06-26 14:00;0.3300;1.2946;3.4700;-0.9646;-3.1400
2025-06-26 15:00;0.3200;1.2946;3.4700;-0.9746;-3.1500
2025-06-26 16:00;0.3100;1.2946;3.4600;-0.9846;-3.1500
2025-06-26 17:00;0.3000;1.2946;3.4600;-0.9946;-3.1600
2025-06-26 18:00;0.2900;1.2946;3.4500;-1.0046;-3.1600
2025-06-26 19:00;0.2600;1.2946;3.4500;-1.0346;-3.1900
2025-06-26 20:00;0.1900;1.2946;3.4400;-1.1046;-3.2500
2025-06-26 21:00;0.1400;1.2946;3.4400;-1.1546;-3.3000
2025-06-26 22:00;0.1400;1.2946;3.4300;-1.1546;-3.2900
2025-06-26 23:00;0.1500;1.2946;3.4300;-1.1446;-3.2800
2025-06-27 00:00;0.1300;1.2946;3.4200;-1.1646;-3.2900
2025-06-27 01:00;0.1100;1.2946;3.4200;-1.1846;-3.3100
2025-06-27 02:00;0.1400;1.2946;3.4200;-1.1546;-3.2800
2025-06-27 03:00;0.1700;1.2946;3.4100;-1.1246;-3.2400
2025-06-27 04:00;0.2100;1.2946;3.4100;-1.0846;-3.2000
2025-06-27 05:00;0.2500;1.2946;3.4000;-1.0446;-3.1500
2025-06-27 06:00;0.2800;1.2946;3.4000;-1.0146;-3.1200
2025-06-27 07:00;0.3000;1.2946;3.3900;-0.9946;-3.0900
2025-06-27 08:00;0.3100;1.2946;3.3900;-0.9846;-3.0800
2025-06-27 09:00;0.3100;1.2946;3.3800;-0.9846;-3.0700
2025-06-27 10:00;0.3100;1.2946;3.3800;-0.9846;-3.0700
2025-06-27 11:00;0.3100;1.2946;3.3700;-0.9846;-3.0600
2025-06-27 12:00;0.3200;1.2946;3.3700;-0.9746;-3.0500
2025-06-27 13:00;0.3300;1.2946;3.3600;-0.9646;-3.0300
2025-06-27 14:00;0.3300;1.2946;3.3600;-0.9646;-3.0300
2025-06-27 15:00;0.3300;1.2946;3.3500;-0.9646;-3.0200
2025-06-27 16:00;0.3300;1.2946;3.3500;-0.9646;-3.0200
2025-06-27 17:00;0.3300;1.2946;3.3400;-0.9646;-3.0100
2025-06-27 18:00;0.3400;1.2946;3.3400;-0.9546;-3.0000
2025-06-27 19:00;0.3400;1.2946;3.3400;-0.9546;-3.0000
2025-06-27 20:00;0.3500;1.2946;3.3300;-0.9446;-2.9800
2025-06-27 21:00;0.3500;1.2946;3.3300;-0.9446;-2.9800
2025-06-27 22:00;0.3600;1.2946;3.3200;-0.9346;-2.9600
2025-06-27 23:00;0.3700;1.2946;3.3200;-0.9246;-2.9500
2025-06-28 00:00;0.3700;1.2946;3.3100;-0.9246;-2.9400
2025-06-28 01:00;0.3700;1.2946;3.3100;-0.9246;-2.9400
2025-06-28 02:00;0.3700;1.2946;3.3000;-0.9246;-2.9300
2025-06-28 03:00;0.3800;1.2946;3.3000;-0.9146;-2.9200
2025-06-28 04:00;0.3800;1.2946;3.3000;-0.9146;-2.9200
2025-06-28 05:00;0.3700;1.2946;3.2900;-0.9246;-2.9200
2025-06-28 06:00;0.3800;1.2946;3.2900;-0.9146;-2.9100
2025-06-28 07:00;0.3800;1.2946;3.2800;-0.9146;-2.9000
2025-06-28 08:00;0.3900;1.2946;3.2800;-0.9046;-2.8900
2025-06-28 09:00;0.3900;1.2946;3.2700;-0.9046;-2.8800
2025-06-28 10:00;0.3900;1.2946;3.2700;-0.9046;-2.8800
2025-06-28 11:00;0.3900;1.2946;3.2600;-0.9046;-2.8700
2025-06-28 12:00;0.4000;1.2946;3.2600;-0.8946;-2.8600
2025-06-28 13:00;0.4000;1.2946;3.2600;-0.8946;-2.8600
2025-06-28 14:00;0.4000;1.2946;3.2500;-0.8946;-2.8500
2025-06-28 15:00;0.4000;1.2946;3.2500;-0.8946;-2.8500
2025-06-28 16:00;0.4000;1.2946;3.2400;-0.8946;-2.8400
2025-06-28 17:00;0.4100;1.2946;3.2400;-0.8846;-2.8300
2025-06-28 18:00;0.4100;1.2946;3.2300;-0.8846;-2.8200
2025-06-28 19:00;0.4100;1.2946;3.2300;-0.8846;-2.8200
2025-06-28 20:00;0.4200;1.2946;3.2300;-0.8746;-2.8100
2025-06-28 21:00;0.4200;1.2946;3.2200;-0.8746;-2.8000
2025-06-28 22:00;0.4300;1.2946;3.2200;-0.8646;-2.7900
2025-06-28 23:00;0.4300;1.2946;3.2100;-0.8646;-2.7800
2025-06-29 00:00;0.4400;1.2946;3.2100;-0.8546;-2.7700
2025-06-29 01:00;0.6700;1.2946;3.2000;-0.6246;-2.5300
2025-06-29 02:00;0.9700;1.2946;3.2000;-0.3246;-2.2300
2025-06-29 03:00;1.3600;1.2946;3.2000;0.0654;-1.8400
2025-06-29 04:00;1.4600;1.2946;3.1900;0.1654;-1.7300
2025-06-29 05:00;1.5700;1.2946;3.1900;0.2754;-1.6200
2025-06-29 06:00;1.4800;1.2946;3.1800;0.1854;-1.7000
2025-06-29 07:00;1.3500;1.2946;3.1800;0.0554;-1.8300
2025-06-29 08:00;1.6300;1.2946;3.1700;0.3354;-1.5400
2025-06-29 09:00;1.5200;1.2946;3.1700;0.2254;-1.6500
2025-06-29 10:00;1.3200;1.2946;3.1700;0.0254;-1.8500
2025-06-29 11:00;1.2000;1.2946;3.1600;-0.0946;-1.9600
2025-06-29 12:00;1.3800;1.2946;3.1600;0.0854;-1.7800
2025-06-29 13:00;1.3600;1.2946;3.1500;0.0654;-1.7900
2025-06-29 14:00;1.1500;1.2946;3.1500;-0.1446;-2.0000
2025-06-29 15:00;1.0300;1.2946;3.1400;-0.2646;-2.1100
2025-06-29 16:00;0.9700;1.2946;3.1400;-0.3246;-2.1700
2025-06-29 17:00;0.6700;1.2946;3.1400;-0.6246;-2.4700
2025-06-29 18:00;0.4400;1.2946;3.1300;-0.8546;-2.6900
2025-06-29 19:00;0.4400;1.2946;3.1300;-0.8546;-2.6900
2025-06-29 20:00;0.4400;1.2946;3.1200;-0.8546;-2.6800
2025-06-29 21:00;0.4600;1.2946;3.1200;-0.8346;-2.6600
2025-06-29 22:00;0.4400;1.2946;3.1200;-0.8546;-2.6800
2025-06-29 23:00;0.5000;1.2946;3.1100;-0.7946;-2.6100
2025-06-30 00:00;0.8900;1.2946;3.1100;-0.4046;-2.2200
2025-06-30 01:00;1.2400;1.2946;3.1000;-0.0546;-1.8600
2025-06-30 02:00;1.3800;1.2946;3.1000;0.0854;-1.7200
2025-06-30 03:00;1.5800;1.2946;3.1000;0.2854;-1.5200
2025-06-30 04:00;1.4200;1.2946;3.0900;0.1254;-1.6700
2025-06-30 05:00;1.2100;1.2946;3.0900;-0.0846;-1.8800
2025-06-30 06:00;0.7100;1.2946;3.0800;-0.5846;-2.3700
2025-06-30 07:00;0.4400;1.2946;3.0800;-0.8546;-2.6400
2025-06-30 08:00;0.4600;1.2946;3.0800;-0.8346;-2.6200
2025-06-30 09:00;0.4400;1.2946;3.0700;-0.8546;-2.6300
2025-06-30 10:00;0.4300;1.2946;3.0700;-0.8646;-2.6400
2025-06-30 11:00;0.4300;1.2946;3.0600;-0.8646;-2.6300
2025-06-30 12:00;0.4200;1.2946;3.0600;-0.8746;-2.6400
2025-06-30 13:00;0.4200;1.2946;3.0600;-0.8746;-2.6400
2025-06-30 14:00;0.4100;1.2946;3.0500;-0.8846;-2.6400
2025-06-30 15:00;0.4000;1.2946;3.0500;-0.8946;-2.6500
2025-06-30 16:00;0.3900;1.2946;3.0400;-0.9046;-2.6500
2025-06-30 17:00;0.3900;1.2946;3.0400;-0.9046;-2.6500
2025-06-30 18:00;0.3700;1.2946;3.0400;-0.9246;-2.6700
2025-06-30 19:00;0.3600;1.2946;3.0300;-0.9346;-2.6700
2025-06-30 20:00;0.3500;1.2946;3.0300;-0.9446;-2.6800
2025-06-30 21:00;0.3400;1.2946;3.0200;-0.9546;-2.6800
2025-06-30 22:00;0.3200;1.2946;3.0200;-0.9746;-2.7000
2025-06-30 23:00;0.3000;1.2946;3.0200;-0.9946;-2.7200
2025-07-01 00:00;0.2700;1.2946;3.0100;-1.0246;-2.7400
2025-07-01 01:00;0.2200;1.2946;3.0100;-1.0746;-2.7900
2025-07-01 02:00;0.2000;1.2946;3.0100;-1.0946;-2.8100
2025-07-01 03:00;0.2100;1.2946;3.0000;-1.0846;-2.7900
2025-07-01 04:00;0.2300;1.2946;3.0000;-1.0646;-2.7700
2025-07-01 05:00;0.2400;1.2946;2.9900;-1.0546;-2.7500
2025-07-01 06:00;0.2300;1.2946;2.9900;-1.0646;-2.7600
2025-07-01 07:00;0.1800;1.2946;2.9900;-1.1146;-2.8100
2025-07-01 08:00;0.1400;1.2946;2.9800;-1.1546;-2.8400
2025-07-01 09:00;0.0800;1.2946;2.9800;-1.2146;-2.9000
2025-07-01 10:00;0.0400;1.2946;2.9700;-1.2546;-2.9300
2025-07-01 11:00;0.0400;1.2946;2.9700;-1.2546;-2.9300
2025-07-01 12:00;0.0400;1.2946;2.9700;-1.2546;-2.9300
2025-07-01 13:00;0.0400;1.2946;2.9600;-1.2546;-2.9200
2025-07-01 14:00;0.0400;1.2946;2.9600;-1.2546;-2.9200
2025-07-01 15:00;0.0600;1.2946;2.9500;-1.2346;-2.8900
2025-07-01 16:00;0.0600;1.2946;2.9500;-1.2346;-2.8900
2025-07-01 17:00;0.0500;1.2946;2.9500;-1.2446;-2.9000
2025-07-01 18:00;0.0400;1.2946;2.9400;-1.2546;-2.9000
2025-07-01 19:00;0.0600;1.2946;2.9400;-1.2346;-2.8800
2025-07-01 20:00;0.0600;1.2946;2.9400;-1.2346;-2.8800
2025-07-01 21:00;0.0600;1.2946;2.9300;-1.2346;-2.8700
2025-07-01 22:00;0.0500;1.2946;2.9300;-1.2446;-2.8800
2025-07-01 23:00;0.0600;1.2946;2.9200;-1.2346;-2.8600
2025-07-02 00:00;0.0600;1.2946;2.9200;-1.2346;-2.8600
2025-07-02 01:00;0.0700;1.2946;2.9200;-1.2246;-2.8500
2025-07-02 02:00;0.0900;1.2946;2.9100;-1.2046;-2.8200
2025-07-02 03:00;0.1300;1.2946;2.9100;-1.1646;-2.7800
2025-07-02 04:00;0.1700;1.2946;2.9100;-1.1246;-2.7400
2025-07-02 05:00;0.1900;1.2946;2.9000;-1.1046;-2.7100
2025-07-02 06:00;0.1600;1.2946;2.9000;-1.1346;-2.7400
2025-07-02 07:00;0.1300;1.2946;2.9000;-1.1646;-2.7700
2025-07-02 08:00;0.1700;1.2946;2.8900;-1.1246;-2.7200
2025-07-02 09:00;0.1800;1.2946;2.8900;-1.1146;-2.7100
2025-07-02 10:00;0.1600;1.2946;2.8800;-1.1346;-2.7200
2025-07-02 11:00;0.1400;1.2946;2.8800;-1.1546;-2.7400
2025-07-02 12:00;0.1300;1.2946;2.8800;-1.1646;-2.7500
2025-07-02 13:00;0.1100;1.2946;2.8700;-1.1846;-2.7600
2025-07-02 14:00;0.0800;1.2946;2.8700;-1.2146;-2.7900
2025-07-02 15:00;0.0800;1.2946;2.8700;-1.2146;-2.7900
2025-07-02 16:00;0.0700;1.2946;2.8600;-1.2246;-2.7900
2025-07-02 17:00;0.0600;1.2946;2.8600;-1.2346;-2.8000
2025-07-02 18:00;0.0500;1.2946;2.8600;-1.2446;-2.8100
2025-07-02 19:00;0.0600;1.2946;2.8500;-1.2346;-2.7900
2025-07-02 20:00;0.0700;1.2946;2.8500;-1.2246;-2.7800
2025-07-02 21:00;0.0800;1.2946;2.8500;-1.2146;-2.7700
2025-07-02 22:00;0.0900;1.2946;2.8400;-1.2046;-2.7500
2025-07-02 23:00;0.1000;1.2946;2.8400;-1.1946;-2.7400
2025-07-03 00:00;0.1100;1.2946;2.8400;-1.1846;-2.7300
2025-07-03 01:00;0.1200;1.2946;2.8300;-1.1746;-2.7100
2025-07-03 02:00;0.1400;1.2946;2.8300;-1.1546;-2.6900
2025-07-03 03:00;0.1800;1.2946;2.8300;-1.1146;-2.6500
2025-07-03 04:00;0.2200;1.2946;2.8200;-1.0746;-2.6000
2025-07-03 05:00;0.2300;1.2946;2.8200;-1.0646;-2.5900
2025-07-03 06:00;0.2500;1.2946;2.8200;-1.0446;-2.5700
2025-07-03 07:00;0.2600;1.2946;2.8200;-1.0346;-2.5600
2025-07-03 08:00;0.2900;1.2946;2.8200;-1.0046;-2.5300
2025-07-03 09:00;0.2900;1.2946;2.8200;-1.0046;-2.5300
2025-07-03 10:00;0.2900;1.2946;2.8200;-1.0046;-2.5300
2025-07-03 11:00;0.2600;1.2946;2.8200;-1.0346;-2.5600
2025-07-03 12:00;0.2400;1.2946;2.8300;-1.0546;-2.5900
2025-07-03 13:00;0.2400;1.2946;2.8400;-1.0546;-2.6000
2025-07-03 14:00;0.2100;1.2946;2.8500;-1.0846;-2.6400
2025-07-03 15:00;0.1500;1.2946;2.8600;-1.1446;-2.7100
2025-07-03 16:00;0.1000;1.2946;2.8600;-1.1946;-2.7600
2025-07-03 17:00;0.0700;1.2946;2.8700;-1.2246;-2.8000
2025-07-03 18:00;0.0600;1.2946;2.8800;-1.2346;-2.8200
2025-07-03 19:00;0.0600;1.2946;2.8900;-1.2346;-2.8300
2025-07-03 20:00;0.0800;1.2946;2.9000;-1.2146;-2.8200
2025-07-03 21:00;0.0800;1.2946;2.9000;-1.2146;-2.8200
2025-07-03 22:00;0.0800;1.2946;2.9100;-1.2146;-2.8300
2025-07-03 23:00;0.0800;1.2946;2.9100;-1.2146;-2.8300
2025-07-04 00:00;0.0900;1.2946;2.9200;-1.2046;-2.8300
2025-07-04 01:00;0.0900;1.2946;2.9200;-1.2046;-2.8300
2025-07-04 02:00;0.0800;1.2946;2.9200;-1.2146;-2.8400
2025-07-04 03:00;0.0800;1.2946;2.9200;-1.2146;-2.8400
2025-07-04 04:00;0.0900;1.2946;2.9100;-1.2046;-2.8200
2025-07-04 05:00;0.0900;1.2946;2.9100;-1.2046;-2.8200
2025-07-04 06:00;0.0800;1.2946;2.9100;-1.2146;-2.8300
2025-07-04 07:00;0.0700;1.2946;2.9100;-1.2246;-2.8400
2025-07-04 08:00;0.0800;1.2946;2.9000;-1.2146;-2.8200
2025-07-04 09:00;0.0800;1.2946;2.9000;-1.2146;-2.8200
2025-07-04 10:00;0.0700;1.2946;2.9000;-1.2246;-2.8300
2025-07-04 11:00;0.0600;1.2946;2.8900;-1.2346;-2.8300
2025-07-04 12:00;0.0800;1.2946;2.8900;-1.2146;-2.8100
2025-07-04 13:00;0.1300;1.2946;2.8800;-1.1646;-2.7500
2025-07-04 14:00;0.1200;1.2946;2.8800;-1.1746;-2.7600
2025-07-04 15:00;0.1200;1.2946;2.8800;-1.1746;-2.7600
2025-07-04 16:00;0.1200;1.2946;2.8700;-1.1746;-2.7500
2025-07-04 17:00;0.1300;1.2946;2.8700;-1.1646;-2.7400
2025-07-04 18:00;0.1100;1.2946;2.8700;-1.1846;-2.7600
2025-07-04 19:00;0.1000;1.2946;2.8600;-1.1946;-2.7600
2025-07-04 20:00;0.0900;1.2946;2.8600;-1.2046;-2.7700
2025-07-04 21:00;0.1100;1.2946;2.8500;-1.1846;-2.7400
2025-07-04 22:00;0.1300;1.2946;2.8500;-1.1646;-2.7200
2025-07-04 23:00;0.1500;1.2946;2.8500;-1.1446;-2.7000
2025-07-05 00:00;0.1900;1.2946;2.8400;-1.1046;-2.6500
2025-07-05 01:00;0.2100;1.2946;2.8400;-1.0846;-2.6300
2025-07-05 02:00;0.2000;1.2946;2.8400;-1.0946;-2.6400
2025-07-05 03:00;0.2000;1.2946;2.8300;-1.0946;-2.6300
2025-07-05 04:00;0.2000;1.2946;2.8300;-1.0946;-2.6300
2025-07-05 05:00;0.2000;1.2946;2.8200;-1.0946;-2.6200
2025-07-05 06:00;0.2100;1.2946;2.8200;-1.0846;-2.6100
2025-07-05 07:00;0.2400;1.2946;2.8200;-1.0546;-2.5800
2025-07-05 08:00;0.2400;1.2946;2.8100;-1.0546;-2.5700
2025-07-05 09:00;0.2400;1.2946;2.8100;-1.0546;-2.5700
2025-07-05 10:00;0.2500;1.2946;2.8100;-1.0446;-2.5600
2025-07-05 11:00;0.2500;1.2946;2.8100;-1.0446;-2.5600
2025-07-05 12:00;0.2300;1.2946;2.8100;-1.0646;-2.5800
2025-07-05 13:00;0.2000;1.2946;2.8100;-1.0946;-2.6100
2025-07-05 14:00;0.2500;1.2946;2.8900;-1.0446;-2.6400
2025-07-05 15:00;0.3600;1.2946;3.1800;-0.9346;-2.8200
2025-07-05 16:00;0.4200;1.2946;3.3900;-0.8746;-2.9700
2025-07-05 17:00;2.8600;1.2946;3.4100;1.5654;-0.5500
2025-07-05 18:00;5.8000;1.2946;3.3500;4.5054;2.4500
2025-07-05 19:00;6.6600;1.2946;3.3000;5.3654;3.3600
2025-07-05 20:00;6.6900;1.2946;3.3000;5.3954;3.3900
2025-07-05 21:00;6.6900;1.2946;3.3300;5.3954;3.3600
2025-07-05 22:00;6.5700;1.2946;3.3600;5.2754;3.2100
2025-07-05 23:00;6.6900;1.2946;3.3900;5.3954;3.3000
2025-07-06 00:00;6.6900;1.2946;3.4100;5.3954;3.2800
2025-07-06 01:00;6.6300;1.2946;3.4200;5.3354;3.2100
2025-07-06 02:00;5.9800;1.2946;3.4300;4.6854;2.5500
2025-07-06 03:00;5.9500;1.2946;3.4300;4.6554;2.5200
2025-07-06 04:00;5.5200;1.2946;3.4200;4.2254;2.1000
2025-07-06 05:00;5.3000;1.2946;3.4200;4.0054;1.8800
2025-07-06 06:00;5.1500;1.2946;3.4200;3.8554;1.7300
2025-07-06 07:00;4.6200;1.2946;3.4100;3.3254;1.2100
2025-07-06 08:00;4.3400;1.2946;3.4100;3.0454;0.9300
2025-07-06 09:00;4.1500;1.2946;3.4000;2.8554;0.7500
2025-07-06 10:00;3.5300;1.2946;3.4000;2.2354;0.1300
2025-07-06 11:00;3.3200;1.2946;3.4000;2.0254;-0.0800
2025-07-06 12:00;3.0800;1.2946;3.3900;1.7854;-0.3100
2025-07-06 13:00;2.7200;1.2946;3.3900;1.4254;-0.6700
2025-07-06 14:00;2.5100;1.2946;3.3800;1.2154;-0.8700
2025-07-06 15:00;1.8500;1.2946;3.3800;0.5554;-1.5300
2025-07-06 16:00;1.7300;1.2946;3.3700;0.4354;-1.6400
2025-07-06 17:00;1.1000;1.2946;3.3700;-0.1946;-2.2700
2025-07-06 18:00;0.8700;1.2946;3.3600;-0.4246;-2.4900
2025-07-06 19:00;0.8300;1.2946;3.3600;-0.4646;-2.5300
2025-07-06 20:00;0.6700;1.2946;3.3600;-0.6246;-2.6900
2025-07-06 21:00;0.5500;1.2946;3.3500;-0.7446;-2.8000
2025-07-06 22:00;0.4400;1.2946;3.3500;-0.8546;-2.9100
2025-07-06 23:00;0.4400;1.2946;3.3400;-0.8546;-2.9000
2025-07-07 00:00;0.4300;1.2946;3.3400;-0.8646;-2.9100
2025-07-07 01:00;0.4300;1.2946;3.3300;-0.8646;-2.9000
2025-07-07 02:00;0.4300;1.2946;3.3300;-0.8646;-2.9000
2025-07-07 03:00;0.4300;1.2946;3.3200;-0.8646;-2.8900
2025-07-07 04:00;0.4300;1.2946;3.3200;-0.8646;-2.8900
2025-07-07 05:00;0.4200;1.2946;3.3200;-0.8746;-2.9000
2025-07-07 06:00;0.4200;1.2946;3.3200;-0.8746;-2.9000
2025-07-07 07:00;0.4200;1.2946;3.3200;-0.8746;-2.9000
2025-07-07 08:00;0.4200;1.2946;3.3100;-0.8746;-2.8900
2025-07-07 09:00;0.4200;1.2946;3.3100;-0.8746;-2.8900
2025-07-07 10:00;0.4100;1.2946;3.3100;-0.8846;-2.9000
2025-07-07 11:00;0.4100;1.2946;3.3100;-0.8846;-2.9000
2025-07-07 12:00;0.4100;1.2946;3.3100;-0.8846;-2.9000
2025-07-07 13:00;0.4000;1.2946;3.3100;-0.8946;-2.9100
2025-07-07 14:00;0.4000;1.2946;3.3100;-0.8946;-2.9100
2025-07-07 15:00;0.4000;1.2946;3.3200;-0.8946;-2.9200
2025-07-07 16:00;0.4000;1.2946;3.3400;-0.8946;-2.9400
2025-07-07 17:00;0.3900;1.2946;3.3700;-0.9046;-2.9800
2025-07-07 18:00;0.3900;1.2946;3.4100;-0.9046;-3.0200
2025-07-07 19:00;0.3900;1.2946;3.4700;-0.9046;-3.0800
2025-07-07 20:00;0.3900;1.2946;3.5500;-0.9046;-3.1600
2025-07-07 21:00;0.3900;1.2946;3.6300;-0.9046;-3.2400
2025-07-07 22:00;0.3900;1.2946;3.7200;-0.9046;-3.3300
2025-07-07 23:00;0.3900;1.2946;3.8100;-0.9046;-3.4200
2025-07-08 00:00;0.3900;1.2946;3.8900;-0.9046;-3.5000
2025-07-08 01:00;0.3900;1.2946;3.9700;-0.9046;-3.5800
2025-07-08 02:00;0.4000;1.2946;4.0400;-0.8946;-3.6400
2025-07-08 03:00;0.4000;1.2946;4.1000;-0.8946;-3.7000
2025-07-08 04:00;0.4000;1.2946;4.1500;-0.8946;-3.7500
2025-07-08 05:00;0.4000;1.2946;4.1900;-0.8946;-3.7900
2025-07-08 06:00;0.4000;1.2946;4.2200;-0.8946;-3.8200
2025-07-08 07:00;0.4000;1.2946;4.2400;-0.8946;-3.8400
2025-07-08 08:00;0.3900;1.2946;4.2700;-0.9046;-3.8800
2025-07-08 09:00;0.3900;1.2946;4.2900;-0.9046;-3.9000
2025-07-08 10:00;0.3900;1.2946;4.3200;-0.9046;-3.9300
2025-07-08 11:00;0.3800;1.2946;4.3800;-0.9146;-4.0000
2025-07-08 12:00;0.3800;1.2946;4.4800;-0.9146;-4.1000
2025-07-08 13:00;0.3900;1.2946;4.6700;-0.9046;-4.2800
2025-07-08 14:00;0.4000;1.2946;4.9500;-0.8946;-4.5500
2025-07-08 15:00;0.4000;1.2946;5.3100;-0.8946;-4.9100
2025-07-08 16:00;0.4100;1.2946;5.6800;-0.8846;-5.2700
2025-07-08 17:00;0.4100;1.2946;6.0300;-0.8846;-5.6200
2025-07-08 18:00;0.4200;1.2946;6.3000;-0.8746;-5.8800
2025-07-08 19:00;0.4300;1.2946;6.5000;-0.8646;-6.0700
2025-07-08 20:00;0.5600;1.2946;6.6300;-0.7346;-6.0700
2025-07-08 21:00;1.2700;1.2946;6.7000;-0.0246;-5.4300
2025-07-08 22:00;1.7800;1.2946;6.7400;0.4854;-4.9600
2025-07-08 23:00;2.0200;1.2946;6.7500;0.7254;-4.7300
2025-07-09 00:00;1.9700;1.2946;6.7500;0.6754;-4.7800
2025-07-09 01:00;1.8500;1.2946;6.7400;0.5554;-4.8900
2025-07-09 02:00;1.6200;1.2946;6.7200;0.3254;-5.1000
2025-07-09 03:00;1.3700;1.2946;6.7000;0.0754;-5.3300
2025-07-09 04:00;1.0300;1.2946;6.6700;-0.2646;-5.6400
2025-07-09 05:00;1.0300;1.2946;6.6400;-0.2646;-5.6100
2025-07-09 06:00;0.7500;1.2946;6.6200;-0.5446;-5.8700
2025-07-09 07:00;0.5400;1.2946;6.6000;-0.7546;-6.0600
2025-07-09 08:00;0.6000;1.2946;6.5800;-0.6946;-5.9800
2025-07-09 09:00;0.6600;1.2946;6.5600;-0.6346;-5.9000
2025-07-09 10:00;0.6600;1.2946;6.5500;-0.6346;-5.8900
2025-07-09 11:00;0.4400;1.2946;6.5300;-0.8546;-6.0900
2025-07-09 12:00;0.4400;1.2946;6.5100;-0.8546;-6.0700
2025-07-09 13:00;0.4400;1.2946;6.4900;-0.8546;-6.0500
2025-07-09 14:00;0.4300;1.2946;6.4700;-0.8646;-6.0400
2025-07-09 15:00;0.4300;1.2946;6.4500;-0.8646;-6.0200
2025-07-09 16:00;0.4300;1.2946;6.4200;-0.8646;-5.9900
2025-07-09 17:00;0.4300;1.2946;6.3900;-0.8646;-5.9600
2025-07-09 18:00;0.4200;1.2946;6.3600;-0.8746;-5.9400
2025-07-09 19:00;0.4200;1.2946;6.3400;-0.8746;-5.9200
2025-07-09 20:00;0.4200;1.2946;6.3100;-0.8746;-5.8900
2025-07-09 21:00;0.4100;1.2946;6.2800;-0.8846;-5.8700
2025-07-09 22:00;0.4100;1.2946;6.2500;-0.8846;-5.8400
2025-07-09 23:00;0.4000;1.2946;6.2200;-0.8946;-5.8200
2025-07-10 00:00;0.3900;1.2946;6.1900;-0.9046;-5.8000
2025-07-10 01:00;0.3900;1.2946;6.1600;-0.9046;-5.7700
2025-07-10 02:00;0.3900;1.2946;6.1300;-0.9046;-5.7400
2025-07-10 03:00;0.3900;1.2946;6.1000;-0.9046;-5.7100
2025-07-10 04:00;0.3900;1.2946;6.0700;-0.9046;-5.6800
2025-07-10 05:00;0.3800;1.2946;6.0400;-0.9146;-5.6600
2025-07-10 06:00;0.3800;1.2946;6.0100;-0.9146;-5.6300
2025-07-10 07:00;0.3700;1.2946;5.9800;-0.9246;-5.6100
2025-07-10 08:00;0.3700;1.2946;5.9600;-0.9246;-5.5900
2025-07-10 09:00;0.3600;1.2946;5.9300;-0.9346;-5.5700
2025-07-10 10:00;0.3500;1.2946;5.9000;-0.9446;-5.5500
2025-07-10 11:00;0.3400;1.2946;5.8700;-0.9546;-5.5300
2025-07-10 12:00;0.3300;1.2946;5.8500;-0.9646;-5.5200
2025-07-10 13:00;0.3200;1.2946;5.8200;-0.9746;-5.5000
2025-07-10 14:00;0.3100;1.2946;5.7900;-0.9846;-5.4800
2025-07-10 15:00;0.3000;1.2946;5.7700;-0.9946;-5.4700
2025-07-10 16:00;0.2900;1.2946;5.7400;-1.0046;-5.4500
2025-07-10 17:00;0.2800;1.2946;5.7200;-1.0146;-5.4400
2025-07-10 18:00;0.2700;1.2946;5.7000;-1.0246;-5.4300
2025-07-10 19:00;0.2800;1.2946;5.6700;-1.0146;-5.3900
2025-07-10 20:00;0.2900;1.2946;5.6500;-1.0046;-5.3600
2025-07-10 21:00;0.2800;1.2946;5.6300;-1.0146;-5.3500
2025-07-10 22:00;0.2600;1.2946;5.6100;-1.0346;-5.3500
2025-07-10 23:00;0.2300;1.2946;5.5800;-1.0646;-5.3500
2025-07-11 00:00;0.2200;1.2946;5.5600;-1.0746;-5.3400
2025-07-11 01:00;0.2300;1.2946;5.5400;-1.0646;-5.3100
2025-07-11 02:00;0.2500;1.2946;5.5200;-1.0446;-5.2700
2025-07-11 03:00;0.2800;1.2946;5.5000;-1.0146;-5.2200
2025-07-11 04:00;0.2900;1.2946;5.4800;-1.0046;-5.1900
2025-07-11 05:00;0.2900;1.2946;5.4500;-1.0046;-5.1600
2025-07-11 06:00;0.2900;1.2946;5.4300;-1.0046;-5.1400
2025-07-11 07:00;0.2900;1.2946;5.4100;-1.0046;-5.1200
2025-07-11 08:00;0.3000;1.2946;5.3900;-0.9946;-5.0900
2025-07-11 09:00;0.2900;1.2946;5.3700;-1.0046;-5.0800
2025-07-11 10:00;0.2800;1.2946;5.3500;-1.0146;-5.0700
2025-07-11 11:00;0.2800;1.2946;5.3200;-1.0146;-5.0400
2025-07-11 12:00;0.2600;1.2946;5.3000;-1.0346;-5.0400
2025-07-11 13:00;0.2200;1.2946;5.2800;-1.0746;-5.0600
2025-07-11 14:00;0.2100;1.2946;5.2600;-1.0846;-5.0500
2025-07-11 15:00;0.2200;1.2946;5.2400;-1.0746;-5.0200
2025-07-11 16:00;0.2200;1.2946;5.2200;-1.0746;-5.0000
2025-07-11 17:00;0.2000;1.2946;5.2100;-1.0946;-5.0100
2025-07-11 18:00;0.2100;1.2946;5.1900;-1.0846;-4.9800
2025-07-11 19:00;0.2300;1.2946;5.1700;-1.0646;-4.9400
2025-07-11 20:00;0.2200;1.2946;5.1500;-1.0746;-4.9300
2025-07-11 21:00;0.2000;1.2946;5.1400;-1.0946;-4.9400
2025-07-11 22:00;0.2100;1.2946;5.1200;-1.0846;-4.9100
2025-07-11 23:00;0.2000;1.2946;5.1000;-1.0946;-4.9000
2025-07-12 00:00;0.1600;1.2946;5.0800;-1.1346;-4.9200
2025-07-12 01:00;0.1600;1.2946;5.0700;-1.1346;-4.9100
2025-07-12 02:00;0.2000;1.2946;5.0500;-1.0946;-4.8500
2025-07-12 03:00;0.2200;1.2946;5.0300;-1.0746;-4.8100
2025-07-12 04:00;0.2200;1.2946;5.0200;-1.0746;-4.8000
2025-07-12 05:00;0.2100;1.2946;5.0000;-1.0846;-4.7900
2025-07-12 06:00;0.2100;1.2946;4.9800;-1.0846;-4.7700
2025-07-12 07:00;0.2100;1.2946;4.9700;-1.0846;-4.7600
2025-07-12 08:00;0.2000;1.2946;4.9500;-1.0946;-4.7500
2025-07-12 09:00;0.1700;1.2946;4.9300;-1.1246;-4.7600
2025-07-12 10:00;0.1900;1.2946;4.9200;-1.1046;-4.7300
2025-07-12 11:00;0.2200;1.2946;4.9000;-1.0746;-4.6800
2025-07-12 12:00;0.2200;1.2946;4.8800;-1.0746;-4.6600
2025-07-12 13:00;0.2100;1.2946;4.8700;-1.0846;-4.6600
2025-07-12 14:00;0.2200;1.2946;4.8500;-1.0746;-4.6300
2025-07-12 15:00;0.2400;1.2946;4.8400;-1.0546;-4.6000
2025-07-12 16:00;0.2300;1.2946;4.8200;-1.0646;-4.5900
2025-07-12 17:00;0.2000;1.2946;4.8100;-1.0946;-4.6100
2025-07-12 18:00;0.2000;1.2946;4.7900;-1.0946;-4.5900
2025-07-12 19:00;0.2100;1.2946;4.7800;-1.0846;-4.5700
2025-07-12 20:00;0.1900;1.2946;4.7600;-1.1046;-4.5700
2025-07-12 21:00;0.1800;1.2946;4.7500;-1.1146;-4.5700
2025-07-12 22:00;0.2100;1.2946;4.7400;-1.0846;-4.5300
2025-07-12 23:00;0.2100;1.2946;4.7200;-1.0846;-4.5100
2025-07-13 00:00;0.1800;1.2946;4.7100;-1.1146;-4.5300
2025-07-13 01:00;0.1400;1.2946;4.6900;-1.1546;-4.5500
2025-07-13 02:00;0.1600;1.2946;4.6800;-1.1346;-4.5200
2025-07-13 03:00;0.2200;1.2946;4.6700;-1.0746;-4.4500
2025-07-13 04:00;0.2500;1.2946;4.6500;-1.0446;-4.4000
2025-07-13 05:00;0.2600;1.2946;4.6400;-1.0346;-4.3800
2025-07-13 06:00;0.2500;1.2946;4.6200;-1.0446;-4.3700
2025-07-13 07:00;0.2200;1.2946;4.6100;-1.0746;-4.3900
2025-07-13 08:00;0.1700;1.2946;4.6000;-1.1246;-4.4300
2025-07-13 09:00;0.1600;1.2946;4.5800;-1.1346;-4.4200
2025-07-13 10:00;0.2000;1.2946;4.5700;-1.0946;-4.3700
2025-07-13 11:00;0.2400;1.2946;4.5600;-1.0546;-4.3200
2025-07-13 12:00;0.2500;1.2946;4.5400;-1.0446;-4.2900
2025-07-13 13:00;0.2200;1.2946;4.5300;-1.0746;-4.3100
2025-07-13 14:00;0.1900;1.2946;4.5200;-1.1046;-4.3300
2025-07-13 15:00;0.1900;1.2946;4.5000;-1.1046;-4.3100
2025-07-13 16:00;0.1900;1.2946;4.4900;-1.1046;-4.3000
2025-07-13 17:00;0.1800;1.2946;4.4800;-1.1146;-4.3000
2025-07-13 18:00;0.1900;1.2946;4.4700;-1.1046;-4.2800
2025-07-13 19:00;0.2100;1.2946;4.4500;-1.0846;-4.2400
2025-07-13 20:00;0.2000;1.2946;4.4400;-1.0946;-4.2400
2025-07-13 21:00;0.1700;1.2946;4.4300;-1.1246;-4.2600
2025-07-13 22:00;0.1400;1.2946;4.4200;-1.1546;-4.2800
2025-07-13 23:00;0.1100;1.2946;4.4100;-1.1846;-4.3000
2025-07-14 00:00;0.1400;1.2946;4.4000;-1.1546;-4.2600
2025-07-14 01:00;0.2000;1.2946;4.4100;-1.0946;-4.2100
2025-07-14 02:00;0.2500;1.2946;4.4200;-1.0446;-4.1700
2025-07-14 03:00;0.2600;1.2946;4.4400;-1.0346;-4.1800
2025-07-14 04:00;0.2500;1.2946;4.4700;-1.0446;-4.2200
2025-07-14 05:00;0.2500;1.2946;4.5200;-1.0446;-4.2700
2025-07-14 06:00;0.2500;1.2946;4.5800;-1.0446;-4.3300
2025-07-14 07:00;0.2200;1.2946;4.6400;-1.0746;-4.4200
2025-07-14 08:00;0.1900;1.2946;4.7000;-1.1046;-4.5100
2025-07-14 09:00;0.1600;1.2946;4.7600;-1.1346;-4.6000
2025-07-14 10:00;0.1800;1.2946;4.8100;-1.1146;-4.6300
2025-07-14 11:00;0.2100;1.2946;4.8500;-1.0846;-4.6400
2025-07-14 12:00;0.2100;1.2946;4.8800;-1.0846;-4.6700
2025-07-14 13:00;0.2200;1.2946;4.9000;-1.0746;-4.6800
2025-07-14 14:00;0.2400;1.2946;4.9100;-1.0546;-4.6700
2025-07-14 15:00;0.2400;1.2946;4.9100;-1.0546;-4.6700
2025-07-14 16:00;0.2200;1.2946;4.9100;-1.0746;-4.6900
2025-07-14 17:00;0.1900;1.2946;4.9000;-1.1046;-4.7100
2025-07-14 18:00;0.1800;1.2946;4.8900;-1.1146;-4.7100
2025-07-14 19:00;0.1800;1.2946;4.8800;-1.1146;-4.7000
2025-07-14 20:00;0.1800;1.2946;4.8700;-1.1146;-4.6900
2025-07-14 21:00;0.2000;1.2946;4.8600;-1.0946;-4.6600
2025-07-14 22:00;0.2200;1.2946;4.8400;-1.0746;-4.6200
2025-07-14 23:00;0.2200;1.2946;4.8300;-1.0746;-4.6100
2025-07-15 00:00;0.2100;1.2946;4.8100;-1.0846;-4.6000
2025-07-15 01:00;0.2200;1.2946;4.8000;-1.0746;-4.5800
2025-07-15 02:00;0.2300;1.2946;4.7800;-1.0646;-4.5500
2025-07-15 03:00;0.2300;1.2946;4.7700;-1.0646;-4.5400
2025-07-15 04:00;0.2700;1.2946;4.7500;-1.0246;-4.4800
2025-07-15 05:00;0.2900;1.2946;4.7400;-1.0046;-4.4500
2025-07-15 06:00;0.2900;1.2946;4.7200;-1.0046;-4.4300
2025-07-15 07:00;0.2800;1.2946;4.7100;-1.0146;-4.4300
2025-07-15 08:00;0.2900;1.2946;4.6900;-1.0046;-4.4000
2025-07-15 09:00;0.2900;1.2946;4.6800;-1.0046;-4.3900
2025-07-15 10:00;0.2900;1.2946;4.6600;-1.0046;-4.3700
2025-07-15 11:00;0.2900;1.2946;4.6400;-1.0046;-4.3500
2025-07-15 12:00;0.2900;1.2946;4.6300;-1.0046;-4.3400
2025-07-15 13:00;0.3000;1.2946;4.6100;-0.9946;-4.3100
2025-07-15 14:00;0.2900;1.2946;4.6000;-1.0046;-4.3100
2025-07-15 15:00;0.2700;1.2946;4.5900;-1.0246;-4.3200
2025-07-15 16:00;0.2400;1.2946;4.5700;-1.0546;-4.3300
2025-07-15 17:00;0.1900;1.2946;4.5600;-1.1046;-4.3700
2025-07-15 18:00;0.1800;1.2946;4.5400;-1.1146;-4.3600
2025-07-15 19:00;0.1900;1.2946;4.5300;-1.1046;-4.3400
2025-07-15 20:00;0.1800;1.2946;4.5200;-1.1146;-4.3400
2025-07-15 21:00;0.1500;1.2946;4.5000;-1.1446;-4.3500
2025-07-15 22:00;0.1700;1.2946;4.4900;-1.1246;-4.3200
2025-07-15 23:00;0.2000;1.2946;4.4800;-1.0946;-4.2800
2025-07-16 00:00;0.2000;1.2946;4.4700;-1.0946;-4.2700
2025-07-16 01:00;0.1800;1.2946;4.4500;-1.1146;-4.2700
2025-07-16 02:00;0.1900;1.2946;4.4400;-1.1046;-4.2500
2025-07-16 03:00;0.2100;1.2946;4.4300;-1.0846;-4.2200
2025-07-16 04:00;0.2000;1.2946;4.4100;-1.0946;-4.2100
2025-07-16 05:00;0.1800;1.2946;4.4000;-1.1146;-4.2200
2025-07-16 06:00;0.1600;1.2946;4.3900;-1.1346;-4.2300
2025-07-16 07:00;0.1500;1.2946;4.3800;-1.1446;-4.2300
2025-07-16 08:00;0.1400;1.2946;4.3700;-1.1546;-4.2300
2025-07-16 09:00;0.1300;1.2946;4.3600;-1.1646;-4.2300
2025-07-16 10:00;0.1300;1.2946;4.3500;-1.1646;-4.2200
2025-07-16 11:00;0.1200;1.2946;4.3500;-1.1746;-4.2300
2025-07-16 12:00;0.1000;1.2946;4.3400;-1.1946;-4.2400
2025-07-16 13:00;0.0900;1.2946;4.3400;-1.2046;-4.2500
2025-07-16 14:00;0.0800;1.2946;4.3300;-1.2146;-4.2500
2025-07-16 15:00;0.1000;1.2946;4.3200;-1.1946;-4.2200
2025-07-16 16:00;0.1300;1.2946;4.3200;-1.1646;-4.1900
2025-07-16 17:00;0.1300;1.2946;4.3100;-1.1646;-4.1800
2025-07-16 18:00;0.1200;1.2946;4.3000;-1.1746;-4.1800
2025-07-16 19:00;0.1500;1.2946;4.2900;-1.1446;-4.1400
2025-07-16 20:00;0.1600;1.2946;4.2900;-1.1346;-4.1300
2025-07-16 21:00;0.1500;1.2946;4.3200;-1.1446;-4.1700
2025-07-16 22:00;0.1300;1.2946;4.5500;-1.1646;-4.4200
2025-07-16 23:00;0.1600;1.2946;5.5000;-1.1346;-5.3400
2025-07-17 00:00;0.1700;1.2946;7.6600;-1.1246;-7.4900
2025-07-17 01:00;0.1600;1.2946;10.9400;-1.1346;-10.7800
2025-07-17 02:00;0.1500;1.2946;14.5000;-1.1446;-14.3500
2025-07-17 03:00;0.1800;1.2946;17.2000;-1.1146;-17.0200
2025-07-17 04:00;0.2200;1.2946;18.5800;-1.0746;-18.3600
2025-07-17 05:00;0.2400;1.2946;18.8200;-1.0546;-18.5800
2025-07-17 06:00;0.2200;1.2946;18.3800;-1.0746;-18.1600
2025-07-17 07:00;0.2600;1.2946;17.6100;-1.0346;-17.3500
2025-07-17 08:00;0.3300;1.2946;16.7600;-0.9646;-16.4300
2025-07-17 09:00;0.3800;1.2946;15.9300;-0.9146;-15.5500
2025-07-17 10:00;0.4100;1.2946;15.1800;-0.8846;-14.7700
2025-07-17 11:00;0.4300;1.2946;14.5100;-0.8646;-14.0800
2025-07-17 12:00;0.8800;1.2946;13.9200;-0.4146;-13.0400
2025-07-17 13:00;1.9100;1.2946;13.4100;0.6154;-11.5000
2025-07-17 14:00;1.8700;1.2946;12.9600;0.5754;-11.0900
2025-07-17 15:00;1.8900;1.2946;12.5600;0.5954;-10.6700
2025-07-17 16:00;1.7400;1.2946;12.2100;0.4454;-10.4700
2025-07-17 17:00;1.4300;1.2946;11.8900;0.1354;-10.4600
2025-07-17 18:00;1.3100;1.2946;11.6100;0.0154;-10.3000
2025-07-17 19:00;1.1400;1.2946;11.3600;-0.1546;-10.2200
2025-07-17 20:00;1.1600;1.2946;11.1300;-0.1346;-9.9700
2025-07-17 21:00;0.7800;1.2946;10.9100;-0.5146;-10.1300
2025-07-17 22:00;0.6800;1.2946;10.7100;-0.6146;-10.0300
2025-07-17 23:00;0.5000;1.2946;10.5300;-0.7946;-10.0300
2025-07-18 00:00;0.4500;1.2946;10.3600;-0.8446;-9.9100
2025-07-18 01:00;0.4300;1.2946;10.1900;-0.8646;-9.7600
2025-07-18 02:00;0.4300;1.2946;10.0300;-0.8646;-9.6000
2025-07-18 03:00;0.4300;1.2946;9.8900;-0.8646;-9.4600
2025-07-18 04:00;0.4300;1.2946;9.7400;-0.8646;-9.3100
2025-07-18 05:00;0.4300;1.2946;9.6100;-0.8646;-9.1800
2025-07-18 06:00;0.4200;1.2946;9.4800;-0.8746;-9.0600
2025-07-18 07:00;0.4200;1.2946;9.3500;-0.8746;-8.9300
2025-07-18 08:00;0.4200;1.2946;9.2400;-0.8746;-8.8200
2025-07-18 09:00;0.4100;1.2946;9.1200;-0.8846;-8.7100
2025-07-18 10:00;0.4100;1.2946;9.0200;-0.8846;-8.6100
2025-07-18 11:00;0.4100;1.2946;8.9100;-0.8846;-8.5000
2025-07-18 12:00;0.4000;1.2946;8.8200;-0.8946;-8.4200
2025-07-18 13:00;0.4000;1.2946;8.7200;-0.8946;-8.3200
2025-07-18 14:00;0.3900;1.2946;8.6300;-0.9046;-8.2400
2025-07-18 15:00;0.3900;1.2946;8.5400;-0.9046;-8.1500
2025-07-18 16:00;0.3800;1.2946;8.4600;-0.9146;-8.0800
2025-07-18 17:00;0.3700;1.2946;8.3800;-0.9246;-8.0100
2025-07-18 18:00;0.3600;1.2946;8.3000;-0.9346;-7.9400
2025-07-18 19:00;0.3600;1.2946;8.2200;-0.9346;-7.8600
2025-07-18 20:00;0.3500;1.2946;8.1400;-0.9446;-7.7900
2025-07-18 21:00;0.3400;1.2946;8.0700;-0.9546;-7.7300
2025-07-18 22:00;0.3300;1.2946;8.0000;-0.9646;-7.6700
2025-07-18 23:00;0.3300;1.2946;7.9200;-0.9646;-7.5900
2025-07-19 00:00;0.3400;1.2946;7.8500;-0.9546;-7.5100
2025-07-19 01:00;0.3400;1.2946;7.7800;-0.9546;-7.4400
2025-07-19 02:00;0.3400;1.2946;7.7100;-0.9546;-7.3700
2025-07-19 03:00;0.3400;1.2946;7.6500;-0.9546;-7.3100
2025-07-19 04:00;0.3500;1.2946;7.5800;-0.9446;-7.2300
2025-07-19 05:00;0.3500;1.2946;7.5100;-0.9446;-7.1600
2025-07-19 06:00;0.3500;1.2946;7.4500;-0.9446;-7.1000
2025-07-19 07:00;0.3500;1.2946;7.3900;-0.9446;-7.0400
2025-07-19 08:00;0.3600;1.2946;7.3300;-0.9346;-6.9700
2025-07-19 09:00;0.3600;1.2946;7.2700;-0.9346;-6.9100
2025-07-19 10:00;0.3700;1.2946;7.2100;-0.9246;-6.8400
2025-07-19 11:00;0.3800;1.2946;7.1600;-0.9146;-6.7800
2025-07-19 12:00;0.3800;1.2946;7.1000;-0.9146;-6.7200
2025-07-19 13:00;0.3900;1.2946;7.0500;-0.9046;-6.6600
2025-07-19 14:00;0.3900;1.2946;7.0000;-0.9046;-6.6100
2025-07-19 15:00;0.4000;1.2946;6.9500;-0.8946;-6.5500
2025-07-19 16:00;0.4000;1.2946;6.9100;-0.8946;-6.5100
2025-07-19 17:00;0.3900;1.2946;6.8600;-0.9046;-6.4700
2025-07-19 18:00;0.3900;1.2946;6.8200;-0.9046;-6.4300
2025-07-19 19:00;0.3900;1.2946;6.7700;-0.9046;-6.3800
2025-07-19 20:00;0.4000;1.2946;6.7300;-0.8946;-6.3300
2025-07-19 21:00;0.4000;1.2946;6.6900;-0.8946;-6.2900
2025-07-19 22:00;0.4100;1.2946;6.6500;-0.8846;-6.2400
2025-07-19 23:00;0.4100;1.2946;6.6000;-0.8846;-6.1900
2025-07-20 00:00;0.4200;1.2946;6.5600;-0.8746;-6.1400
2025-07-20 01:00;0.4300;1.2946;6.5200;-0.8646;-6.0900
2025-07-20 02:00;0.4300;1.2946;6.4800;-0.8646;-6.0500
2025-07-20 03:00;0.4300;1.2946;6.4400;-0.8646;-6.0100
2025-07-20 04:00;0.4400;1.2946;6.4000;-0.8546;-5.9600
2025-07-20 05:00;0.4300;1.2946;6.3600;-0.8646;-5.9300
2025-07-20 06:00;0.4300;1.2946;6.3200;-0.8646;-5.8900
2025-07-20 07:00;0.4400;1.2946;6.2900;-0.8546;-5.8500
2025-07-20 08:00;0.5200;1.2946;6.2500;-0.7746;-5.7300
2025-07-20 09:00;0.6700;1.2946;6.2100;-0.6246;-5.5400
2025-07-20 10:00;0.9900;1.2946;6.1700;-0.3046;-5.1800
2025-07-20 11:00;1.1100;1.2946;6.1400;-0.1846;-5.0300
2025-07-20 12:00;1.1900;1.2946;6.1000;-0.1046;-4.9100
2025-07-20 13:00;1.0400;1.2946;6.0700;-0.2546;-5.0300
2025-07-20 14:00;1.0300;1.2946;6.0400;-0.2646;-5.0100
2025-07-20 15:00;0.5400;1.2946;6.0000;-0.7546;-5.4600
2025-07-20 16:00;0.4400;1.2946;5.9700;-0.8546;-5.5300
2025-07-20 17:00;0.4300;1.2946;5.9400;-0.8646;-5.5100
2025-07-20 18:00;0.4300;1.2946;5.9100;-0.8646;-5.4800
2025-07-20 19:00;0.4300;1.2946;5.8800;-0.8646;-5.4500
2025-07-20 20:00;0.4300;1.2946;5.8500;-0.8646;-5.4200
2025-07-20 21:00;0.4300;1.2946;5.8200;-0.8646;-5.3900
2025-07-20 22:00;0.4300;1.2946;5.7900;-0.8646;-5.3600
2025-07-20 23:00;0.4400;1.2946;5.7700;-0.8546;-5.3300
2025-07-21 00:00;0.6000;1.2946;5.7400;-0.6946;-5.1400
2025-07-21 01:00;1.0000;1.2946;5.7100;-0.2946;-4.7100
2025-07-21 02:00;1.0000;1.2946;5.6800;-0.2946;-4.6800
2025-07-21 03:00;0.9100;1.2946;5.6500;-0.3846;-4.7400
2025-07-21 04:00;0.7300;1.2946;5.6300;-0.5646;-4.9000
2025-07-21 05:00;0.6500;1.2946;5.6000;-0.6446;-4.9500
2025-07-21 06:00;0.4900;1.2946;5.5700;-0.8046;-5.0800
2025-07-21 07:00;0.4400;1.2946;5.5400;-0.8546;-5.1000
2025-07-21 08:00;0.4400;1.2946;5.5200;-0.8546;-5.0800
2025-07-21 09:00;0.5100;1.2946;5.4900;-0.7846;-4.9800
2025-07-21 10:00;0.8300;1.2946;5.4600;-0.4646;-4.6300
2025-07-21 11:00;0.9500;1.2946;5.4400;-0.3446;-4.4900
2025-07-21 12:00;0.8100;1.2946;5.4100;-0.4846;-4.6000
2025-07-21 13:00;0.7500;1.2946;5.3900;-0.5446;-4.6400
2025-07-21 14:00;0.5500;1.2946;5.3600;-0.7446;-4.8100
2025-07-21 15:00;0.4400;1.2946;5.3400;-0.8546;-4.9000
2025-07-21 16:00;0.4400;1.2946;5.3100;-0.8546;-4.8700
2025-07-21 17:00;0.4300;1.2946;5.2900;-0.8646;-4.8600
2025-07-21 18:00;0.4300;1.2946;5.2700;-0.8646;-4.8400
2025-07-21 19:00;0.4300;1.2946;5.2500;-0.8646;-4.8200
2025-07-21 20:00;0.4300;1.2946;5.2200;-0.8646;-4.7900
2025-07-21 21:00;0.4200;1.2946;5.2000;-0.8746;-4.7800
2025-07-21 22:00;0.4300;1.2946;5.1800;-0.8646;-4.7500
2025-07-21 23:00;0.4300;1.2946;5.1600;-0.8646;-4.7300
2025-07-22 00:00;0.4300;1.2946;5.1400;-0.8646;-4.7100
2025-07-22 01:00;0.4400;1.2946;5.1200;-0.8546;-4.6800
2025-07-22 02:00;0.4400;1.2946;5.1000;-0.8546;-4.6600
2025-07-22 03:00;0.4400;1.2946;5.0800;-0.8546;-4.6400
2025-07-22 04:00;0.4400;1.2946;5.0600;-0.8546;-4.6200
2025-07-22 05:00;0.4400;1.2946;5.0400;-0.8546;-4.6000
2025-07-22 06:00;0.4300;1.2946;5.0200;-0.8646;-4.5900
2025-07-22 07:00;0.4300;1.2946;5.0000;-0.8646;-4.5700
2025-07-22 08:00;0.4400;1.2946;4.9800;-0.8546;-4.5400
2025-07-22 09:00;0.4400;1.2946;4.9600;-0.8546;-4.5200
2025-07-22 10:00;0.4800;1.2946;4.9400;-0.8146;-4.4600
2025-07-22 11:00;0.7100;1.2946;4.9200;-0.5846;-4.2100
2025-07-22 12:00;0.8900;1.2946;4.9000;-0.4046;-4.0100
2025-07-22 13:00;0.6400;1.2946;4.8800;-0.6546;-4.2400
2025-07-22 14:00;0.4400;1.2946;4.8600;-0.8546;-4.4200
2025-07-22 15:00;0.4400;1.2946;4.8400;-0.8546;-4.4000
2025-07-22 16:00;0.4400;1.2946;4.8300;-0.8546;-4.3900
2025-07-22 17:00;0.4300;1.2946;4.8100;-0.8646;-4.3800
2025-07-22 18:00;0.4200;1.2946;4.7900;-0.8746;-4.3700
2025-07-22 19:00;0.4100;1.2946;4.7800;-0.8846;-4.3700
2025-07-22 20:00;0.4000;1.2946;4.7600;-0.8946;-4.3600
2025-07-22 21:00;0.4000;1.2946;4.7400;-0.8946;-4.3400
2025-07-22 22:00;0.4000;1.2946;4.7300;-0.8946;-4.3300
2025-07-22 23:00;0.4100;1.2946;4.7100;-0.8846;-4.3000
2025-07-23 00:00;0.4100;1.2946;4.7000;-0.8846;-4.2900
2025-07-23 01:00;0.4100;1.2946;4.6800;-0.8846;-4.2700
2025-07-23 02:00;0.4100;1.2946;4.6600;-0.8846;-4.2500
2025-07-23 03:00;0.4100;1.2946;4.6500;-0.8846;-4.2400
2025-07-23 04:00;0.4000;1.2946;4.6300;-0.8946;-4.2300
2025-07-23 05:00;0.4000;1.2946;4.6200;-0.8946;-4.2200
2025-07-23 06:00;0.4000;1.2946;4.6000;-0.8946;-4.2000
2025-07-23 07:00;0.4000;1.2946;4.5800;-0.8946;-4.1800
2025-07-23 08:00;0.3900;1.2946;4.5700;-0.9046;-4.1800
2025-07-23 09:00;0.3900;1.2946;4.5500;-0.9046;-4.1600
2025-07-23 10:00;0.3900;1.2946;4.5400;-0.9046;-4.1500
2025-07-23 11:00;0.3900;1.2946;4.5200;-0.9046;-4.1300
2025-07-23 12:00;0.3900;1.2946;4.5100;-0.9046;-4.1200
2025-07-23 13:00;0.3900;1.2946;4.4900;-0.9046;-4.1000
2025-07-23 14:00;0.3900;1.2946;4.4800;-0.9046;-4.0900
2025-07-23 15:00;0.3900;1.2946;4.4600;-0.9046;-4.0700
2025-07-23 16:00;0.3800;1.2946;4.4500;-0.9146;-4.0700
2025-07-23 17:00;0.3800;1.2946;4.4400;-0.9146;-4.0600
2025-07-23 18:00;0.3700;1.2946;4.4200;-0.9246;-4.0500
2025-07-23 19:00;0.3700;1.2946;4.4100;-0.9246;-4.0400
2025-07-23 20:00;0.3700;1.2946;4.4000;-0.9246;-4.0300
2025-07-23 21:00;0.3800;1.2946;4.3800;-0.9146;-4.0000
2025-07-23 22:00;0.3900;1.2946;4.3700;-0.9046;-3.9800
2025-07-23 23:00;0.3900;1.2946;4.3600;-0.9046;-3.9700
2025-07-24 00:00;0.3900;1.2946;4.3400;-0.9046;-3.9500
2025-07-24 01:00;0.4000;1.2946;4.3300;-0.8946;-3.9300
2025-07-24 02:00;0.4000;1.2946;4.3200;-0.8946;-3.9200
2025-07-24 03:00;0.4000;1.2946;4.3100;-0.8946;-3.9100
2025-07-24 04:00;0.4100;1.2946;4.2900;-0.8846;-3.8800
2025-07-24 05:00;0.4100;1.2946;4.2800;-0.8846;-3.8700
2025-07-24 06:00;0.4100;1.2946;4.2700;-0.8846;-3.8600
2025-07-24 07:00;0.4000;1.2946;4.2500;-0.8946;-3.8500
2025-07-24 08:00;0.4000;1.2946;4.2400;-0.8946;-3.8400
2025-07-24 09:00;0.4000;1.2946;4.2300;-0.8946;-3.8300
2025-07-24 10:00;0.4100;1.2946;4.2100;-0.8846;-3.8000
2025-07-24 11:00;0.4100;1.2946;4.2000;-0.8846;-3.7900
2025-07-24 12:00;0.4100;1.2946;4.1900;-0.8846;-3.7800
2025-07-24 13:00;0.4100;1.2946;4.1800;-0.8846;-3.7700
2025-07-24 14:00;0.4100;1.2946;4.1700;-0.8846;-3.7600
2025-07-24 15:00;0.4100;1.2946;4.1500;-0.8846;-3.7400
2025-07-24 16:00;0.4000;1.2946;4.1400;-0.8946;-3.7400
2025-07-24 17:00;0.4000;1.2946;4.1300;-0.8946;-3.7300
2025-07-24 18:00;0.3900;1.2946;4.1200;-0.9046;-3.7300
2025-07-24 19:00;0.3800;1.2946;4.1100;-0.9146;-3.7300
2025-07-24 20:00;0.3800;1.2946;4.1000;-0.9146;-3.7200
2025-07-24 21:00;0.3700;1.2946;4.0800;-0.9246;-3.7100
2025-07-24 22:00;0.3600;1.2946;4.0700;-0.9346;-3.7100
2025-07-24 23:00;0.3600;1.2946;4.0600;-0.9346;-3.7000
2025-07-25 00:00;0.3500;1.2946;4.0500;-0.9446;-3.7000
2025-07-25 01:00;0.3500;1.2946;4.0400;-0.9446;-3.6900
2025-07-25 02:00;0.3500;1.2946;4.0300;-0.9446;-3.6800
2025-07-25 03:00;0.3500;1.2946;4.0200;-0.9446;-3.6700
2025-07-25 04:00;0.3500;1.2946;4.0100;-0.9446;-3.6600
2025-07-25 05:00;0.3500;1.2946;4.0000;-0.9446;-3.6500
2025-07-25 06:00;0.3500;1.2946;3.9900;-0.9446;-3.6400
2025-07-25 07:00;0.3500;1.2946;3.9800;-0.9446;-3.6300
2025-07-25 08:00;0.3600;1.2946;3.9700;-0.9346;-3.6100
2025-07-25 09:00;0.3700;1.2946;3.9600;-0.9246;-3.5900
2025-07-25 10:00;0.3800;1.2946;3.9500;-0.9146;-3.5700
2025-07-25 11:00;0.3900;1.2946;3.9400;-0.9046;-3.5500
2025-07-25 12:00;0.3900;1.2946;3.9300;-0.9046;-3.5400
2025-07-25 13:00;0.3900;1.2946;3.9300;-0.9046;-3.5400
2025-07-25 14:00;0.3900;1.2946;3.9200;-0.9046;-3.5300
2025-07-25 15:00;0.3900;1.2946;3.9100;-0.9046;-3.5200
2025-07-25 16:00;0.3800;1.2946;3.9000;-0.9146;-3.5200
2025-07-25 17:00;0.3700;1.2946;3.8900;-0.9246;-3.5200
2025-07-25 18:00;0.3600;1.2946;3.8800;-0.9346;-3.5200
2025-07-25 19:00;0.3500;1.2946;3.8700;-0.9446;-3.5200
2025-07-25 20:00;0.3400;1.2946;3.8700;-0.9546;-3.5300
2025-07-25 21:00;0.3400;1.2946;3.8600;-0.9546;-3.5200
2025-07-25 22:00;0.3400;1.2946;3.8500;-0.9546;-3.5100
2025-07-25 23:00;0.3400;1.2946;3.8500;-0.9546;-3.5100
2025-07-26 00:00;0.3500;1.2946;3.8500;-0.9446;-3.5000
2025-07-26 01:00;0.3500;1.2946;3.8500;-0.9446;-3.5000
2025-07-26 02:00;0.3500;1.2946;3.8500;-0.9446;-3.5000
2025-07-26 03:00;0.3500;1.2946;3.8600;-0.9446;-3.5100
2025-07-26 04:00;0.3500;1.2946;3.8700;-0.9446;-3.5200
2025-07-26 05:00;0.3500;1.2946;3.8900;-0.9446;-3.5400
2025-07-26 06:00;0.3700;1.2946;3.9100;-0.9246;-3.5400
2025-07-26 07:00;0.3800;1.2946;3.9300;-0.9146;-3.5500
2025-07-26 08:00;0.4000;1.2946;3.9600;-0.8946;-3.5600
2025-07-26 09:00;0.4100;1.2946;3.9900;-0.8846;-3.5800
2025-07-26 10:00;0.4300;1.2946;4.0200;-0.8646;-3.5900
2025-07-26 11:00;0.5000;1.2946;4.0400;-0.7946;-3.5400
2025-07-26 12:00;0.9700;1.2946;4.0600;-0.3246;-3.0900
2025-07-26 13:00;1.2400;1.2946;4.0800;-0.0546;-2.8400
2025-07-26 14:00;1.1100;1.2946;4.1100;-0.1846;-3.0000
2025-07-26 15:00;0.9300;1.2946;4.1500;-0.3646;-3.2200
2025-07-26 16:00;0.8600;1.2946;4.2100;-0.4346;-3.3500
2025-07-26 17:00;0.4600;1.2946;4.3200;-0.8346;-3.8600
2025-07-26 18:00;0.4400;1.2946;4.4800;-0.8546;-4.0400
2025-07-26 19:00;0.4400;1.2946;4.7300;-0.8546;-4.2900
2025-07-26 20:00;0.9100;1.2946;5.1100;-0.3846;-4.2000
2025-07-26 21:00;1.7300;1.2946;5.7000;0.4354;-3.9700
2025-07-26 22:00;2.6600;1.2946;6.5500;1.3654;-3.8900
2025-07-26 23:00;3.7000;1.2946;7.5800;2.4054;-3.8800
2025-07-27 00:00;4.9300;1.2946;8.6600;3.6354;-3.7300
2025-07-27 01:00;5.6100;1.2946;9.5900;4.3154;-3.9800
2025-07-27 02:00;6.0100;1.2946;10.2600;4.7154;-4.2500
2025-07-27 03:00;5.7600;1.2946;10.6400;4.4654;-4.8800
2025-07-27 04:00;5.9500;1.2946;10.8000;4.6554;-4.8500
2025-07-27 05:00;5.9500;1.2946;10.8000;4.6554;-4.8500
2025-07-27 06:00;5.9500;1.2946;10.7200;4.6554;-4.7700
2025-07-27 07:00;5.8300;1.2946;10.6000;4.5354;-4.7700
2025-07-27 08:00;6.4700;1.2946;10.4700;5.1754;-4.0000
2025-07-27 09:00;6.7200;1.2946;10.3400;5.4254;-3.6200
2025-07-27 10:00;5.3600;1.2946;10.2200;4.0654;-4.8600
2025-07-27 11:00;4.3100;1.2946;10.1000;3.0154;-5.7900
2025-07-27 12:00;3.5300;1.2946;9.9800;2.2354;-6.4500
2025-07-27 13:00;2.8300;1.2946;9.8700;1.5354;-7.0400
2025-07-27 14:00;2.2300;1.2946;9.7500;0.9354;-7.5200
2025-07-27 15:00;1.6800;1.2946;9.6200;0.3854;-7.9400
2025-07-27 16:00;1.3300;1.2946;9.5000;0.0354;-8.1700
2025-07-27 17:00;1.2000;1.2946;9.3800;-0.0946;-8.1800
2025-07-27 18:00;1.3100;1.2946;9.2700;0.0154;-7.9600
2025-07-27 19:00;1.3600;1.2946;9.1500;0.0654;-7.7900
2025-07-27 20:00;1.6000;1.2946;9.0400;0.3054;-7.4400
2025-07-27 21:00;1.8700;1.2946;8.9400;0.5754;-7.0700
2025-07-27 22:00;2.3200;1.2946;8.8400;1.0254;-6.5200
2025-07-27 23:00;2.2900;1.2946;8.7500;0.9954;-6.4600
2025-07-28 00:00;1.8500;1.2946;8.6500;0.5554;-6.8000
2025-07-28 01:00;1.7000;1.2946;8.5700;0.4054;-6.8700
2025-07-28 02:00;1.5400;1.2946;8.4900;0.2454;-6.9500
2025-07-28 03:00;1.4400;1.2946;8.4200;0.1454;-6.9800
2025-07-28 04:00;1.2900;1.2946;8.3700;-0.0046;-7.0800
2025-07-28 05:00;1.1600;1.2946;8.3400;-0.1346;-7.1800
2025-07-28 06:00;0.9900;1.2946;8.3300;-0.3046;-7.3400
2025-07-28 07:00;1.4100;1.2946;8.3300;0.1154;-6.9200
2025-07-28 08:00;1.9600;1.2946;8.3400;0.6654;-6.3800
2025-07-28 09:00;2.3800;1.2946;8.3500;1.0854;-5.9700
2025-07-28 10:00;2.7200;1.2946;8.3600;1.4254;-5.6400
2025-07-28 11:00;2.6800;1.2946;8.3600;1.3854;-5.6800
2025-07-28 12:00;2.5300;1.2946;8.3500;1.2354;-5.8200
2025-07-28 13:00;2.5700;1.2946;8.3500;1.2754;-5.7800
2025-07-28 14:00;2.2700;1.2946;8.3700;0.9754;-6.1000
2025-07-28 15:00;1.7800;1.2946;8.5500;0.4854;-6.7700
2025-07-28 16:00;1.3800;1.2946;9.1300;0.0854;-7.7500
2025-07-28 17:00;0.9900;1.2946;10.3200;-0.3046;-9.3300
2025-07-28 18:00;1.0300;1.2946;12.1300;-0.2646;-11.1000
2025-07-28 19:00;0.9300;1.2946;14.2900;-0.3646;-13.3600
2025-07-28 20:00;1.0600;1.2946;16.4000;-0.2346;-15.3400
2025-07-28 21:00;1.5700;1.2946;18.0900;0.2754;-16.5200
2025-07-28 22:00;2.7600;1.2946;19.2200;1.4654;-16.4600
2025-07-28 23:00;4.7300;1.2946;19.8100;3.4354;-15.0800
2025-07-29 00:00;6.2300;1.2946;20.0300;4.9354;-13.8000
2025-07-29 01:00;6.6900;1.2946;20.0100;5.3954;-13.3200
2025-07-29 02:00;6.6900;1.2946;19.8700;5.3954;-13.1800
2025-07-29 03:00;6.6900;1.2946;19.6700;5.3954;-12.9800
2025-07-29 04:00;6.6900;1.2946;19.4500;5.3954;-12.7600
2025-07-29 05:00;6.7500;1.2946;19.2200;5.4554;-12.4700
2025-07-29 06:00;6.7500;1.2946;18.9600;5.4554;-12.2100
2025-07-29 07:00;6.7500;1.2946;18.6800;5.4554;-11.9300
2025-07-29 08:00;6.7800;1.2946;18.3800;5.4854;-11.6000
2025-07-29 09:00;7.1500;1.2946;18.0700;5.8554;-10.9200
2025-07-29 10:00;6.4700;1.2946;17.7400;5.1754;-11.2700
2025-07-29 11:00;4.9800;1.2946;17.4000;3.6854;-12.4200
2025-07-29 12:00;3.9200;1.2946;17.0600;2.6254;-13.1400
2025-07-29 13:00;3.2500;1.2946;16.7300;1.9554;-13.4800
2025-07-29 14:00;2.8700;1.2946;16.4100;1.5754;-13.5400
2025-07-29 15:00;2.2700;1.2946;16.0900;0.9754;-13.8200
2025-07-29 16:00;1.9800;1.2946;15.8000;0.6854;-13.8200
2025-07-29 17:00;1.6500;1.2946;15.5100;0.3554;-13.8600
2025-07-29 18:00;1.4600;1.2946;15.2400;0.1654;-13.7800
2025-07-29 19:00;1.6000;1.2946;14.9800;0.3054;-13.3800
2025-07-29 20:00;2.5500;1.2946;14.7400;1.2554;-12.1900
2025-07-29 21:00;2.5900;1.2946;14.5100;1.2954;-11.9200
2025-07-29 22:00;2.8500;1.2946;14.2800;1.5554;-11.4300
2025-07-29 23:00;2.6600;1.2946;14.0700;1.3654;-11.4100
2025-07-30 00:00;2.3600;1.2946;13.8700;1.0654;-11.5100
2025-07-30 01:00;1.9100;1.2946;13.6700;0.6154;-11.7600
2025-07-30 02:00;1.9300;1.2946;13.4900;0.6354;-11.5600
2025-07-30 03:00;1.8900;1.2946;13.3100;0.5954;-11.4200
2025-07-30 04:00;1.4300;1.2946;13.1400;0.1354;-11.7100
2025-07-30 05:00;1.0500;1.2946;12.9800;-0.2446;-11.9300
2025-07-30 06:00;1.0200;1.2946;12.8300;-0.2746;-11.8100
2025-07-30 07:00;1.2200;1.2946;12.6800;-0.0746;-11.4600
2025-07-30 08:00;1.6800;1.2946;12.5400;0.3854;-10.8600
2025-07-30 09:00;1.9100;1.2946;12.4100;0.6154;-10.5000
2025-07-30 10:00;1.6900;1.2946;12.2800;0.3954;-10.5900
2025-07-30 11:00;1.3300;1.2946;12.1600;0.0354;-10.8300
2025-07-30 12:00;1.0500;1.2946;12.0400;-0.2446;-10.9900
2025-07-30 13:00;0.6100;1.2946;11.9300;-0.6846;-11.3200
2025-07-30 14:00;0.4400;1.2946;11.8200;-0.8546;-11.3800
2025-07-30 15:00;0.4300;1.2946;11.7100;-0.8646;-11.2800
2025-07-30 16:00;0.4200;1.2946;11.6100;-0.8746;-11.1900
2025-07-30 17:00;0.4200;1.2946;11.5100;-0.8746;-11.0900
2025-07-30 18:00;0.4100;1.2946;11.4100;-0.8846;-11.0000
2025-07-30 19:00;0.4100;1.2946;11.3100;-0.8846;-10.9000
2025-07-30 20:00;0.4000;1.2946;11.2100;-0.8946;-10.8100
2025-07-30 21:00;0.4000;1.2946;11.1200;-0.8946;-10.7200
2025-07-30 22:00;0.4000;1.2946;11.0300;-0.8946;-10.6300
2025-07-30 23:00;0.4000;1.2946;10.9500;-0.8946;-10.5500
2025-07-31 00:00;0.4000;1.2946;10.8800;-0.8946;-10.4800
2025-07-31 01:00;0.4000;1.2946;10.8300;-0.8946;-10.4300
2025-07-31 02:00;0.4000;1.2946;10.8300;-0.8946;-10.4300
2025-07-31 03:00;0.4000;1.2946;10.8800;-0.8946;-10.4800
2025-07-31 04:00;0.4000;1.2946;10.9900;-0.8946;-10.5900
2025-07-31 05:00;0.4000;1.2946;11.1500;-0.8946;-10.7500
2025-07-31 06:00;0.3900;1.2946;11.3300;-0.9046;-10.9400
2025-07-31 07:00;0.3900;1.2946;11.5100;-0.9046;-11.1200
2025-07-31 08:00;0.3900;1.2946;11.6700;-0.9046;-11.2800
2025-07-31 09:00;0.3900;1.2946;11.7800;-0.9046;-11.3900
2025-07-31 10:00;0.4000;1.2946;11.8500;-0.8946;-11.4500
2025-07-31 11:00;0.4000;1.2946;11.8700;-0.8946;-11.4700
2025-07-31 12:00;0.4000;1.2946;11.8400;-0.8946;-11.4400
2025-07-31 13:00;0.3900;1.2946;11.7900;-0.9046;-11.4000
2025-07-31 14:00;0.3900;1.2946;11.7200;-0.9046;-11.3300
2025-07-31 15:00;0.3800;1.2946;11.6300;-0.9146;-11.2500
2025-07-31 16:00;0.3800;1.2946;11.5300;-0.9146;-11.1500
2025-07-31 17:00;0.3800;1.2946;11.4200;-0.9146;-11.0400
2025-07-31 18:00;0.3700;1.2946;11.3200;-0.9246;-10.9500
2025-07-31 19:00;0.3700;1.2946;11.2100;-0.9246;-10.8400
2025-07-31 20:00;0.3800;1.2946;11.1000;-0.9146;-10.7200
2025-07-31 21:00;0.3900;1.2946;11.0000;-0.9046;-10.6100
2025-07-31 22:00;0.3900;1.2946;10.9000;-0.9046;-10.5100
2025-07-31 23:00;0.4000;1.2946;10.7900;-0.8946;-10.3900
2025-08-01 00:00;0.4000;1.2946;10.6900;-0.8946;-10.2900
2025-08-01 01:00;0.3900;1.2946;10.5900;-0.9046;-10.2000
2025-08-01 02:00;0.3900;1.2946;10.4900;-0.9046;-10.1000
2025-08-01 03:00;0.3900;1.2946;10.4000;-0.9046;-10.0100
2025-08-01 04:00;0.3900;1.2946;10.3000;-0.9046;-9.9100
2025-08-01 05:00;0.3900;1.2946;10.2100;-0.9046;-9.8200
2025-08-01 06:00;0.3800;1.2946;10.1300;-0.9146;-9.7500
2025-08-01 07:00;0.3800;1.2946;10.0400;-0.9146;-9.6600
2025-08-01 08:00;0.3900;1.2946;9.9600;-0.9046;-9.5700
2025-08-01 09:00;0.4000;1.2946;9.8800;-0.8946;-9.4800
2025-08-01 10:00;0.4000;1.2946;9.8000;-0.8946;-9.4000
2025-08-01 11:00;0.3900;1.2946;9.7300;-0.9046;-9.3400
2025-08-01 12:00;0.3900;1.2946;9.6600;-0.9046;-9.2700
2025-08-01 13:00;0.3800;1.2946;9.5900;-0.9146;-9.2100
2025-08-01 14:00;0.3800;1.2946;9.5300;-0.9146;-9.1500
2025-08-01 15:00;0.3700;1.2946;9.4700;-0.9246;-9.1000
2025-08-01 16:00;0.3500;1.2946;9.4000;-0.9446;-9.0500
2025-08-01 17:00;0.3300;1.2946;9.3400;-0.9646;-9.0100
2025-08-01 18:00;0.3100;1.2946;9.2900;-0.9846;-8.9800
2025-08-01 19:00;0.2700;1.2946;9.2300;-1.0246;-8.9600
2025-08-01 20:00;0.2100;1.2946;9.1700;-1.0846;-8.9600
2025-08-01 21:00;0.2200;1.2946;9.1100;-1.0746;-8.8900
2025-08-01 22:00;0.2700;1.2946;9.0500;-1.0246;-8.7800
2025-08-01 23:00;0.2900;1.2946;8.9900;-1.0046;-8.7000
2025-08-02 00:00;0.2900;1.2946;8.9400;-1.0046;-8.6500
2025-08-02 01:00;0.2900;1.2946;8.8800;-1.0046;-8.5900
2025-08-02 02:00;0.2900;1.2946;8.8200;-1.0046;-8.5300
2025-08-02 03:00;0.2900;1.2946;8.7600;-1.0046;-8.4700
2025-08-02 04:00;0.2900;1.2946;8.7000;-1.0046;-8.4100
2025-08-02 05:00;0.2700;1.2946;8.6500;-1.0246;-8.3800
2025-08-02 06:00;0.2400;1.2946;8.5900;-1.0546;-8.3500
2025-08-02 07:00;0.2300;1.2946;8.5400;-1.0646;-8.3100
2025-08-02 08:00;0.2700;1.2946;8.4900;-1.0246;-8.2200
2025-08-02 09:00;0.3000;1.2946;8.4300;-0.9946;-8.1300
2025-08-02 10:00;0.3100;1.2946;8.3800;-0.9846;-8.0700
2025-08-02 11:00;0.3100;1.2946;8.3400;-0.9846;-8.0300
2025-08-02 12:00;0.3100;1.2946;8.2900;-0.9846;-7.9800
2025-08-02 13:00;0.3000;1.2946;8.2400;-0.9946;-7.9400
2025-08-02 14:00;0.3000;1.2946;8.2000;-0.9946;-7.9000
2025-08-02 15:00;0.2900;1.2946;8.1600;-1.0046;-7.8700
2025-08-02 16:00;0.2800;1.2946;8.1100;-1.0146;-7.8300
2025-08-02 17:00;0.2800;1.2946;8.0700;-1.0146;-7.7900
2025-08-02 18:00;0.2800;1.2946;8.0300;-1.0146;-7.7500
2025-08-02 19:00;0.2700;1.2946;7.9900;-1.0246;-7.7200
2025-08-02 20:00;0.2600;1.2946;7.9500;-1.0346;-7.6900
2025-08-02 21:00;0.2900;1.2946;7.9100;-1.0046;-7.6200
2025-08-02 22:00;0.3100;1.2946;7.8700;-0.9846;-7.5600
2025-08-02 23:00;0.3300;1.2946;7.8300;-0.9646;-7.5000
2025-08-03 00:00;0.3400;1.2946;7.7900;-0.9546;-7.4500
2025-08-03 01:00;0.3400;1.2946;7.7600;-0.9546;-7.4200
2025-08-03 02:00;0.3400;1.2946;7.7200;-0.9546;-7.3800
2025-08-03 03:00;0.3400;1.2946;7.6800;-0.9546;-7.3400
2025-08-03 04:00;0.3300;1.2946;7.6400;-0.9646;-7.3100
2025-08-03 05:00;0.3300;1.2946;7.6000;-0.9646;-7.2700
2025-08-03 06:00;0.3200;1.2946;7.5600;-0.9746;-7.2400
2025-08-03 07:00;0.3200;1.2946;7.5300;-0.9746;-7.2100
2025-08-03 08:00;0.3300;1.2946;7.4900;-0.9646;-7.1600
2025-08-03 09:00;0.3400;1.2946;7.4500;-0.9546;-7.1100
2025-08-03 10:00;0.3500;1.2946;7.4200;-0.9446;-7.0700
2025-08-03 11:00;0.3600;1.2946;7.3800;-0.9346;-7.0200
2025-08-03 12:00;0.3600;1.2946;7.3500;-0.9346;-6.9900
2025-08-03 13:00;0.3600;1.2946;7.3200;-0.9346;-6.9600
2025-08-03 14:00;0.3600;1.2946;7.2900;-0.9346;-6.9300
2025-08-03 15:00;0.3500;1.2946;7.2500;-0.9446;-6.9000
2025-08-03 16:00;0.3400;1.2946;7.2200;-0.9546;-6.8800
2025-08-03 17:00;0.3300;1.2946;7.1900;-0.9646;-6.8600
2025-08-03 18:00;0.3200;1.2946;7.1700;-0.9746;-6.8500
2025-08-03 19:00;0.3100;1.2946;7.1400;-0.9846;-6.8300
2025-08-03 20:00;0.3000;1.2946;7.1100;-0.9946;-6.8100
2025-08-03 21:00;0.3000;1.2946;7.0800;-0.9946;-6.7800
2025-08-03 22:00;0.3100;1.2946;7.0500;-0.9846;-6.7400
2025-08-03 23:00;0.3200;1.2946;7.0200;-0.9746;-6.7000
2025-08-04 00:00;0.3300;1.2946;7.0000;-0.9646;-6.6700
2025-08-04 01:00;0.3400;1.2946;6.9700;-0.9546;-6.6300
2025-08-04 02:00;0.3400;1.2946;6.9400;-0.9546;-6.6000
2025-08-04 03:00;0.3300;1.2946;6.9200;-0.9646;-6.5900
2025-08-04 04:00;0.3300;1.2946;6.8900;-0.9646;-6.5600
2025-08-04 05:00;0.3200;1.2946;6.8700;-0.9746;-6.5500
2025-08-04 06:00;0.3100;1.2946;6.8500;-0.9846;-6.5400
2025-08-04 07:00;0.3000;1.2946;6.8300;-0.9946;-6.5300
2025-08-04 08:00;0.3000;1.2946;6.8100;-0.9946;-6.5100
2025-08-04 09:00;0.2800;1.2946;6.7800;-1.0146;-6.5000
2025-08-04 10:00;0.1600;1.2946;6.7600;-1.1346;-6.6000
2025-08-04 11:00;0.0300;1.2946;6.7400;-1.2646;-6.7100
2025-08-04 12:00;0.0300;1.2946;6.7200;-1.2646;-6.6900
2025-08-04 13:00;0.0300;1.2946;6.7000;-1.2646;-6.6700
2025-08-04 14:00;0.0300;1.2946;6.6700;-1.2646;-6.6400
2025-08-04 15:00;0.0300;1.2946;6.6500;-1.2646;-6.6200
2025-08-04 16:00;0.1300;1.2946;6.6300;-1.1646;-6.5000
2025-08-04 17:00;0.2200;1.2946;6.6000;-1.0746;-6.3800
2025-08-04 18:00;0.2700;1.2946;6.5800;-1.0246;-6.3100
2025-08-04 19:00;0.2800;1.2946;6.5600;-1.0146;-6.2800
2025-08-04 20:00;0.2900;1.2946;6.5300;-1.0046;-6.2400
2025-08-04 21:00;0.2800;1.2946;6.5100;-1.0146;-6.2300
2025-08-04 22:00;0.2600;1.2946;6.4900;-1.0346;-6.2300
2025-08-04 23:00;0.2200;1.2946;6.4600;-1.0746;-6.2400
2025-08-05 00:00;0.1900;1.2946;6.4400;-1.1046;-6.2500
2025-08-05 01:00;0.1600;1.2946;6.4100;-1.1346;-6.2500
2025-08-05 02:00;0.1400;1.2946;6.3900;-1.1546;-6.2500
2025-08-05 03:00;0.1300;1.2946;6.3600;-1.1646;-6.2300
2025-08-05 04:00;0.1100;1.2946;6.3400;-1.1846;-6.2300
2025-08-05 05:00;0.1000;1.2946;6.3100;-1.1946;-6.2100
2025-08-05 06:00;0.0900;1.2946;6.2900;-1.2046;-6.2000
2025-08-05 07:00;0.0800;1.2946;6.2600;-1.2146;-6.1800
2025-08-05 08:00;0.0700;1.2946;6.2400;-1.2246;-6.1700
2025-08-05 09:00;0.0800;1.2946;6.2100;-1.2146;-6.1300
2025-08-05 10:00;0.0700;1.2946;6.1900;-1.2246;-6.1200
2025-08-05 11:00;0.0500;1.2946;6.1700;-1.2446;-6.1200
2025-08-05 12:00;0.0400;1.2946;6.1400;-1.2546;-6.1000
2025-08-05 13:00;0.0400;1.2946;6.1200;-1.2546;-6.0800
2025-08-05 14:00;0.0600;1.2946;6.1000;-1.2346;-6.0400
2025-08-05 15:00;0.1000;1.2946;6.0800;-1.1946;-5.9800
2025-08-05 16:00;0.1400;1.2946;6.0600;-1.1546;-5.9200
2025-08-05 17:00;0.1600;1.2946;6.0400;-1.1346;-5.8800
2025-08-05 18:00;0.1500;1.2946;6.0200;-1.1446;-5.8700
2025-08-05 19:00;0.1300;1.2946;6.0000;-1.1646;-5.8700
2025-08-05 20:00;0.1200;1.2946;5.9800;-1.1746;-5.8600
2025-08-05 21:00;0.1000;1.2946;5.9600;-1.1946;-5.8600
2025-08-05 22:00;0.0800;1.2946;5.9400;-1.2146;-5.8600
2025-08-05 23:00;0.0800;1.2946;5.9200;-1.2146;-5.8400
2025-08-06 00:00;0.0800;1.2946;5.9000;-1.2146;-5.8200
2025-08-06 01:00;0.0700;1.2946;5.8800;-1.2246;-5.8100
2025-08-06 02:00;0.0700;1.2946;5.8600;-1.2246;-5.7900
2025-08-06 03:00;0.0700;1.2946;5.8400;-1.2246;-5.7700
2025-08-06 04:00;0.0600;1.2946;5.8200;-1.2346;-5.7600
2025-08-06 05:00;0.0600;1.2946;5.7900;-1.2346;-5.7300
2025-08-06 06:00;0.0600;1.2946;5.7700;-1.2346;-5.7100
2025-08-06 07:00;0.0600;1.2946;5.7500;-1.2346;-5.6900
2025-08-06 08:00;0.0600;1.2946;5.7300;-1.2346;-5.6700
2025-08-06 09:00;0.0600;1.2946;5.7100;-1.2346;-5.6500
2025-08-06 10:00;0.0600;1.2946;5.6900;-1.2346;-5.6300
2025-08-06 11:00;0.0500;1.2946;5.6700;-1.2446;-5.6200
2025-08-06 12:00;0.0600;1.2946;5.6500;-1.2346;-5.5900
2025-08-06 13:00;0.0600;1.2946;5.6300;-1.2346;-5.5700
2025-08-06 14:00;0.0700;1.2946;5.6100;-1.2246;-5.5400
2025-08-06 15:00;0.0700;1.2946;5.6000;-1.2246;-5.5300
2025-08-06 16:00;0.0700;1.2946;5.5800;-1.2246;-5.5100
2025-08-06 17:00;0.0700;1.2946;5.5600;-1.2246;-5.4900
2025-08-06 18:00;0.0600;1.2946;5.5400;-1.2346;-5.4800
2025-08-06 19:00;0.0700;1.2946;5.5300;-1.2246;-5.4600
2025-08-06 20:00;0.0800;1.2946;5.5100;-1.2146;-5.4300
2025-08-06 21:00;0.0800;1.2946;5.4900;-1.2146;-5.4100
2025-08-06 22:00;0.0700;1.2946;5.4800;-1.2246;-5.4100
2025-08-06 23:00;0.0500;1.2946;5.4600;-1.2446;-5.4100
2025-08-07 00:00;0.0500;1.2946;5.4400;-1.2446;-5.3900
2025-08-07 01:00;0.0400;1.2946;5.4300;-1.2546;-5.3900
2025-08-07 02:00;0.0400;1.2946;5.4100;-1.2546;-5.3700
2025-08-07 03:00;0.0400;1.2946;5.3900;-1.2546;-5.3500
2025-08-07 04:00;0.0300;1.2946;5.3800;-1.2646;-5.3500
2025-08-07 05:00;0.0300;1.2946;5.3600;-1.2646;-5.3300
2025-08-07 06:00;0.0300;1.2946;5.3400;-1.2646;-5.3100
2025-08-07 07:00;0.0400;1.2946;5.3200;-1.2546;-5.2800
2025-08-07 08:00;0.0400;1.2946;5.3100;-1.2546;-5.2700
2025-08-07 09:00;0.0500;1.2946;5.2900;-1.2446;-5.2400
2025-08-07 10:00;0.0400;1.2946;5.2700;-1.2546;-5.2300
2025-08-07 11:00;0.0400;1.2946;5.2600;-1.2546;-5.2200
2025-08-07 12:00;0.0400;1.2946;5.2400;-1.2546;-5.2000
2025-08-07 13:00;0.0300;1.2946;5.2300;-1.2646;-5.2000
2025-08-07 14:00;0.0300;1.2946;5.2100;-1.2646;-5.1800
2025-08-07 15:00;0.0300;1.2946;5.2000;-1.2646;-5.1700
2025-08-07 16:00;0.0300;1.2946;5.1900;-1.2646;-5.1600
2025-08-07 17:00;0.0300;1.2946;5.1800;-1.2646;-5.1500
2025-08-07 18:00;0.0300;1.2946;5.1700;-1.2646;-5.1400
2025-08-07 19:00;0.0300;1.2946;5.1600;-1.2646;-5.1300
2025-08-07 20:00;0.0300;1.2946;5.1600;-1.2646;-5.1300
2025-08-07 21:00;0.0300;1.2946;5.1500;-1.2646;-5.1200
2025-08-07 22:00;0.0300;1.2946;5.1500;-1.2646;-5.1200
2025-08-07 23:00;0.0300;1.2946;5.1400;-1.2646;-5.1100
2025-08-08 00:00;0.0300;1.2946;5.1300;-1.2646;-5.1000
2025-08-08 01:00;0.0300;1.2946;5.1200;-1.2646;-5.0900
2025-08-08 02:00;0.0300;1.2946;5.1000;-1.2646;-5.0700
2025-08-08 03:00;0.0300;1.2946;5.0900;-1.2646;-5.0600
2025-08-08 04:00;0.0300;1.2946;5.0800;-1.2646;-5.0500
2025-08-08 05:00;0.0300;1.2946;5.0600;-1.2646;-5.0300
2025-08-08 06:00;0.0300;1.2946;5.0500;-1.2646;-5.0200
2025-08-08 07:00;0.0300;1.2946;5.0300;-1.2646;-5.0000
2025-08-08 08:00;0.0300;1.2946;5.0100;-1.2646;-4.9800
2025-08-08 09:00;0.0300;1.2946;5.0000;-1.2646;-4.9700
2025-08-08 10:00;0.0400;1.2946;4.9800;-1.2546;-4.9400
2025-08-08 11:00;0.0500;1.2946;4.9700;-1.2446;-4.9200
2025-08-08 12:00;0.0600;1.2946;4.9500;-1.2346;-4.8900
2025-08-08 13:00;0.1100;1.2946;4.9400;-1.1846;-4.8300
2025-08-08 14:00;0.1700;1.2946;4.9200;-1.1246;-4.7500
2025-08-08 15:00;0.1800;1.2946;4.9100;-1.1146;-4.7300
2025-08-08 16:00;0.1800;1.2946;4.9000;-1.1146;-4.7200
2025-08-08 17:00;0.1800;1.2946;4.8800;-1.1146;-4.7000
2025-08-08 18:00;0.1900;1.2946;4.8700;-1.1046;-4.6800
2025-08-08 19:00;0.2500;1.2946;4.8600;-1.0446;-4.6100
2025-08-08 20:00;0.2900;1.2946;4.8500;-1.0046;-4.5600
2025-08-08 21:00;0.3000;1.2946;4.8300;-0.9946;-4.5300
2025-08-08 22:00;0.3100;1.2946;4.8200;-0.9846;-4.5100
2025-08-08 23:00;0.3000;1.2946;4.8100;-0.9946;-4.5100
2025-08-09 00:00;0.2900;1.2946;4.8000;-1.0046;-4.5100
2025-08-09 01:00;0.2800;1.2946;4.7800;-1.0146;-4.5000
2025-08-09 02:00;0.2500;1.2946;4.7700;-1.0446;-4.5200
2025-08-09 03:00;0.2300;1.2946;4.7600;-1.0646;-4.5300
2025-08-09 04:00;0.2100;1.2946;4.7400;-1.0846;-4.5300
2025-08-09 05:00;0.1900;1.2946;4.7300;-1.1046;-4.5400
2025-08-09 06:00;0.1700;1.2946;4.7200;-1.1246;-4.5500
2025-08-09 07:00;0.1500;1.2946;4.7000;-1.1446;-4.5500
2025-08-09 08:00;0.1400;1.2946;4.6900;-1.1546;-4.5500
2025-08-09 09:00;0.1200;1.2946;4.6700;-1.1746;-4.5500
2025-08-09 10:00;0.1000;1.2946;4.6600;-1.1946;-4.5600
2025-08-09 11:00;0.0800;1.2946;4.6500;-1.2146;-4.5700
2025-08-09 12:00;0.0500;1.2946;4.6400;-1.2446;-4.5900
2025-08-09 13:00;0.0400;1.2946;4.6200;-1.2546;-4.5800
2025-08-09 14:00;0.0300;1.2946;4.6100;-1.2646;-4.5800
2025-08-09 15:00;0.0400;1.2946;4.6000;-1.2546;-4.5600
2025-08-09 16:00;0.0700;1.2946;4.5900;-1.2246;-4.5200
2025-08-09 17:00;0.1200;1.2946;4.5700;-1.1746;-4.4500
2025-08-09 18:00;0.1800;1.2946;4.5600;-1.1146;-4.3800
2025-08-09 19:00;0.2100;1.2946;4.5500;-1.0846;-4.3400
2025-08-09 20:00;0.2200;1.2946;4.5400;-1.0746;-4.3200
2025-08-09 21:00;0.2300;1.2946;4.5300;-1.0646;-4.3000
2025-08-09 22:00;0.2500;1.2946;4.5200;-1.0446;-4.2700
2025-08-09 23:00;0.2600;1.2946;4.5100;-1.0346;-4.2500
2025-08-10 00:00;0.2600;1.2946;4.5000;-1.0346;-4.2400
2025-08-10 01:00;0.2500;1.2946;4.4900;-1.0446;-4.2400
2025-08-10 02:00;0.2300;1.2946;4.4700;-1.0646;-4.2400
2025-08-10 03:00;0.2000;1.2946;4.4600;-1.0946;-4.2600
2025-08-10 04:00;0.1800;1.2946;4.4500;-1.1146;-4.2700
2025-08-10 05:00;0.1600;1.2946;4.4400;-1.1346;-4.2800
2025-08-10 06:00;0.1400;1.2946;4.4300;-1.1546;-4.2900
2025-08-10 07:00;0.1400;1.2946;4.4100;-1.1546;-4.2700
2025-08-10 08:00;0.1300;1.2946;4.4000;-1.1646;-4.2700
2025-08-10 09:00;0.1200;1.2946;4.3900;-1.1746;-4.2700
2025-08-10 10:00;0.1000;1.2946;4.3800;-1.1946;-4.2800
2025-08-10 11:00;0.0800;1.2946;4.3700;-1.2146;-4.2900
2025-08-10 12:00;0.0600;1.2946;4.3600;-1.2346;-4.3000
2025-08-10 13:00;0.0600;1.2946;4.3500;-1.2346;-4.2900
2025-08-10 14:00;0.0600;1.2946;4.3300;-1.2346;-4.2700
2025-08-10 15:00;0.0700;1.2946;4.3200;-1.2246;-4.2500
2025-08-10 16:00;0.1100;1.2946;4.3100;-1.1846;-4.2000
2025-08-10 17:00;0.1700;1.2946;4.3000;-1.1246;-4.1300
2025-08-10 18:00;0.2200;1.2946;4.2900;-1.0746;-4.0700
2025-08-10 19:00;0.2500;1.2946;4.2800;-1.0446;-4.0300
2025-08-10 20:00;0.2600;1.2946;4.2700;-1.0346;-4.0100
2025-08-10 21:00;0.2600;1.2946;4.2600;-1.0346;-4.0000
2025-08-10 22:00;0.2600;1.2946;4.2500;-1.0346;-3.9900
2025-08-10 23:00;0.2500;1.2946;4.2400;-1.0446;-3.9900
2025-08-11 00:00;0.2400;1.2946;4.2300;-1.0546;-3.9900
2025-08-11 01:00;0.2200;1.2946;4.2200;-1.0746;-4.0000
2025-08-11 02:00;0.2000;1.2946;4.2100;-1.0946;-4.0100
2025-08-11 03:00;0.1800;1.2946;4.2000;-1.1146;-4.0200
2025-08-11 04:00;0.1600;1.2946;4.1900;-1.1346;-4.0300
2025-08-11 05:00;0.1400;1.2946;4.1800;-1.1546;-4.0400
2025-08-11 06:00;0.1200;1.2946;4.1700;-1.1746;-4.0500
2025-08-11 07:00;0.1100;1.2946;4.1600;-1.1846;-4.0500
2025-08-11 08:00;0.1000;1.2946;4.1500;-1.1946;-4.0500
2025-08-11 09:00;0.1000;1.2946;4.1400;-1.1946;-4.0400
2025-08-11 10:00;0.0800;1.2946;4.1300;-1.2146;-4.0500
2025-08-11 11:00;0.0800;1.2946;4.1200;-1.2146;-4.0400
2025-08-11 12:00;0.0700;1.2946;4.1100;-1.2246;-4.0400
2025-08-11 13:00;0.0700;1.2946;4.1000;-1.2246;-4.0300
2025-08-11 14:00;0.0700;1.2946;4.0900;-1.2246;-4.0200
2025-08-11 15:00;0.0800;1.2946;4.0800;-1.2146;-4.0000
2025-08-11 16:00;0.1100;1.2946;4.0700;-1.1846;-3.9600
2025-08-11 17:00;0.1500;1.2946;4.0600;-1.1446;-3.9100
2025-08-11 18:00;0.1800;1.2946;4.0600;-1.1146;-3.8800
2025-08-11 19:00;0.2200;1.2946;4.0500;-1.0746;-3.8300
2025-08-11 20:00;0.2700;1.2946;4.0400;-1.0246;-3.7700
2025-08-11 21:00;0.2800;1.2946;4.0300;-1.0146;-3.7500
2025-08-11 22:00;0.2900;1.2946;4.0200;-1.0046;-3.7300
2025-08-11 23:00;0.2800;1.2946;4.0100;-1.0146;-3.7300
2025-08-12 00:00;0.2800;1.2946;4.0000;-1.0146;-3.7200
2025-08-12 01:00;0.2500;1.2946;4.0000;-1.0446;-3.7500
2025-08-12 02:00;0.2200;1.2946;3.9900;-1.0746;-3.7700
2025-08-12 03:00;0.1900;1.2946;3.9800;-1.1046;-3.7900
2025-08-12 04:00;0.1600;1.2946;3.9700;-1.1346;-3.8100
2025-08-12 05:00;0.1400;1.2946;3.9600;-1.1546;-3.8200
2025-08-12 06:00;0.1300;1.2946;3.9500;-1.1646;-3.8200
2025-08-12 07:00;0.1200;1.2946;3.9400;-1.1746;-3.8200
2025-08-12 08:00;0.1100;1.2946;3.9300;-1.1846;-3.8200
2025-08-12 09:00;0.1100;1.2946;3.9200;-1.1846;-3.8100
2025-08-12 10:00;0.1000;1.2946;3.9200;-1.1946;-3.8200
2025-08-12 11:00;0.1000;1.2946;3.9100;-1.1946;-3.8100
2025-08-12 12:00;0.1000;1.2946;3.9000;-1.1946;-3.8000
2025-08-12 13:00;0.1000;1.2946;3.8900;-1.1946;-3.7900
2025-08-12 14:00;0.1300;1.2946;3.8800;-1.1646;-3.7500
2025-08-12 15:00;0.1900;1.2946;3.8700;-1.1046;-3.6800
2025-08-12 16:00;0.2300;1.2946;3.8600;-1.0646;-3.6300
2025-08-12 17:00;0.2600;1.2946;3.8600;-1.0346;-3.6000
2025-08-12 18:00;0.2600;1.2946;3.8500;-1.0346;-3.5900
2025-08-12 19:00;0.2600;1.2946;3.8400;-1.0346;-3.5800
2025-08-12 20:00;0.2500;1.2946;3.8300;-1.0446;-3.5800
2025-08-12 21:00;0.2400;1.2946;3.8300;-1.0546;-3.5900
2025-08-12 22:00;0.2300;1.2946;3.8200;-1.0646;-3.5900
2025-08-12 23:00;0.2100;1.2946;3.8100;-1.0846;-3.6000
2025-08-13 00:00;0.1800;1.2946;3.8000;-1.1146;-3.6200
2025-08-13 01:00;0.1600;1.2946;3.8000;-1.1346;-3.6400
2025-08-13 02:00;0.1400;1.2946;3.7900;-1.1546;-3.6500
2025-08-13 03:00;0.1200;1.2946;3.7800;-1.1746;-3.6600
2025-08-13 04:00;0.1000;1.2946;3.7700;-1.1946;-3.6700
2025-08-13 05:00;0.0900;1.2946;3.7700;-1.2046;-3.6800
2025-08-13 06:00;0.0800;1.2946;3.7600;-1.2146;-3.6800
2025-08-13 07:00;0.0800;1.2946;3.7500;-1.2146;-3.6700
2025-08-13 08:00;0.0700;1.2946;3.7400;-1.2246;-3.6700
2025-08-13 09:00;0.0700;1.2946;3.7300;-1.2246;-3.6600
2025-08-13 10:00;0.0700;1.2946;3.7300;-1.2246;-3.6600
2025-08-13 11:00;0.0700;1.2946;3.7200;-1.2246;-3.6500
2025-08-13 12:00;0.0700;1.2946;3.7100;-1.2246;-3.6400
2025-08-13 13:00;0.0900;1.2946;3.7000;-1.2046;-3.6100
2025-08-13 14:00;0.1400;1.2946;3.6900;-1.1546;-3.5500
2025-08-13 15:00;0.2000;1.2946;3.6900;-1.0946;-3.4900
2025-08-13 16:00;0.2500;1.2946;3.6800;-1.0446;-3.4300
2025-08-13 17:00;0.2700;1.2946;3.6700;-1.0246;-3.4000
2025-08-13 18:00;0.2800;1.2946;3.6600;-1.0146;-3.3800
2025-08-13 19:00;0.2800;1.2946;3.6600;-1.0146;-3.3800
2025-08-13 20:00;0.2800;1.2946;3.6500;-1.0146;-3.3700
2025-08-13 21:00;0.2700;1.2946;3.6400;-1.0246;-3.3700
2025-08-13 22:00;0.2500;1.2946;3.6400;-1.0446;-3.3900
2025-08-13 23:00;0.2200;1.2946;3.6300;-1.0746;-3.4100
2025-08-14 00:00;0.1900;1.2946;3.6200;-1.1046;-3.4300
2025-08-14 01:00;0.1600;1.2946;3.6200;-1.1346;-3.4600
2025-08-14 02:00;0.1400;1.2946;3.6100;-1.1546;-3.4700
2025-08-14 03:00;0.1200;1.2946;3.6000;-1.1746;-3.4800
2025-08-14 04:00;0.1100;1.2946;3.6000;-1.1846;-3.4900
2025-08-14 05:00;0.1000;1.2946;3.5900;-1.1946;-3.4900
2025-08-14 06:00;0.1000;1.2946;3.5800;-1.1946;-3.4800
2025-08-14 07:00;0.0900;1.2946;3.5700;-1.2046;-3.4800
2025-08-14 08:00;0.0900;1.2946;3.5700;-1.2046;-3.4800
2025-08-14 09:00;0.0900;1.2946;3.5600;-1.2046;-3.4700
2025-08-14 10:00;0.0900;1.2946;3.5500;-1.2046;-3.4600
2025-08-14 11:00;0.0900;1.2946;3.5500;-1.2046;-3.4600
2025-08-14 12:00;0.0900;1.2946;3.5400;-1.2046;-3.4500
2025-08-14 13:00;0.0900;1.2946;3.5300;-1.2046;-3.4400
2025-08-14 14:00;0.1000;1.2946;3.5200;-1.1946;-3.4200
2025-08-14 15:00;0.1500;1.2946;3.5200;-1.1446;-3.3700
2025-08-14 16:00;0.2000;1.2946;3.5100;-1.0946;-3.3100
2025-08-14 17:00;0.2400;1.2946;3.5000;-1.0546;-3.2600
2025-08-14 18:00;0.2600;1.2946;3.5000;-1.0346;-3.2400
2025-08-14 19:00;0.2600;1.2946;3.4900;-1.0346;-3.2300
2025-08-14 20:00;0.2500;1.2946;3.4900;-1.0446;-3.2400
2025-08-14 21:00;0.2300;1.2946;3.4800;-1.0646;-3.2500
2025-08-14 22:00;0.2100;1.2946;3.4700;-1.0846;-3.2600
2025-08-14 23:00;0.2000;1.2946;3.4700;-1.0946;-3.2700
2025-08-15 00:00;0.1800;1.2946;3.4600;-1.1146;-3.2800
2025-08-15 01:00;0.1600;1.2946;3.4600;-1.1346;-3.3000
2025-08-15 02:00;0.1400;1.2946;3.4500;-1.1546;-3.3100
2025-08-15 03:00;0.1200;1.2946;3.4400;-1.1746;-3.3200
2025-08-15 04:00;0.1100;1.2946;3.4400;-1.1846;-3.3300
2025-08-15 05:00;0.1000;1.2946;3.4300;-1.1946;-3.3300
2025-08-15 06:00;0.1000;1.2946;3.4200;-1.1946;-3.3200
2025-08-15 07:00;0.0900;1.2946;3.4200;-1.2046;-3.3300
2025-08-15 08:00;0.0800;1.2946;3.4100;-1.2146;-3.3300
2025-08-15 09:00;0.0800;1.2946;3.4100;-1.2146;-3.3300
2025-08-15 10:00;0.0800;1.2946;3.4000;-1.2146;-3.3200
2025-08-15 11:00;0.0700;1.2946;3.3900;-1.2246;-3.3200
2025-08-15 12:00;0.0700;1.2946;3.3900;-1.2246;-3.3200
2025-08-15 13:00;0.0700;1.2946;3.3800;-1.2246;-3.3100
2025-08-15 14:00;0.0700;1.2946;3.3700;-1.2246;-3.3000
2025-08-15 15:00;0.0900;1.2946;3.3700;-1.2046;-3.2800
2025-08-15 16:00;0.1500;1.2946;3.3600;-1.1446;-3.2100
2025-08-15 17:00;0.2000;1.2946;3.3600;-1.0946;-3.1600
2025-08-15 18:00;0.2200;1.2946;3.3500;-1.0746;-3.1300
2025-08-15 19:00;0.2300;1.2946;3.3400;-1.0646;-3.1100
2025-08-15 20:00;0.2200;1.2946;3.3400;-1.0746;-3.1200
2025-08-15 21:00;0.2100;1.2946;3.3300;-1.0846;-3.1200
2025-08-15 22:00;0.2000;1.2946;3.3300;-1.0946;-3.1300
2025-08-15 23:00;0.1900;1.2946;3.3200;-1.1046;-3.1300
2025-08-16 00:00;0.1700;1.2946;3.3200;-1.1246;-3.1500
2025-08-16 01:00;0.1500;1.2946;3.3100;-1.1446;-3.1600
2025-08-16 02:00;0.1300;1.2946;3.3000;-1.1646;-3.1700
2025-08-16 03:00;0.1100;1.2946;3.3000;-1.1846;-3.1900
2025-08-16 04:00;0.1000;1.2946;3.2900;-1.1946;-3.1900
2025-08-16 05:00;0.1000;1.2946;3.2900;-1.1946;-3.1900
2025-08-16 06:00;0.0900;1.2946;3.2800;-1.2046;-3.1900
2025-08-16 07:00;0.0900;1.2946;3.2800;-1.2046;-3.1900
2025-08-16 08:00;0.0900;1.2946;3.2700;-1.2046;-3.1800
2025-08-16 09:00;0.0900;1.2946;3.2600;-1.2046;-3.1700
2025-08-16 10:00;0.0800;1.2946;3.2600;-1.2146;-3.1800
2025-08-16 11:00;0.0800;1.2946;3.2500;-1.2146;-3.1700
2025-08-16 12:00;0.0800;1.2946;3.2500;-1.2146;-3.1700
2025-08-16 13:00;0.0800;1.2946;3.2400;-1.2146;-3.1600
2025-08-16 14:00;0.0900;1.2946;3.2400;-1.2046;-3.1500
2025-08-16 15:00;0.1400;1.2946;3.2300;-1.1546;-3.0900
2025-08-16 16:00;0.2000;1.2946;3.2200;-1.0946;-3.0200
2025-08-16 17:00;0.2400;1.2946;3.2200;-1.0546;-2.9800
2025-08-16 18:00;0.2600;1.2946;3.2100;-1.0346;-2.9500
2025-08-16 19:00;0.2600;1.2946;3.2100;-1.0346;-2.9500
2025-08-16 20:00;0.2600;1.2946;3.2000;-1.0346;-2.9400
2025-08-16 21:00;0.2500;1.2946;3.2000;-1.0446;-2.9500
2025-08-16 22:00;0.2400;1.2946;3.1900;-1.0546;-2.9500
2025-08-16 23:00;0.2300;1.2946;3.1900;-1.0646;-2.9600
2025-08-17 00:00;0.2100;1.2946;3.1800;-1.0846;-2.9700
2025-08-17 01:00;0.1800;1.2946;3.1800;-1.1146;-3.0000
2025-08-17 02:00;0.1600;1.2946;3.1700;-1.1346;-3.0100
2025-08-17 03:00;0.1400;1.2946;3.1700;-1.1546;-3.0300
2025-08-17 04:00;0.1300;1.2946;3.1600;-1.1646;-3.0300
2025-08-17 05:00;0.1200;1.2946;3.1600;-1.1746;-3.0400
2025-08-17 06:00;0.1200;1.2946;3.1500;-1.1746;-3.0300
2025-08-17 07:00;0.1100;1.2946;3.1500;-1.1846;-3.0400
2025-08-17 08:00;0.1100;1.2946;3.1400;-1.1846;-3.0300
2025-08-17 09:00;0.1100;1.2946;3.1400;-1.1846;-3.0300
2025-08-17 10:00;0.1100;1.2946;3.1300;-1.1846;-3.0200
2025-08-17 11:00;0.1000;1.2946;3.1200;-1.1946;-3.0200
2025-08-17 12:00;0.1000;1.2946;3.1200;-1.1946;-3.0200
2025-08-17 13:00;0.1000;1.2946;3.1100;-1.1946;-3.0100
2025-08-17 14:00;0.1100;1.2946;3.1100;-1.1846;-3.0000
2025-08-17 15:00;0.1500;1.2946;3.1000;-1.1446;-2.9500
2025-08-17 16:00;0.2100;1.2946;3.1000;-1.0846;-2.8900
2025-08-17 17:00;0.2500;1.2946;3.0900;-1.0446;-2.8400
2025-08-17 18:00;0.2700;1.2946;3.0900;-1.0246;-2.8200
2025-08-17 19:00;0.2700;1.2946;3.0800;-1.0246;-2.8100
2025-08-17 20:00;0.2600;1.2946;3.0800;-1.0346;-2.8200
2025-08-17 21:00;0.2400;1.2946;3.0700;-1.0546;-2.8300
2025-08-17 22:00;0.2200;1.2946;3.0700;-1.0746;-2.8500
2025-08-17 23:00;0.1900;1.2946;3.0600;-1.1046;-2.8700
2025-08-18 00:00;0.1700;1.2946;3.0600;-1.1246;-2.8900
2025-08-18 01:00;0.1500;1.2946;3.0500;-1.1446;-2.9000
2025-08-18 02:00;0.1500;1.2946;3.0500;-1.1446;-2.9000
2025-08-18 03:00;0.1900;1.2946;3.0500;-1.1046;-2.8600
2025-08-18 04:00;0.2400;1.2946;3.0400;-1.0546;-2.8000
2025-08-18 05:00;0.2700;1.2946;3.0400;-1.0246;-2.7700
2025-08-18 06:00;0.2800;1.2946;3.0300;-1.0146;-2.7500
2025-08-18 07:00;0.2800;1.2946;3.0300;-1.0146;-2.7500
2025-08-18 08:00;0.2800;1.2946;3.0200;-1.0146;-2.7400
2025-08-18 09:00;0.2600;1.2946;3.0200;-1.0346;-2.7600
2025-08-18 10:00;0.2400;1.2946;3.0100;-1.0546;-2.7700
2025-08-18 11:00;0.2000;1.2946;3.0100;-1.0946;-2.8100
2025-08-18 12:00;0.1600;1.2946;3.0000;-1.1346;-2.8400
2025-08-18 13:00;0.1500;1.2946;3.0000;-1.1446;-2.8500
2025-08-18 14:00;0.1900;1.2946;2.9900;-1.1046;-2.8000
2025-08-18 15:00;0.2400;1.2946;2.9900;-1.0546;-2.7500
2025-08-18 16:00;0.2600;1.2946;2.9800;-1.0346;-2.7200
2025-08-18 17:00;0.2700;1.2946;2.9800;-1.0246;-2.7100
2025-08-18 18:00;0.2700;1.2946;2.9700;-1.0246;-2.7000
2025-08-18 19:00;0.2500;1.2946;2.9700;-1.0446;-2.7200
2025-08-18 20:00;0.2300;1.2946;2.9700;-1.0646;-2.7400
2025-08-18 21:00;0.2100;1.2946;2.9600;-1.0846;-2.7500
2025-08-18 22:00;0.1900;1.2946;2.9600;-1.1046;-2.7700
2025-08-18 23:00;0.1500;1.2946;2.9500;-1.1446;-2.8000
2025-08-19 00:00;0.1100;1.2946;2.9500;-1.1846;-2.8400
2025-08-19 01:00;0.0800;1.2946;2.9500;-1.2146;-2.8700
2025-08-19 02:00;0.0900;1.2946;2.9400;-1.2046;-2.8500
2025-08-19 03:00;0.1400;1.2946;2.9400;-1.1546;-2.8000
2025-08-19 04:00;0.1900;1.2946;2.9300;-1.1046;-2.7400
2025-08-19 05:00;0.2100;1.2946;2.9300;-1.0846;-2.7200
2025-08-19 06:00;0.2200;1.2946;2.9200;-1.0746;-2.7000
2025-08-19 07:00;0.2200;1.2946;2.9200;-1.0746;-2.7000
2025-08-19 08:00;0.2100;1.2946;2.9200;-1.0846;-2.7100
2025-08-19 09:00;0.2100;1.2946;2.9100;-1.0846;-2.7000
2025-08-19 10:00;0.1900;1.2946;2.9100;-1.1046;-2.7200
2025-08-19 11:00;0.1500;1.2946;2.9100;-1.1446;-2.7600
2025-08-19 12:00;0.1100;1.2946;2.9000;-1.1846;-2.7900
2025-08-19 13:00;0.0800;1.2946;2.9000;-1.2146;-2.8200
2025-08-19 14:00;0.0700;1.2946;2.9000;-1.2246;-2.8300
2025-08-19 15:00;0.1100;1.2946;2.8900;-1.1846;-2.7800
2025-08-19 16:00;0.1400;1.2946;2.8900;-1.1546;-2.7500
2025-08-19 17:00;0.1600;1.2946;2.8900;-1.1346;-2.7300
2025-08-19 18:00;0.1600;1.2946;2.8800;-1.1346;-2.7200
2025-08-19 19:00;0.1500;1.2946;2.8800;-1.1446;-2.7300
2025-08-19 20:00;0.1500;1.2946;2.8900;-1.1446;-2.7400
2025-08-19 21:00;0.1400;1.2946;2.9200;-1.1546;-2.7800
2025-08-19 22:00;0.1300;1.2946;2.9800;-1.1646;-2.8500
2025-08-19 23:00;0.1200;1.2946;3.0600;-1.1746;-2.9400
2025-08-20 00:00;0.1000;1.2946;3.1700;-1.1946;-3.0700
2025-08-20 01:00;0.0900;1.2946;3.2900;-1.2046;-3.2000
2025-08-20 02:00;0.0900;1.2946;3.4000;-1.2046;-3.3100
2025-08-20 03:00;0.1300;1.2946;3.4800;-1.1646;-3.3500
2025-08-20 04:00;0.1700;1.2946;3.5300;-1.1246;-3.3600
2025-08-20 05:00;0.2000;1.2946;3.5400;-1.0946;-3.3400
2025-08-20 06:00;0.2200;1.2946;3.5200;-1.0746;-3.3000
2025-08-20 07:00;0.2300;1.2946;3.4700;-1.0646;-3.2400
2025-08-20 08:00;0.2500;1.2946;3.4200;-1.0446;-3.1700
2025-08-20 09:00;0.2500;1.2946;3.3700;-1.0446;-3.1200
2025-08-20 10:00;0.2400;1.2946;3.3200;-1.0546;-3.0800
2025-08-20 11:00;0.2100;1.2946;3.2800;-1.0846;-3.0700
2025-08-20 12:00;0.2000;1.2946;3.2500;-1.0946;-3.0500
2025-08-20 13:00;0.2000;1.2946;3.2300;-1.0946;-3.0300
2025-08-20 14:00;0.2000;1.2946;3.2200;-1.0946;-3.0200
2025-08-20 15:00;0.2800;1.2946;3.2200;-1.0146;-2.9400
2025-08-20 16:00;0.3100;1.2946;3.2100;-0.9846;-2.9000
2025-08-20 17:00;0.3200;1.2946;3.2100;-0.9746;-2.8900
2025-08-20 18:00;0.3300;1.2946;3.2000;-0.9646;-2.8700
2025-08-20 19:00;0.3300;1.2946;3.2000;-0.9646;-2.8700
2025-08-20 20:00;0.3300;1.2946;3.2100;-0.9646;-2.8800
2025-08-20 21:00;0.3200;1.2946;3.2200;-0.9746;-2.9000
2025-08-20 22:00;0.3100;1.2946;3.2300;-0.9846;-2.9200
2025-08-20 23:00;0.3000;1.2946;3.2500;-0.9946;-2.9500
2025-08-21 00:00;0.3000;1.2946;3.2800;-0.9946;-2.9800
2025-08-21 01:00;0.3000;1.2946;3.3300;-0.9946;-3.0300
2025-08-21 02:00;0.3100;1.2946;3.5000;-0.9846;-3.1900
2025-08-21 03:00;0.3300;1.2946;3.9000;-0.9646;-3.5700
2025-08-21 04:00;0.3400;1.2946;4.6500;-0.9546;-4.3100
2025-08-21 05:00;0.3500;1.2946;5.7500;-0.9446;-5.4000
2025-08-21 06:00;0.3500;1.2946;7.0600;-0.9446;-6.7100
2025-08-21 07:00;0.3500;1.2946;8.3100;-0.9446;-7.9600
2025-08-21 08:00;0.3600;1.2946;9.3200;-0.9346;-8.9600
2025-08-21 09:00;0.3500;1.2946;10.0400;-0.9446;-9.6900
2025-08-21 10:00;0.3500;1.2946;10.5100;-0.9446;-10.1600
2025-08-21 11:00;0.3600;1.2946;10.8100;-0.9346;-10.4500
2025-08-21 12:00;0.3700;1.2946;10.9700;-0.9246;-10.6000
2025-08-21 13:00;0.3900;1.2946;11.0500;-0.9046;-10.6600
2025-08-21 14:00;0.4000;1.2946;11.0600;-0.8946;-10.6600
2025-08-21 15:00;0.4100;1.2946;11.0300;-0.8846;-10.6200
2025-08-21 16:00;0.5100;1.2946;10.9600;-0.7846;-10.4500
2025-08-21 17:00;1.4000;1.2946;10.8900;0.1054;-9.4900
2025-08-21 18:00;1.6200;1.2946;10.8100;0.3254;-9.1900
2025-08-21 19:00;1.8000;1.2946;10.7100;0.5054;-8.9100
2025-08-21 20:00;2.2300;1.2946;10.6000;0.9354;-8.3700
2025-08-21 21:00;2.7800;1.2946;10.4800;1.4854;-7.7000
2025-08-21 22:00;3.3600;1.2946;10.3600;2.0654;-7.0000
2025-08-21 23:00;4.2400;1.2946;10.2300;2.9454;-5.9900
2025-08-22 00:00;5.1200;1.2946;10.1100;3.8254;-4.9900
2025-08-22 01:00;5.2100;1.2946;9.9800;3.9154;-4.7700
2025-08-22 02:00;4.9300;1.2946;9.8600;3.6354;-4.9300
2025-08-22 03:00;4.5300;1.2946;9.7500;3.2354;-5.2200
2025-08-22 04:00;4.1900;1.2946;9.6300;2.8954;-5.4400
2025-08-22 05:00;3.4900;1.2946;9.5200;2.1954;-6.0300
2025-08-22 06:00;2.8900;1.2946;9.4200;1.5954;-6.5300
2025-08-22 07:00;2.5700;1.2946;9.3200;1.2754;-6.7500
2025-08-22 08:00;2.3600;1.2946;9.2200;1.0654;-6.8600
2025-08-22 09:00;1.4900;1.2946;9.1300;0.1954;-7.6400
2025-08-22 10:00;0.9800;1.2946;9.0500;-0.3146;-8.0700
2025-08-22 11:00;0.5900;1.2946;8.9600;-0.7046;-8.3700
2025-08-22 12:00;0.7000;1.2946;8.8800;-0.5946;-8.1800
2025-08-22 13:00;1.1600;1.2946;8.8100;-0.1346;-7.6500
2025-08-22 14:00;1.3300;1.2946;8.7300;0.0354;-7.4000
2025-08-22 15:00;1.2000;1.2946;8.6600;-0.0946;-7.4600
2025-08-22 16:00;0.8400;1.2946;8.5900;-0.4546;-7.7500
2025-08-22 17:00;0.5500;1.2946;8.5300;-0.7446;-7.9800
2025-08-22 18:00;0.4400;1.2946;8.4600;-0.8546;-8.0200
2025-08-22 19:00;0.4600;1.2946;8.4000;-0.8346;-7.9400
2025-08-22 20:00;0.4300;1.2946;8.3300;-0.8646;-7.9000
2025-08-22 21:00;0.4300;1.2946;8.2700;-0.8646;-7.8400
2025-08-22 22:00;0.4200;1.2946;8.2100;-0.8746;-7.7900
2025-08-22 23:00;0.4200;1.2946;8.1400;-0.8746;-7.7200
2025-08-23 00:00;0.4100;1.2946;8.0800;-0.8846;-7.6700
2025-08-23 01:00;0.4100;1.2946;8.0200;-0.8846;-7.6100
2025-08-23 02:00;0.4100;1.2946;7.9600;-0.8846;-7.5500
2025-08-23 03:00;0.4100;1.2946;7.9000;-0.8846;-7.4900
2025-08-23 04:00;0.4100;1.2946;7.8400;-0.8846;-7.4300
2025-08-23 05:00;0.4100;1.2946;7.7800;-0.8846;-7.3700
2025-08-23 06:00;0.4100;1.2946;7.7200;-0.8846;-7.3100
2025-08-23 07:00;0.4100;1.2946;7.6700;-0.8846;-7.2600
2025-08-23 08:00;0.4000;1.2946;7.6100;-0.8946;-7.2100
2025-08-23 09:00;0.4000;1.2946;7.5600;-0.8946;-7.1600
2025-08-23 10:00;0.4000;1.2946;7.5100;-0.8946;-7.1100
2025-08-23 11:00;0.3900;1.2946;7.4600;-0.9046;-7.0700
2025-08-23 12:00;0.3900;1.2946;7.4100;-0.9046;-7.0200
2025-08-23 13:00;0.3900;1.2946;7.3600;-0.9046;-6.9700
2025-08-23 14:00;0.3900;1.2946;7.3200;-0.9046;-6.9300
2025-08-23 15:00;0.3900;1.2946;7.2800;-0.9046;-6.8900
2025-08-23 16:00;0.3900;1.2946;7.2300;-0.9046;-6.8400
2025-08-23 17:00;0.3900;1.2946;7.1900;-0.9046;-6.8000
2025-08-23 18:00;0.3800;1.2946;7.1600;-0.9146;-6.7800
2025-08-23 19:00;0.3800;1.2946;7.1300;-0.9146;-6.7500
2025-08-23 20:00;0.3700;1.2946;7.1300;-0.9246;-6.7600
2025-08-23 21:00;0.3600;1.2946;7.1700;-0.9346;-6.8100
2025-08-23 22:00;0.3600;1.2946;7.2800;-0.9346;-6.9200
2025-08-23 23:00;0.3500;1.2946;7.4700;-0.9446;-7.1200
2025-08-24 00:00;0.3500;1.2946;7.7600;-0.9446;-7.4100
2025-08-24 01:00;0.3600;1.2946;8.1300;-0.9346;-7.7700
2025-08-24 02:00;0.3700;1.2946;8.5300;-0.9246;-8.1600
2025-08-24 03:00;0.3700;1.2946;8.9400;-0.9246;-8.5700
2025-08-24 04:00;0.3800;1.2946;9.2900;-0.9146;-8.9100
2025-08-24 05:00;0.3800;1.2946;9.5800;-0.9146;-9.2000
2025-08-24 06:00;0.3800;1.2946;9.8000;-0.9146;-9.4200
2025-08-24 07:00;0.3800;1.2946;9.9300;-0.9146;-9.5500
2025-08-24 08:00;0.3800;1.2946;10.0000;-0.9146;-9.6200
2025-08-24 09:00;0.3700;1.2946;10.0200;-0.9246;-9.6500
2025-08-24 10:00;0.3600;1.2946;10.0000;-0.9346;-9.6400
2025-08-24 11:00;0.3500;1.2946;9.9400;-0.9446;-9.5900
2025-08-24 12:00;0.3500;1.2946;9.8700;-0.9446;-9.5200
2025-08-24 13:00;0.3600;1.2946;9.7800;-0.9346;-9.4200
2025-08-24 14:00;0.3700;1.2946;9.6900;-0.9246;-9.3200
2025-08-24 15:00;0.3700;1.2946;9.5900;-0.9246;-9.2200
2025-08-24 16:00;0.3800;1.2946;9.4900;-0.9146;-9.1100
2025-08-24 17:00;0.3900;1.2946;9.3900;-0.9046;-9.0000
2025-08-24 18:00;0.3900;1.2946;9.3000;-0.9046;-8.9100
2025-08-24 19:00;0.3900;1.2946;9.2100;-0.9046;-8.8200
2025-08-24 20:00;0.3900;1.2946;9.1400;-0.9046;-8.7500
2025-08-24 21:00;0.3900;1.2946;9.1000;-0.9046;-8.7100
2025-08-24 22:00;0.3900;1.2946;9.1100;-0.9046;-8.7200
2025-08-24 23:00;0.3900;1.2946;9.2100;-0.9046;-8.8200
2025-08-25 00:00;0.4000;1.2946;9.4000;-0.8946;-9.0000
2025-08-25 01:00;0.4100;1.2946;9.6800;-0.8846;-9.2700
2025-08-25 02:00;0.4100;1.2946;10.0100;-0.8846;-9.6000
2025-08-25 03:00;0.4200;1.2946;10.3500;-0.8746;-9.9300
2025-08-25 04:00;0.4200;1.2946;10.6500;-0.8746;-10.2300
2025-08-25 05:00;0.4300;1.2946;10.8800;-0.8646;-10.4500
2025-08-25 06:00;0.4300;1.2946;11.0300;-0.8646;-10.6000
2025-08-25 07:00;0.4300;1.2946;11.0900;-0.8646;-10.6600
2025-08-25 08:00;0.4300;1.2946;11.0700;-0.8646;-10.6400
2025-08-25 09:00;0.4400;1.2946;10.9900;-0.8546;-10.5500
2025-08-25 10:00;0.5600;1.2946;10.8700;-0.7346;-10.3100
2025-08-25 11:00;1.2400;1.2946;10.7300;-0.0546;-9.4900
2025-08-25 12:00;1.5700;1.2946;10.5800;0.2754;-9.0100
2025-08-25 13:00;1.4400;1.2946;10.4200;0.1454;-8.9800
2025-08-25 14:00;1.4700;1.2946;10.2600;0.1754;-8.7900
2025-08-25 15:00;1.2700;1.2946;10.1100;-0.0246;-8.8400
2025-08-25 16:00;0.8700;1.2946;9.9600;-0.4246;-9.0900
2025-08-25 17:00;0.4400;1.2946;9.8200;-0.8546;-9.3800
2025-08-25 18:00;0.4400;1.2946;9.6900;-0.8546;-9.2500
2025-08-25 19:00;0.4300;1.2946;9.5600;-0.8646;-9.1300
2025-08-25 20:00;0.4300;1.2946;9.4400;-0.8646;-9.0100
2025-08-25 21:00;0.4200;1.2946;9.3300;-0.8746;-8.9100
2025-08-25 22:00;0.4000;1.2946;9.2200;-0.8946;-8.8200
2025-08-25 23:00;0.4000;1.2946;9.1100;-0.8946;-8.7100
2025-08-26 00:00;0.3900;1.2946;9.0100;-0.9046;-8.6200
2025-08-26 01:00;0.4000;1.2946;8.9200;-0.8946;-8.5200
2025-08-26 02:00;0.4000;1.2946;8.8200;-0.8946;-8.4200
2025-08-26 03:00;0.4000;1.2946;8.7300;-0.8946;-8.3300
2025-08-26 04:00;0.4000;1.2946;8.6500;-0.8946;-8.2500
2025-08-26 05:00;0.4000;1.2946;8.5600;-0.8946;-8.1600
2025-08-26 06:00;0.4000;1.2946;8.4800;-0.8946;-8.0800
2025-08-26 07:00;0.3900;1.2946;8.4100;-0.9046;-8.0200
2025-08-26 08:00;0.3900;1.2946;8.3300;-0.9046;-7.9400
2025-08-26 09:00;0.3800;1.2946;8.2600;-0.9146;-7.8800
2025-08-26 10:00;0.3800;1.2946;8.1900;-0.9146;-7.8100
2025-08-26 11:00;0.3800;1.2946;8.1300;-0.9146;-7.7500
2025-08-26 12:00;0.3800;1.2946;8.0600;-0.9146;-7.6800
2025-08-26 13:00;0.3900;1.2946;8.0000;-0.9046;-7.6100
2025-08-26 14:00;0.4000;1.2946;7.9400;-0.8946;-7.5400
2025-08-26 15:00;0.4000;1.2946;7.8800;-0.8946;-7.4800
2025-08-26 16:00;0.4000;1.2946;7.8300;-0.8946;-7.4300
2025-08-26 17:00;0.3900;1.2946;7.7700;-0.9046;-7.3800
2025-08-26 18:00;0.3900;1.2946;7.7200;-0.9046;-7.3300
2025-08-26 19:00;0.3800;1.2946;7.6700;-0.9146;-7.2900
2025-08-26 20:00;0.3700;1.2946;7.6100;-0.9246;-7.2400
2025-08-26 21:00;0.3600;1.2946;7.5600;-0.9346;-7.2000
2025-08-26 22:00;0.3400;1.2946;7.5100;-0.9546;-7.1700
2025-08-26 23:00;0.3100;1.2946;7.4600;-0.9846;-7.1500
2025-08-27 00:00;0.2900;1.2946;7.4100;-1.0046;-7.1200
2025-08-27 01:00;0.2900;1.2946;7.3600;-1.0046;-7.0700
2025-08-27 02:00;0.3000;1.2946;7.3100;-0.9946;-7.0100
2025-08-27 03:00;0.3000;1.2946;7.2600;-0.9946;-6.9600
2025-08-27 04:00;0.3000;1.2946;7.2200;-0.9946;-6.9200
2025-08-27 05:00;0.3000;1.2946;7.1700;-0.9946;-6.8700
2025-08-27 06:00;0.2900;1.2946;7.1200;-1.0046;-6.8300
2025-08-27 07:00;0.2800;1.2946;7.0700;-1.0146;-6.7900
2025-08-27 08:00;0.2400;1.2946;7.0300;-1.0546;-6.7900
2025-08-27 09:00;0.1700;1.2946;6.9900;-1.1246;-6.8200
2025-08-27 10:00;0.1200;1.2946;6.9400;-1.1746;-6.8200
2025-08-27 11:00;0.1100;1.2946;6.9000;-1.1846;-6.7900
2025-08-27 12:00;0.1700;1.2946;6.8700;-1.1246;-6.7000
2025-08-27 13:00;0.2400;1.2946;6.8300;-1.0546;-6.5900
2025-08-27 14:00;0.2800;1.2946;6.7900;-1.0146;-6.5100
2025-08-27 15:00;0.2900;1.2946;6.7600;-1.0046;-6.4700
2025-08-27 16:00;0.3000;1.2946;6.7200;-0.9946;-6.4200
2025-08-27 17:00;0.3000;1.2946;6.6900;-0.9946;-6.3900
2025-08-27 18:00;0.2900;1.2946;6.6500;-1.0046;-6.3600
2025-08-27 19:00;0.2800;1.2946;6.6200;-1.0146;-6.3400
2025-08-27 20:00;0.2600;1.2946;6.5900;-1.0346;-6.3300
2025-08-27 21:00;0.2000;1.2946;6.5600;-1.0946;-6.3600
2025-08-27 22:00;0.1400;1.2946;6.5300;-1.1546;-6.3900
2025-08-27 23:00;0.0900;1.2946;6.5000;-1.2046;-6.4100
2025-08-28 00:00;0.0700;1.2946;6.4700;-1.2246;-6.4000
2025-08-28 01:00;0.0700;1.2946;6.4400;-1.2246;-6.3700
2025-08-28 02:00;0.0700;1.2946;6.4100;-1.2246;-6.3400
2025-08-28 03:00;0.0600;1.2946;6.3800;-1.2346;-6.3200
2025-08-28 04:00;0.0500;1.2946;6.3500;-1.2446;-6.3000
2025-08-28 05:00;0.0400;1.2946;6.3300;-1.2546;-6.2900
2025-08-28 06:00;0.0400;1.2946;6.3100;-1.2546;-6.2700
2025-08-28 07:00;0.0400;1.2946;6.3000;-1.2546;-6.2600
2025-08-28 08:00;0.0400;1.2946;6.2800;-1.2546;-6.2400
2025-08-28 09:00;0.0500;1.2946;6.2700;-1.2446;-6.2200
2025-08-28 10:00;0.0400;1.2946;6.2600;-1.2546;-6.2200
2025-08-28 11:00;0.0400;1.2946;6.2500;-1.2546;-6.2100
2025-08-28 12:00;0.0500;1.2946;6.2300;-1.2446;-6.1800
2025-08-28 13:00;0.1200;1.2946;6.2200;-1.1746;-6.1000
2025-08-28 14:00;0.1900;1.2946;6.2000;-1.1046;-6.0100
2025-08-28 15:00;0.2400;1.2946;6.1700;-1.0546;-5.9300
2025-08-28 16:00;0.2600;1.2946;6.1500;-1.0346;-5.8900
2025-08-28 17:00;0.2700;1.2946;6.1300;-1.0246;-5.8600
2025-08-28 18:00;0.2700;1.2946;6.1000;-1.0246;-5.8300
2025-08-28 19:00;0.2700;1.2946;6.0700;-1.0246;-5.8000
2025-08-28 20:00;0.2600;1.2946;6.0500;-1.0346;-5.7900
2025-08-28 21:00;0.2500;1.2946;6.0200;-1.0446;-5.7700
2025-08-28 22:00;0.2300;1.2946;6.0000;-1.0646;-5.7700
2025-08-28 23:00;0.2500;1.2946;5.9800;-1.0446;-5.7300
2025-08-29 00:00;0.2600;1.2946;5.9800;-1.0346;-5.7200
2025-08-29 01:00;0.2600;1.2946;6.0000;-1.0346;-5.7400
2025-08-29 02:00;0.2500;1.2946;6.0900;-1.0446;-5.8400
2025-08-29 03:00;0.2500;1.2946;6.3100;-1.0446;-6.0600
2025-08-29 04:00;0.2600;1.2946;6.7700;-1.0346;-6.5100
2025-08-29 05:00;0.2800;1.2946;7.5900;-1.0146;-7.3100
2025-08-29 06:00;0.2800;1.2946;8.8700;-1.0146;-8.5900
2025-08-29 07:00;0.2900;1.2946;10.5300;-1.0046;-10.2400
2025-08-29 08:00;0.3000;1.2946;12.2900;-0.9946;-11.9900
2025-08-29 09:00;0.3100;1.2946;13.7900;-0.9846;-13.4800
2025-08-29 10:00;0.3100;1.2946;14.8000;-0.9846;-14.4900
2025-08-29 11:00;0.3100;1.2946;15.3100;-0.9846;-15.0000
2025-08-29 12:00;0.3300;1.2946;15.4400;-0.9646;-15.1100
2025-08-29 13:00;0.3600;1.2946;15.3200;-0.9346;-14.9600
2025-08-29 14:00;0.3800;1.2946;15.0700;-0.9146;-14.6900
2025-08-29 15:00;0.3900;1.2946;14.7700;-0.9046;-14.3800
2025-08-29 16:00;0.4000;1.2946;14.4600;-0.8946;-14.0600
2025-08-29 17:00;0.4100;1.2946;14.1600;-0.8846;-13.7500
2025-08-29 18:00;0.4100;1.2946;13.8700;-0.8846;-13.4600
2025-08-29 19:00;0.4200;1.2946;13.6000;-0.8746;-13.1800
2025-08-29 20:00;0.4200;1.2946;13.3600;-0.8746;-12.9400
2025-08-29 21:00;0.4200;1.2946;13.1400;-0.8746;-12.7200
2025-08-29 22:00;0.4200;1.2946;12.9400;-0.8746;-12.5200
2025-08-29 23:00;0.4300;1.2946;12.7500;-0.8646;-12.3200
2025-08-30 00:00;0.4300;1.2946;12.5800;-0.8646;-12.1500
2025-08-30 01:00;0.4400;1.2946;12.4200;-0.8546;-11.9800
2025-08-30 02:00;0.4600;1.2946;12.2700;-0.8346;-11.8100
2025-08-30 03:00;0.7700;1.2946;12.1200;-0.5246;-11.3500
2025-08-30 04:00;0.6200;1.2946;11.9800;-0.6746;-11.3600
2025-08-30 05:00;0.6000;1.2946;11.8500;-0.6946;-11.2500
2025-08-30 06:00;0.7600;1.2946;11.7300;-0.5346;-10.9700
2025-08-30 07:00;0.7200;1.2946;11.6100;-0.5746;-10.8900
2025-08-30 08:00;0.6000;1.2946;11.5000;-0.6946;-10.9000
2025-08-30 09:00;0.4500;1.2946;11.3900;-0.8446;-10.9400
2025-08-30 10:00;0.4400;1.2946;11.3000;-0.8546;-10.8600
2025-08-30 11:00;0.5500;1.2946;11.2400;-0.7446;-10.6900
2025-08-30 12:00;1.2000;1.2946;11.2200;-0.0946;-10.0200
2025-08-30 13:00;1.4300;1.2946;11.2800;0.1354;-9.8500
2025-08-30 14:00;1.4100;1.2946;11.4500;0.1154;-10.0400
2025-08-30 15:00;1.2000;1.2946;11.7500;-0.0946;-10.5500
2025-08-30 16:00;0.9500;1.2946;12.2100;-0.3446;-11.2600
2025-08-30 17:00;0.6500;1.2946;12.8000;-0.6446;-12.1500
2025-08-30 18:00;0.4400;1.2946;13.4800;-0.8546;-13.0400
2025-08-30 19:00;0.4300;1.2946;14.1900;-0.8646;-13.7600
2025-08-30 20:00;0.4300;1.2946;14.8800;-0.8646;-14.4500
2025-08-30 21:00;0.4300;1.2946;15.4800;-0.8646;-15.0500
2025-08-30 22:00;0.4200;1.2946;15.9800;-0.8746;-15.5600
2025-08-30 23:00;0.4200;1.2946;16.3600;-0.8746;-15.9400
2025-08-31 00:00;0.4100;1.2946;16.6300;-0.8846;-16.2200
2025-08-31 01:00;0.4000;1.2946;16.8000;-0.8946;-16.4000
2025-08-31 02:00;0.3900;1.2946;16.8700;-0.9046;-16.4800
2025-08-31 03:00;0.3800;1.2946;16.8700;-0.9146;-16.4900
2025-08-31 04:00;0.3700;1.2946;16.8100;-0.9246;-16.4400
2025-08-31 05:00;0.3600;1.2946;16.7000;-0.9346;-16.3400
2025-08-31 06:00;0.3500;1.2946;16.5500;-0.9446;-16.2000
2025-08-31 07:00;0.3300;1.2946;16.3800;-0.9646;-16.0500
2025-08-31 08:00;0.3200;1.2946;16.1800;-0.9746;-15.8600
2025-08-31 09:00;0.3200;1.2946;15.9800;-0.9746;-15.6600
2025-08-31 10:00;0.3600;1.2946;15.7700;-0.9346;-15.4100
2025-08-31 11:00;0.3800;1.2946;15.5600;-0.9146;-15.1800
2025-08-31 12:00;0.4000;1.2946;15.3600;-0.8946;-14.9600
2025-08-31 13:00;0.4200;1.2946;15.1600;-0.8746;-14.7400
2025-08-31 14:00;0.4300;1.2946;14.9700;-0.8646;-14.5400
2025-08-31 15:00;0.6800;1.2946;14.7900;-0.6146;-14.1100
2025-08-31 16:00;0.8000;1.2946;14.6100;-0.4946;-13.8100
2025-08-31 17:00;0.5400;1.2946;14.4400;-0.7546;-13.9000
2025-08-31 18:00;0.5700;1.2946;14.2800;-0.7246;-13.7100
2025-08-31 19:00;0.5900;1.2946;14.1200;-0.7046;-13.5300
2025-08-31 20:00;0.5400;1.2946;13.9700;-0.7546;-13.4300
2025-08-31 21:00;0.4400;1.2946;13.8200;-0.8546;-13.3800
2025-08-31 22:00;0.4400;1.2946;13.6700;-0.8546;-13.2300
2025-08-31 23:00;0.4300;1.2946;13.5200;-0.8646;-13.0900
2025-09-01 00:00;0.4300;1.2946;13.3800;-0.8646;-12.9500
2025-09-01 01:00;0.4300;1.2946;13.2400;-0.8646;-12.8100
2025-09-01 02:00;0.4200;1.2946;13.1000;-0.8746;-12.6800
2025-09-01 03:00;0.4200;1.2946;12.9700;-0.8746;-12.5500
2025-09-01 04:00;0.4200;1.2946;12.8300;-0.8746;-12.4100
2025-09-01 05:00;0.4100;1.2946;12.7100;-0.8846;-12.3000
2025-09-01 06:00;0.4100;1.2946;12.5800;-0.8846;-12.1700
2025-09-01 07:00;0.4000;1.2946;12.4600;-0.8946;-12.0600
2025-09-01 08:00;0.4000;1.2946;12.3500;-0.8946;-11.9500
2025-09-01 09:00;0.3900;1.2946;12.2300;-0.9046;-11.8400
2025-09-01 10:00;0.3800;1.2946;12.1300;-0.9146;-11.7500
2025-09-01 11:00;0.3800;1.2946;12.0200;-0.9146;-11.6400
2025-09-01 12:00;0.3800;1.2946;11.9200;-0.9146;-11.5400
2025-09-01 13:00;0.3800;1.2946;11.8300;-0.9146;-11.4500
2025-09-01 14:00;0.3900;1.2946;11.7300;-0.9046;-11.3400
2025-09-01 15:00;0.3900;1.2946;11.6400;-0.9046;-11.2500
2025-09-01 16:00;0.3900;1.2946;11.5500;-0.9046;-11.1600
2025-09-01 17:00;0.3900;1.2946;11.4600;-0.9046;-11.0700
2025-09-01 18:00;0.3800;1.2946;11.3800;-0.9146;-11.0000
2025-09-01 19:00;0.3800;1.2946;11.2900;-0.9146;-10.9100
2025-09-01 20:00;0.3700;1.2946;11.2100;-0.9246;-10.8400
2025-09-01 21:00;0.3500;1.2946;11.1200;-0.9446;-10.7700
2025-09-01 22:00;0.3300;1.2946;11.0400;-0.9646;-10.7100
2025-09-01 23:00;0.3000;1.2946;10.9600;-0.9946;-10.6600
2025-09-02 00:00;0.2400;1.2946;10.8700;-1.0546;-10.6300
2025-09-02 01:00;0.1300;1.2946;10.7900;-1.1646;-10.6600
2025-09-02 02:00;0.0500;1.2946;10.7100;-1.2446;-10.6600
2025-09-02 03:00;0.0400;1.2946;10.6300;-1.2546;-10.5900
2025-09-02 04:00;0.0400;1.2946;10.5400;-1.2546;-10.5000
2025-09-02 05:00;0.0500;1.2946;10.4700;-1.2446;-10.4200
2025-09-02 06:00;0.0700;1.2946;10.4300;-1.2246;-10.3600
2025-09-02 07:00;0.1100;2.5161;10.5800;-2.4061;-10.4700
2025-09-02 08:00;0.1400;10.4639;11.5000;-10.3239;-11.3600
2025-09-02 09:00;0.1600;18.5727;14.3500;-18.4127;-14.1900
2025-09-02 10:00;0.1900;18.5955;20.8600;-18.4055;-20.6700
2025-09-02 11:00;0.2100;21.2861;33.0100;-21.0761;-32.8000
2025-09-02 12:00;0.2700;22.7694;50.2200;-22.4994;-49.9500
2025-09-02 13:00;0.3500;25.3796;68.1500;-25.0296;-67.8000
2025-09-02 14:00;0.3900;15.7389;81.6900;-15.3489;-81.3000
2025-09-02 15:00;0.4200;10.7096;88.5100;-10.2896;-88.0900
2025-09-02 16:00;12.8100;4.1994;89.1700;8.6106;-76.3600
2025-09-02 17:00;25.8600;2.4242;85.6800;23.4358;-59.8200
2025-09-02 18:00;25.1300;1.8005;80.0900;23.3295;-54.9600
2025-09-02 19:00;24.5800;1.6181;73.8000;22.9619;-49.2200
2025-09-02 20:00;22.7500;1.5063;67.6700;21.2437;-44.9200
2025-09-02 21:00;21.1600;1.4308;62.0600;19.7292;-40.9000
2025-09-02 22:00;19.6500;1.3701;57.0900;18.2799;-37.4400
2025-09-02 23:00;17.1700;1.3271;52.7500;15.8429;-35.5800
2025-09-03 00:00;15.5500;1.2996;49.0000;14.2504;-33.4500
2025-09-03 01:00;14.3300;1.2946;45.7800;13.0354;-31.4500
2025-09-03 02:00;13.3100;1.2946;43.0200;12.0154;-29.7100
2025-09-03 03:00;12.4900;1.2946;40.6600;11.1954;-28.1700
2025-09-03 04:00;11.8400;1.2946;38.6400;10.5454;-26.8000
2025-09-03 05:00;10.9000;1.2946;36.8900;9.6054;-25.9900
2025-09-03 06:00;9.8400;1.2946;35.3800;8.5454;-25.5400
2025-09-03 07:00;9.9200;1.2946;34.0500;8.6254;-24.1300
2025-09-03 08:00;11.4300;1.2946;32.8800;10.1354;-21.4500
2025-09-03 09:00;12.3700;1.2946;31.8400;11.0754;-19.4700
2025-09-03 10:00;10.6200;1.2946;30.9100;9.3254;-20.2900
2025-09-03 11:00;8.2600;1.2946;30.0700;6.9654;-21.8100
2025-09-03 12:00;7.0300;1.2946;29.3100;5.7354;-22.2800
2025-09-03 13:00;5.6400;1.2946;28.6100;4.3454;-22.9700
2025-09-03 14:00;5.2700;1.2946;27.9600;3.9754;-22.6900
2025-09-03 15:00;4.6900;1.2946;27.3600;3.3954;-22.6700
2025-09-03 16:00;4.0600;1.2946;26.7900;2.7654;-22.7300
2025-09-03 17:00;3.4500;1.2946;26.2500;2.1554;-22.8000
2025-09-03 18:00;2.8500;1.2946;25.7400;1.5554;-22.8900
2025-09-03 19:00;2.7400;1.2946;25.2600;1.4454;-22.5200
2025-09-03 20:00;2.4600;1.2946;24.7900;1.1654;-22.3300
2025-09-03 21:00;2.0300;1.2946;24.3400;0.7354;-22.3100
2025-09-03 22:00;1.7500;1.2946;23.9000;0.4554;-22.1500
2025-09-03 23:00;1.7500;1.2946;23.4800;0.4554;-21.7300
2025-09-04 00:00;1.6800;1.2946;23.0800;0.3854;-21.4000
2025-09-04 01:00;1.5400;1.2946;22.6900;0.2454;-21.1500
2025-09-04 02:00;1.5700;1.2946;22.3200;0.2754;-20.7500
2025-09-04 03:00;1.2000;1.2946;21.9600;-0.0946;-20.7600
2025-09-04 04:00;0.9500;1.2946;21.6200;-0.3446;-20.6700
2025-09-04 05:00;0.7700;1.2946;21.2900;-0.5246;-20.5200
2025-09-04 06:00;0.5600;1.2946;20.9800;-0.7346;-20.4200
2025-09-04 07:00;0.4800;1.2946;20.6800;-0.8146;-20.2000
2025-09-04 08:00;0.4400;1.2946;20.4000;-0.8546;-19.9600
2025-09-04 09:00;0.4400;1.2946;20.1200;-0.8546;-19.6800
2025-09-04 10:00;0.6000;1.2946;19.8500;-0.6946;-19.2500
2025-09-04 11:00;1.1900;1.2946;19.6000;-0.1046;-18.4100
2025-09-04 12:00;1.5700;1.2946;19.3500;0.2754;-17.7800
2025-09-04 13:00;1.5900;1.2946;19.1100;0.2954;-17.5200
2025-09-04 14:00;1.5100;1.2946;18.8800;0.2154;-17.3700
2025-09-04 15:00;1.2400;1.2946;18.6500;-0.0546;-17.4100
2025-09-04 16:00;0.8400;1.2946;18.4300;-0.4546;-17.5900
2025-09-04 17:00;0.4500;1.2946;18.2200;-0.8446;-17.7700
2025-09-04 18:00;0.4400;1.2946;18.0000;-0.8546;-17.5600
2025-09-04 19:00;0.4300;1.2946;17.7900;-0.8646;-17.3600
2025-09-04 20:00;0.4300;1.2946;17.5900;-0.8646;-17.1600
2025-09-04 21:00;0.4300;1.2946;17.3800;-0.8646;-16.9500
2025-09-04 22:00;0.4200;1.2946;17.1800;-0.8746;-16.7600
2025-09-04 23:00;0.4200;1.2946;16.9800;-0.8746;-16.5600
2025-09-05 00:00;0.4100;1.2946;16.7800;-0.8846;-16.3700
2025-09-05 01:00;0.4100;1.2946;16.5900;-0.8846;-16.1800
2025-09-05 02:00;0.4000;1.2946;16.4000;-0.8946;-16.0000
2025-09-05 03:00;0.3900;1.2946;16.2100;-0.9046;-15.8200
2025-09-05 04:00;0.3900;1.2946;16.0300;-0.9046;-15.6400
2025-09-05 05:00;0.3800;1.2946;15.8600;-0.9146;-15.4800
2025-09-05 06:00;0.3700;1.2946;15.6900;-0.9246;-15.3200
2025-09-05 07:00;0.3600;1.2946;15.5300;-0.9346;-15.1700
2025-09-05 08:00;0.3500;1.2946;15.3800;-0.9446;-15.0300
2025-09-05 09:00;0.3400;1.2946;15.2300;-0.9546;-14.8900
2025-09-05 10:00;0.3300;1.2946;15.0800;-0.9646;-14.7500
2025-09-05 11:00;0.3300;1.2946;14.9400;-0.9646;-14.6100
2025-09-05 12:00;0.3400;1.2946;14.8000;-0.9546;-14.4600
2025-09-05 13:00;0.3500;1.2946;14.6700;-0.9446;-14.3200
2025-09-05 14:00;0.3600;1.2946;14.5400;-0.9346;-14.1800
2025-09-05 15:00;0.3700;1.2946;14.4100;-0.9246;-14.0400
2025-09-05 16:00;0.3700;1.2946;14.2900;-0.9246;-13.9200
2025-09-05 17:00;0.3700;1.2946;14.1600;-0.9246;-13.7900
2025-09-05 18:00;0.3700;1.2946;14.0400;-0.9246;-13.6700
2025-09-05 19:00;0.3600;1.2946;13.9200;-0.9346;-13.5600
2025-09-05 20:00;0.3500;1.2946;13.8000;-0.9446;-13.4500
2025-09-05 21:00;0.3500;1.2946;13.6800;-0.9446;-13.3300
2025-09-05 22:00;0.3400;1.2946;13.5700;-0.9546;-13.2300
2025-09-05 23:00;0.3300;1.2946;13.4500;-0.9646;-13.1200
2025-09-06 00:00;0.3100;1.2946;13.3300;-0.9846;-13.0200
2025-09-06 01:00;0.2800;1.2946;13.2200;-1.0146;-12.9400
2025-09-06 02:00;0.2200;1.2946;13.1000;-1.0746;-12.8800
2025-09-06 03:00;0.1600;1.2946;12.9900;-1.1346;-12.8300
2025-09-06 04:00;0.1500;1.2946;12.8800;-1.1446;-12.7300
2025-09-06 05:00;0.1700;1.2946;12.7800;-1.1246;-12.6100
2025-09-06 06:00;0.1600;1.2946;12.6700;-1.1346;-12.5100
2025-09-06 07:00;0.1500;1.2946;12.5700;-1.1446;-12.4200
2025-09-06 08:00;0.1300;1.2946;12.4700;-1.1646;-12.3400
2025-09-06 09:00;0.1300;1.2946;12.3800;-1.1646;-12.2500
2025-09-06 10:00;0.1200;1.2946;12.2900;-1.1746;-12.1700
2025-09-06 11:00;0.1200;1.2946;12.2000;-1.1746;-12.0800
2025-09-06 12:00;0.2000;1.2946;12.1100;-1.0946;-11.9100
2025-09-06 13:00;0.2700;1.2946;12.0300;-1.0246;-11.7600
2025-09-06 14:00;0.2900;1.2946;11.9500;-1.0046;-11.6600
2025-09-06 15:00;0.3000;1.2946;11.8600;-0.9946;-11.5600
2025-09-06 16:00;0.2900;1.2946;11.7800;-1.0046;-11.4900
2025-09-06 17:00;0.2900;1.2946;11.7000;-1.0046;-11.4100
2025-09-06 18:00;0.2900;1.2946;11.6300;-1.0046;-11.3400
2025-09-06 19:00;0.2800;1.2946;11.5500;-1.0146;-11.2700
2025-09-06 20:00;0.2600;1.2946;11.4700;-1.0346;-11.2100
2025-09-06 21:00;0.2100;1.2946;11.3900;-1.0846;-11.1800
2025-09-06 22:00;0.1700;1.2946;11.3100;-1.1246;-11.1400
2025-09-06 23:00;0.1300;1.2946;11.2300;-1.1646;-11.1000
2025-09-07 00:00;0.1100;1.2946;11.1500;-1.1846;-11.0400
2025-09-07 01:00;0.1100;1.2946;11.0800;-1.1846;-10.9700
2025-09-07 02:00;0.1000;1.2946;11.0000;-1.1946;-10.9000
2025-09-07 03:00;0.0900;1.2946;10.9200;-1.2046;-10.8300
2025-09-07 04:00;0.0800;1.2946;10.8400;-1.2146;-10.7600
2025-09-07 05:00;0.0700;1.2946;10.7700;-1.2246;-10.7000
2025-09-07 06:00;0.0700;1.2946;10.7000;-1.2246;-10.6300
2025-09-07 07:00;0.0700;1.2946;10.6300;-1.2246;-10.5600
2025-09-07 08:00;0.0800;1.2946;10.5600;-1.2146;-10.4800
2025-09-07 09:00;0.0800;1.2946;10.4900;-1.2146;-10.4100
2025-09-07 10:00;0.0700;1.2946;10.4300;-1.2246;-10.3600
2025-09-07 11:00;0.0700;1.2946;10.3600;-1.2246;-10.2900
2025-09-07 12:00;0.1200;1.2946;10.3000;-1.1746;-10.1800
2025-09-07 13:00;0.2100;1.2946;10.2400;-1.0846;-10.0300
2025-09-07 14:00;0.2600;1.2946;10.1800;-1.0346;-9.9200
2025-09-07 15:00;0.2800;1.2946;10.1300;-1.0146;-9.8500
2025-09-07 16:00;0.2700;1.2946;10.0700;-1.0246;-9.8000
2025-09-07 17:00;0.2600;1.2946;10.0100;-1.0346;-9.7500
2025-09-07 18:00;0.2600;1.2946;9.9600;-1.0346;-9.7000
2025-09-07 19:00;0.2500;1.2946;9.9000;-1.0446;-9.6500
2025-09-07 20:00;0.2300;1.2946;9.8500;-1.0646;-9.6200
2025-09-07 21:00;0.2000;1.2946;9.7900;-1.0946;-9.5900
2025-09-07 22:00;0.1500;1.2946;9.7400;-1.1446;-9.5900
2025-09-07 23:00;0.1200;1.2946;9.6800;-1.1746;-9.5600
2025-09-08 00:00;0.0900;1.2946;9.6200;-1.2046;-9.5300
2025-09-08 01:00;0.0800;1.2946;9.5700;-1.2146;-9.4900
2025-09-08 02:00;0.0700;1.2946;9.5100;-1.2246;-9.4400
2025-09-08 03:00;0.0700;1.2946;9.4500;-1.2246;-9.3800
2025-09-08 04:00;0.0600;1.2946;9.3900;-1.2346;-9.3300
2025-09-08 05:00;0.0600;1.2946;9.3400;-1.2346;-9.2800
2025-09-08 06:00;0.0600;1.2946;9.2800;-1.2346;-9.2200
2025-09-08 07:00;0.0600;1.2946;9.2300;-1.2346;-9.1700
2025-09-08 08:00;0.0600;1.2946;9.1800;-1.2346;-9.1200
2025-09-08 09:00;0.0600;1.2946;9.1300;-1.2346;-9.0700
2025-09-08 10:00;0.0600;1.2946;9.0800;-1.2346;-9.0200
2025-09-08 11:00;0.0500;1.2946;9.0300;-1.2446;-8.9800
2025-09-08 12:00;0.1000;1.2946;8.9900;-1.1946;-8.8900
2025-09-08 13:00;0.1800;1.2946;8.9400;-1.1146;-8.7600
2025-09-08 14:00;0.2400;1.2946;8.9000;-1.0546;-8.6600
2025-09-08 15:00;0.2600;1.2946;8.8500;-1.0346;-8.5900
2025-09-08 16:00;0.2600;1.2946;8.8100;-1.0346;-8.5500
2025-09-08 17:00;0.2400;1.2946;8.7700;-1.0546;-8.5300
2025-09-08 18:00;0.2200;1.2946;8.7300;-1.0746;-8.5100
2025-09-08 19:00;0.2100;1.2946;8.6900;-1.0846;-8.4800
2025-09-08 20:00;0.1900;1.2946;8.6500;-1.1046;-8.4600
2025-09-08 21:00;0.1600;1.2946;8.6000;-1.1346;-8.4400
2025-09-08 22:00;0.1200;1.2946;8.5600;-1.1746;-8.4400
2025-09-08 23:00;0.0900;1.2946;8.5200;-1.2046;-8.4300
2025-09-09 00:00;0.0900;1.2946;8.4800;-1.2046;-8.3900
2025-09-09 01:00;0.1100;1.2946;8.4400;-1.1846;-8.3300
2025-09-09 02:00;0.1300;1.2946;8.3900;-1.1646;-8.2600
2025-09-09 03:00;0.1200;1.2946;8.3500;-1.1746;-8.2300
2025-09-09 04:00;0.0900;1.2946;8.3100;-1.2046;-8.2200
2025-09-09 05:00;0.0700;1.2946;8.2700;-1.2246;-8.2000
2025-09-09 06:00;0.0600;1.2946;8.2300;-1.2346;-8.1700
2025-09-09 07:00;0.0600;1.2946;8.1900;-1.2346;-8.1300
2025-09-09 08:00;0.0500;1.2946;8.1500;-1.2446;-8.1000
2025-09-09 09:00;0.0500;1.2946;8.1100;-1.2446;-8.0600
2025-09-09 10:00;0.0400;1.2946;8.0800;-1.2546;-8.0400
2025-09-09 11:00;0.0400;1.2946;8.0400;-1.2546;-8.0000
2025-09-09 12:00;0.0600;1.2946;8.0100;-1.2346;-7.9500
2025-09-09 13:00;0.1500;1.2946;7.9700;-1.1446;-7.8200
2025-09-09 14:00;0.2100;1.2946;7.9400;-1.0846;-7.7300
2025-09-09 15:00;0.2300;1.2946;7.9100;-1.0646;-7.6800
2025-09-09 16:00;0.2300;1.2946;7.8800;-1.0646;-7.6500
2025-09-09 17:00;0.2400;1.2946;7.8600;-1.0546;-7.6200
2025-09-09 18:00;0.2500;1.2946;7.8400;-1.0446;-7.5900
2025-09-09 19:00;0.3000;1.2946;7.8400;-0.9946;-7.5400
2025-09-09 20:00;0.3300;1.2946;7.8600;-0.9646;-7.5300
2025-09-09 21:00;0.3200;1.2946;7.9000;-0.9746;-7.5800
2025-09-09 22:00;0.3100;1.2946;7.9900;-0.9846;-7.6800
2025-09-09 23:00;0.2900;1.2946;8.2400;-1.0046;-7.9500
2025-09-10 00:00;0.2500;1.2946;8.8300;-1.0446;-8.5800
2025-09-10 01:00;0.1900;1.2946;10.0300;-1.1046;-9.8400
2025-09-10 02:00;0.1500;1.2946;11.9700;-1.1446;-11.8200
2025-09-10 03:00;0.1200;1.2946;14.5600;-1.1746;-14.4400
2025-09-10 04:00;0.1000;1.2946;17.4100;-1.1946;-17.3100
2025-09-10 05:00;0.0900;1.2946;19.9900;-1.2046;-19.9000
2025-09-10 06:00;0.0900;1.2946;21.9300;-1.2046;-21.8400
2025-09-10 07:00;0.0800;1.2946;23.1300;-1.2146;-23.0500
2025-09-10 08:00;0.0900;1.2946;23.7000;-1.2046;-23.6100
2025-09-10 09:00;0.1300;1.2946;23.9900;-1.1646;-23.8600
2025-09-10 10:00;0.2900;5.7090;24.9300;-5.4190;-24.6400
2025-09-10 11:00;0.3600;15.3674;28.2200;-15.0074;-27.8600
2025-09-10 12:00;0.3900;22.3713;35.3600;-21.9813;-34.9700
2025-09-10 13:00;0.4200;24.4213;46.6400;-24.0013;-46.2200
2025-09-10 14:00;3.3100;30.8234;61.4300;-27.5134;-58.1200
2025-09-10 15:00;7.4300;37.1857;77.6900;-29.7557;-70.2600
2025-09-10 16:00;10.6600;39.7145;91.8200;-29.0545;-81.1600
2025-09-10 17:00;31.4800;31.3426;100.7800;0.1374;-69.3000
2025-09-10 18:00;48.3400;23.0192;103.7100;25.3208;-55.3700
2025-09-10 19:00;50.4200;12.7093;101.5100;37.7107;-51.0900
2025-09-10 20:00;45.4800;6.2587;95.9600;39.2213;-50.4800
2025-09-10 21:00;39.8700;4.3195;88.7700;35.5505;-48.9000
2025-09-10 22:00;37.8300;4.3847;81.2100;33.4453;-43.3800
2025-09-10 23:00;33.3600;3.5814;74.0200;29.7786;-40.6600
2025-09-11 00:00;27.8300;2.9028;67.5000;24.9272;-39.6700
2025-09-11 01:00;26.4000;2.5769;61.7500;23.8231;-35.3500
2025-09-11 02:00;24.5800;2.3270;56.8000;22.2530;-32.2200
2025-09-11 03:00;22.5700;2.0732;52.5900;20.4968;-30.0200
2025-09-11 04:00;20.1900;1.8774;49.0500;18.3126;-28.8600
2025-09-11 05:00;18.0800;1.7315;46.0700;16.3485;-27.9900
2025-09-11 06:00;16.6100;1.6005;43.5500;15.0095;-26.9400
2025-09-11 07:00;15.5000;1.5017;41.4100;13.9983;-25.9100
2025-09-11 08:00;14.7300;1.4004;39.5500;13.3296;-24.8200
2025-09-11 09:00;13.9200;1.3146;37.9200;12.6054;-24.0000
2025-09-11 10:00;12.0800;1.2946;36.4800;10.7854;-24.4000
2025-09-11 11:00;9.6000;1.2946;35.1900;8.3054;-25.5900
2025-09-11 12:00;8.1900;1.2946;34.0400;6.8954;-25.8500
2025-09-11 13:00;7.5200;1.2946;33.0000;6.2254;-25.4800
2025-09-11 14:00;6.5400;1.2946;32.0600;5.2454;-25.5200
2025-09-11 15:00;5.4100;1.2946;31.1900;4.1154;-25.7800
2025-09-11 16:00;5.2400;1.2946;30.3900;3.9454;-25.1500
2025-09-11 17:00;4.0600;1.2946;29.6500;2.7654;-25.5900
2025-09-11 18:00;4.6700;1.2946;28.9500;3.3754;-24.2800
2025-09-11 19:00;4.9600;1.2946;28.3000;3.6654;-23.3400
2025-09-11 20:00;4.3800;1.2946;27.6800;3.0854;-23.3000
2025-09-11 21:00;3.8100;1.2946;27.1000;2.5154;-23.2900
2025-09-11 22:00;3.2300;1.2946;26.5400;1.9354;-23.3100
2025-09-11 23:00;2.8900;1.2946;26.0200;1.5954;-23.1300
2025-09-12 00:00;2.5100;1.2946;25.5200;1.2154;-23.0100
2025-09-12 01:00;2.1200;1.2946;25.0500;0.8254;-22.9300
2025-09-12 02:00;1.5500;1.2946;24.6100;0.2554;-23.0600
2025-09-12 03:00;1.3000;1.2946;24.1900;0.0054;-22.8900
2025-09-12 04:00;0.9800;1.2946;23.7800;-0.3146;-22.8000
2025-09-12 05:00;0.9100;1.2946;23.4000;-0.3846;-22.4900
2025-09-12 06:00;0.5600;1.2946;23.0400;-0.7346;-22.4800
2025-09-12 07:00;0.4400;1.2946;22.7000;-0.8546;-22.2600
2025-09-12 08:00;0.4500;1.2946;22.3700;-0.8446;-21.9200
2025-09-12 09:00;1.3400;1.2946;22.0500;0.0454;-20.7100
2025-09-12 10:00;2.7200;1.2946;21.7500;1.4254;-19.0300
2025-09-12 11:00;1.9500;1.2946;21.4600;0.6554;-19.5100
2025-09-12 12:00;1.3600;1.2946;21.1800;0.0654;-19.8200
2025-09-12 13:00;0.9800;1.2946;20.9100;-0.3146;-19.9300
2025-09-12 14:00;0.5500;1.2946;20.6500;-0.7446;-20.1000
2025-09-12 15:00;0.4300;1.2946;20.3900;-0.8646;-19.9600
2025-09-12 16:00;0.4200;1.2946;20.1400;-0.8746;-19.7200
2025-09-12 17:00;0.4200;1.2946;19.9000;-0.8746;-19.4800
2025-09-12 18:00;0.4100;1.2946;19.6600;-0.8846;-19.2500
2025-09-12 19:00;0.4000;1.2946;19.4300;-0.8946;-19.0300
2025-09-12 20:00;0.3900;1.2946;19.2000;-0.9046;-18.8100
2025-09-12 21:00;0.3900;1.2946;18.9700;-0.9046;-18.5800
2025-09-12 22:00;0.3900;1.2946;18.7500;-0.9046;-18.3600
2025-09-12 23:00;0.4000;1.2946;18.5300;-0.8946;-18.1300
2025-09-13 00:00;0.4000;1.2946;18.3100;-0.8946;-17.9100
2025-09-13 01:00;0.4000;1.2946;18.1000;-0.8946;-17.7000
2025-09-13 02:00;0.4100;1.2946;17.9000;-0.8846;-17.4900
2025-09-13 03:00;0.4100;1.2946;17.7000;-0.8846;-17.2900
2025-09-13 04:00;0.4100;1.2946;17.5100;-0.8846;-17.1000
2025-09-13 05:00;0.4100;1.2946;17.3200;-0.8846;-16.9100
2025-09-13 06:00;0.4100;1.2946;17.1400;-0.8846;-16.7300
2025-09-13 07:00;0.4200;1.2946;16.9700;-0.8746;-16.5500
2025-09-13 08:00;0.4200;1.2946;16.8000;-0.8746;-16.3800
2025-09-13 09:00;0.5900;1.2946;16.6400;-0.7046;-16.0500
2025-09-13 10:00;2.6300;1.2946;16.4900;1.3354;-13.8600
2025-09-13 11:00;3.2300;1.2946;16.3400;1.9354;-13.1100
2025-09-13 12:00;2.7600;1.2946;16.1900;1.4654;-13.4300
2025-09-13 13:00;2.6400;1.2946;16.0500;1.3454;-13.4100
2025-09-13 14:00;2.4900;1.2946;15.9100;1.1954;-13.4200
2025-09-13 15:00;1.8000;1.2946;15.7700;0.5054;-13.9700
2025-09-13 16:00;1.1500;1.2946;15.6300;-0.1446;-14.4800
2025-09-13 17:00;0.7500;1.2946;15.5000;-0.5446;-14.7500
2025-09-13 18:00;0.6000;1.2946;15.3600;-0.6946;-14.7600
2025-09-13 19:00;0.4400;1.2946;15.2300;-0.8546;-14.7900
2025-09-13 20:00;0.4400;1.2946;15.1000;-0.8546;-14.6600
2025-09-13 21:00;0.4300;1.2946;14.9700;-0.8646;-14.5400
2025-09-13 22:00;0.4300;1.2946;14.8400;-0.8646;-14.4100
2025-09-13 23:00;0.4300;1.2946;14.7100;-0.8646;-14.2800
2025-09-14 00:00;0.4200;1.2946;14.5800;-0.8746;-14.1600
2025-09-14 01:00;0.4200;1.2946;14.4600;-0.8746;-14.0400
2025-09-14 02:00;0.4200;1.2946;14.3400;-0.8746;-13.9200
2025-09-14 03:00;0.4100;1.2946;14.2200;-0.8846;-13.8100
2025-09-14 04:00;0.4100;1.2946;14.1000;-0.8846;-13.6900
2025-09-14 05:00;0.4000;1.2946;13.9800;-0.8946;-13.5800
2025-09-14 06:00;0.4000;1.2946;13.8700;-0.8946;-13.4700
2025-09-14 07:00;0.3900;1.2946;13.7700;-0.9046;-13.3800
2025-09-14 08:00;0.3900;1.2946;13.6600;-0.9046;-13.2700
2025-09-14 09:00;0.3900;1.2946;13.5600;-0.9046;-13.1700
2025-09-14 10:00;0.4000;1.2946;13.4600;-0.8946;-13.0600
2025-09-14 11:00;0.4200;1.2946;13.3600;-0.8746;-12.9400
2025-09-14 12:00;0.4300;1.2946;13.2700;-0.8646;-12.8400
2025-09-14 13:00;0.4300;1.2946;13.1800;-0.8646;-12.7500
2025-09-14 14:00;0.4400;1.2946;13.0900;-0.8546;-12.6500
2025-09-14 15:00;0.4400;1.2946;13.0000;-0.8546;-12.5600
2025-09-14 16:00;0.4300;1.2946;12.9100;-0.8646;-12.4800
2025-09-14 17:00;0.4200;1.2946;12.8200;-0.8746;-12.4000
2025-09-14 18:00;0.4200;1.2946;12.7300;-0.8746;-12.3100
2025-09-14 19:00;0.4200;1.2946;12.6500;-0.8746;-12.2300
2025-09-14 20:00;0.4100;1.2946;12.5600;-0.8846;-12.1500
2025-09-14 21:00;0.4000;1.2946;12.4800;-0.8946;-12.0800
2025-09-14 22:00;0.4000;1.2946;12.3900;-0.8946;-11.9900
2025-09-14 23:00;0.3900;1.2946;12.3100;-0.9046;-11.9200
2025-09-15 00:00;0.3800;1.2946;12.2300;-0.9146;-11.8500
2025-09-15 01:00;0.3700;1.2946;12.1400;-0.9246;-11.7700
2025-09-15 02:00;0.3700;1.2946;12.0600;-0.9246;-11.6900
2025-09-15 03:00;0.3600;1.2946;11.9800;-0.9346;-11.6200
2025-09-15 04:00;0.3400;1.2946;11.9000;-0.9546;-11.5600
2025-09-15 05:00;0.3200;1.2946;11.8200;-0.9746;-11.5000
2025-09-15 06:00;0.3100;1.2946;11.7400;-0.9846;-11.4300
2025-09-15 07:00;0.2900;1.2946;11.6700;-1.0046;-11.3800
2025-09-15 08:00;0.2700;1.2946;11.6000;-1.0246;-11.3300
2025-09-15 09:00;0.2400;1.2946;11.5200;-1.0546;-11.2800
2025-09-15 10:00;0.2700;1.2946;11.4500;-1.0246;-11.1800
2025-09-15 11:00;0.3200;1.2946;11.3900;-0.9746;-11.0700
2025-09-15 12:00;0.3500;1.2946;11.3200;-0.9446;-10.9700
2025-09-15 13:00;0.3700;1.2946;11.2500;-0.9246;-10.8800
2025-09-15 14:00;0.3700;1.2946;11.1900;-0.9246;-10.8200
2025-09-15 15:00;0.3800;1.2946;11.1200;-0.9146;-10.7400
2025-09-15 16:00;0.3700;1.2946;11.0600;-0.9246;-10.6900
2025-09-15 17:00;0.3600;1.2946;11.0000;-0.9346;-10.6400
2025-09-15 18:00;0.3500;1.2946;10.9400;-0.9446;-10.5900
2025-09-15 19:00;0.3400;1.2946;10.8800;-0.9546;-10.5400
2025-09-15 20:00;0.3200;1.2946;10.8200;-0.9746;-10.5000
2025-09-15 21:00;0.3100;1.2946;10.7600;-0.9846;-10.4500
2025-09-15 22:00;0.2900;1.2946;10.6900;-1.0046;-10.4000
2025-09-15 23:00;0.2800;1.2946;10.6300;-1.0146;-10.3500
2025-09-16 00:00;0.2400;1.2946;10.5700;-1.0546;-10.3300
2025-09-16 01:00;0.1900;1.2946;10.5100;-1.1046;-10.3200
2025-09-16 02:00;0.1800;1.2946;10.4400;-1.1146;-10.2600
2025-09-16 03:00;0.2100;1.2946;10.3800;-1.0846;-10.1700
2025-09-16 04:00;0.2300;1.2946;10.3200;-1.0646;-10.0900
2025-09-16 05:00;0.2500;1.2946;10.2600;-1.0446;-10.0100
2025-09-16 06:00;0.2400;1.2946;10.2000;-1.0546;-9.9600
2025-09-16 07:00;0.2100;1.2946;10.1500;-1.0846;-9.9400
2025-09-16 08:00;0.2100;1.2946;10.0900;-1.0846;-9.8800
2025-09-16 09:00;0.2200;1.2946;10.0400;-1.0746;-9.8200
2025-09-16 10:00;0.2600;1.2946;9.9900;-1.0346;-9.7300
2025-09-16 11:00;0.3200;1.2946;9.9300;-0.9746;-9.6100
2025-09-16 12:00;0.3500;1.2946;9.8800;-0.9446;-9.5300
2025-09-16 13:00;0.3700;1.2946;9.8400;-0.9246;-9.4700
2025-09-16 14:00;0.3800;1.2946;9.7900;-0.9146;-9.4100
2025-09-16 15:00;0.3800;1.2946;9.7400;-0.9146;-9.3600
2025-09-16 16:00;0.3900;1.2946;9.6900;-0.9046;-9.3000
2025-09-16 17:00;0.3800;1.2946;9.6500;-0.9146;-9.2700
2025-09-16 18:00;0.3700;1.2946;9.6000;-0.9246;-9.2300
2025-09-16 19:00;0.3700;1.2946;9.5500;-0.9246;-9.1800
2025-09-16 20:00;0.3600;1.2946;9.5100;-0.9346;-9.1500
2025-09-16 21:00;0.3500;1.2946;9.4600;-0.9446;-9.1100
2025-09-16 22:00;0.3300;1.2946;9.4100;-0.9646;-9.0800
2025-09-16 23:00;0.3200;1.2946;9.3700;-0.9746;-9.0500
2025-09-17 00:00;0.3100;1.2946;9.3200;-0.9846;-9.0100
2025-09-17 01:00;0.3000;1.2946;9.2700;-0.9946;-8.9700
2025-09-17 02:00;0.2800;1.2946;9.2300;-1.0146;-8.9500
2025-09-17 03:00;0.2500;1.2946;9.1800;-1.0446;-8.9300
2025-09-17 04:00;0.2300;1.2946;9.1300;-1.0646;-8.9000
2025-09-17 05:00;0.2100;1.2946;9.0900;-1.0846;-8.8800
2025-09-17 06:00;0.1600;1.2946;9.0500;-1.1346;-8.8900
2025-09-17 07:00;0.1500;1.2946;9.0000;-1.1446;-8.8500
2025-09-17 08:00;0.1800;1.2946;8.9600;-1.1146;-8.7800
2025-09-17 09:00;0.1800;1.2946;8.9200;-1.1146;-8.7400
2025-09-17 10:00;0.1500;1.2946;8.8800;-1.1446;-8.7300
2025-09-17 11:00;0.2100;1.2946;8.8400;-1.0846;-8.6300
2025-09-17 12:00;0.2900;1.2946;8.8000;-1.0046;-8.5100
2025-09-17 13:00;0.3200;1.2946;8.7600;-0.9746;-8.4400
2025-09-17 14:00;0.3300;1.2946;8.7300;-0.9646;-8.4000
2025-09-17 15:00;0.3400;1.2946;8.6900;-0.9546;-8.3500
2025-09-17 16:00;0.3400;1.2946;8.6600;-0.9546;-8.3200
2025-09-17 17:00;0.3300;1.2946;8.6200;-0.9646;-8.2900
2025-09-17 18:00;0.3100;1.2946;8.5900;-0.9846;-8.2800
2025-09-17 19:00;0.2800;1.2946;8.5500;-1.0146;-8.2700
2025-09-17 20:00;0.2300;1.2946;8.5200;-1.0646;-8.2900
2025-09-17 21:00;0.1800;1.2946;8.4800;-1.1146;-8.3000
2025-09-17 22:00;0.1500;1.2946;8.4500;-1.1446;-8.3000
2025-09-17 23:00;0.1100;1.2946;8.4100;-1.1846;-8.3000
2025-09-18 00:00;0.0800;1.2946;8.3800;-1.2146;-8.3000
2025-09-18 01:00;0.0600;1.2946;8.3400;-1.2346;-8.2800
2025-09-18 02:00;0.0600;1.2946;8.3100;-1.2346;-8.2500
2025-09-18 03:00;0.0800;1.2946;8.2700;-1.2146;-8.1900
2025-09-18 04:00;0.1100;1.2946;8.2400;-1.1846;-8.1300
2025-09-18 05:00;0.1200;1.2946;8.2000;-1.1746;-8.0800
2025-09-18 06:00;0.1000;1.2946;8.1700;-1.1946;-8.0700
2025-09-18 07:00;0.0700;1.2946;8.1300;-1.2246;-8.0600
2025-09-18 08:00;0.0800;1.2946;8.1000;-1.2146;-8.0200
2025-09-18 09:00;0.1300;1.2946;8.0600;-1.1646;-7.9300
2025-09-18 10:00;0.1600;1.2946;8.0300;-1.1346;-7.8700
2025-09-18 11:00;0.2000;1.2946;8.0000;-1.0946;-7.8000
2025-09-18 12:00;0.2800;1.2946;7.9700;-1.0146;-7.6900
2025-09-18 13:00;0.3100;1.2946;7.9400;-0.9846;-7.6300
2025-09-18 14:00;0.3200;1.2946;7.9100;-0.9746;-7.5900
2025-09-18 15:00;0.3100;1.2946;7.8800;-0.9846;-7.5700
2025-09-18 16:00;0.2900;1.2946;7.8500;-1.0046;-7.5600
2025-09-18 17:00;0.2700;1.2946;7.8200;-1.0246;-7.5500
2025-09-18 18:00;0.2100;1.2946;7.8000;-1.0846;-7.5900
2025-09-18 19:00;0.1600;1.2946;7.7700;-1.1346;-7.6100
2025-09-18 20:00;0.1600;1.2946;7.7400;-1.1346;-7.5800
2025-09-18 21:00;0.1600;1.2946;7.7100;-1.1346;-7.5500
2025-09-18 22:00;0.1400;1.2946;7.6800;-1.1546;-7.5400
2025-09-18 23:00;0.1000;1.2946;7.6500;-1.1946;-7.5500
2025-09-19 00:00;0.0700;1.2946;7.6200;-1.2246;-7.5500
2025-09-19 01:00;0.0600;1.2946;7.6000;-1.2346;-7.5400
2025-09-19 02:00;0.0500;1.2946;7.5700;-1.2446;-7.5200
2025-09-19 03:00;0.0700;1.2946;7.5400;-1.2246;-7.4700
2025-09-19 04:00;0.1100;1.2946;7.5000;-1.1846;-7.3900
2025-09-19 05:00;0.1100;1.2946;7.4700;-1.1846;-7.3600
2025-09-19 06:00;0.1000;1.2946;7.4400;-1.1946;-7.3400
2025-09-19 07:00;0.0800;1.2946;7.4200;-1.2146;-7.3400
2025-09-19 08:00;0.0900;1.2946;7.3900;-1.2046;-7.3000
2025-09-19 09:00;0.0900;1.2946;7.3600;-1.2046;-7.2700
2025-09-19 10:00;0.1400;1.2946;7.3300;-1.1546;-7.1900
2025-09-19 11:00;0.2400;1.2946;7.3000;-1.0546;-7.0600
2025-09-19 12:00;0.3000;1.2946;7.2800;-0.9946;-6.9800
2025-09-19 13:00;0.3200;1.2946;7.2500;-0.9746;-6.9300
2025-09-19 14:00;0.3200;1.2946;7.2300;-0.9746;-6.9100
2025-09-19 15:00;0.3100;1.2946;7.2100;-0.9846;-6.9000
2025-09-19 16:00;0.2800;1.2946;7.1800;-1.0146;-6.9000
2025-09-19 17:00;0.2500;1.2946;7.1600;-1.0446;-6.9100
2025-09-19 18:00;0.2000;1.2946;7.1300;-1.0946;-6.9300
2025-09-19 19:00;0.1600;1.2946;7.1100;-1.1346;-6.9500
2025-09-19 20:00;0.1200;1.2946;7.0900;-1.1746;-6.9700
2025-09-19 21:00;0.1200;1.2946;7.0700;-1.1746;-6.9500
2025-09-19 22:00;0.1200;1.2946;7.0400;-1.1746;-6.9200
2025-09-19 23:00;0.0900;1.2946;7.0200;-1.2046;-6.9300
2025-09-20 00:00;0.0500;1.2946;6.9900;-1.2446;-6.9400
2025-09-20 01:00;0.0300;1.2946;6.9700;-1.2646;-6.9400
2025-09-20 02:00;0.0300;1.2946;6.9400;-1.2646;-6.9100
2025-09-20 03:00;0.0300;1.2946;6.9200;-1.2646;-6.8900
2025-09-20 04:00;0.0400;1.2946;6.8900;-1.2546;-6.8500
2025-09-20 05:00;0.0800;1.2946;6.8700;-1.2146;-6.7900
2025-09-20 06:00;0.0900;1.2946;6.8400;-1.2046;-6.7500
2025-09-20 07:00;0.0700;1.2946;6.8200;-1.2246;-6.7500
2025-09-20 08:00;0.0400;1.2946;6.8000;-1.2546;-6.7600
2025-09-20 09:00;0.0400;1.2946;6.7700;-1.2546;-6.7300
2025-09-20 10:00;0.0800;1.2946;6.7500;-1.2146;-6.6700
2025-09-20 11:00;0.1000;1.2946;6.7300;-1.1946;-6.6300
2025-09-20 12:00;0.1700;1.2946;6.7000;-1.1246;-6.5300
2025-09-20 13:00;0.2600;1.2946;6.6800;-1.0346;-6.4200
2025-09-20 14:00;0.2800;1.2946;6.6600;-1.0146;-6.3800
2025-09-20 15:00;0.2600;1.2946;6.6400;-1.0346;-6.3800
2025-09-20 16:00;0.2300;1.2946;6.6200;-1.0646;-6.3900
2025-09-20 17:00;0.2100;1.2946;6.6000;-1.0846;-6.3900
2025-09-20 18:00;0.1800;1.2946;6.5800;-1.1146;-6.4000
2025-09-20 19:00;0.1400;1.2946;6.5600;-1.1546;-6.4200
2025-09-20 20:00;0.1000;1.2946;6.5400;-1.1946;-6.4400
2025-09-20 21:00;0.0800;1.2946;6.5200;-1.2146;-6.4400
2025-09-20 22:00;0.1000;1.2946;6.5000;-1.1946;-6.4000
2025-09-20 23:00;0.1000;1.2946;6.4800;-1.1946;-6.3800
2025-09-21 00:00;0.0800;1.2946;6.4600;-1.2146;-6.3800
2025-09-21 01:00;0.1000;1.2946;6.4400;-1.1946;-6.3400
2025-09-21 02:00;0.1000;1.2946;6.4200;-1.1946;-6.3200
2025-09-21 03:00;0.0600;1.2946;6.4000;-1.2346;-6.3400
2025-09-21 04:00;0.0300;1.2946;6.3800;-1.2646;-6.3500
2025-09-21 05:00;0.0200;1.2946;6.3500;-1.2746;-6.3300
2025-09-21 06:00;0.0200;1.2946;6.3300;-1.2746;-6.3100
2025-09-21 07:00;0.0300;1.2946;6.3100;-1.2646;-6.2800
2025-09-21 08:00;0.0400;1.2946;6.2900;-1.2546;-6.2500
2025-09-21 09:00;0.0300;1.2946;6.2700;-1.2646;-6.2400
2025-09-21 10:00;0.0300;1.2946;6.2500;-1.2646;-6.2200
2025-09-21 11:00;0.0700;1.2946;6.2300;-1.2246;-6.1600
2025-09-21 12:00;0.2100;1.2946;6.2100;-1.0846;-6.0000
2025-09-21 13:00;0.2800;1.2946;6.1900;-1.0146;-5.9100
2025-09-21 14:00;0.2900;1.2946;6.1800;-1.0046;-5.8900
2025-09-21 15:00;0.2800;1.2946;6.1600;-1.0146;-5.8800
2025-09-21 16:00;0.2300;1.2946;6.1400;-1.0646;-5.9100
2025-09-21 17:00;0.2000;1.2946;6.1200;-1.0946;-5.9200
2025-09-21 18:00;0.1800;1.2946;6.1100;-1.1146;-5.9300
2025-09-21 19:00;0.1400;1.2946;6.0900;-1.1546;-5.9500
2025-09-21 20:00;0.1000;1.2946;6.0700;-1.1946;-5.9700
2025-09-21 21:00;0.0600;1.2946;6.0600;-1.2346;-6.0000
2025-09-21 22:00;0.0400;1.2946;6.0400;-1.2546;-6.0000
2025-09-21 23:00;0.0600;1.2946;6.0200;-1.2346;-5.9600
2025-09-22 00:00;0.1200;1.2946;6.0100;-1.1746;-5.8900
2025-09-22 01:00;0.1400;1.2946;5.9900;-1.1546;-5.8500
2025-09-22 02:00;0.1200;1.2946;5.9700;-1.1746;-5.8500
2025-09-22 03:00;0.0800;1.2946;5.9600;-1.2146;-5.8800
2025-09-22 04:00;0.0500;1.2946;5.9400;-1.2446;-5.8900
2025-09-22 05:00;0.0200;1.2946;5.9200;-1.2746;-5.9000
2025-09-22 06:00;0.0100;1.2946;5.9000;-1.2846;-5.8900
2025-09-22 07:00;0.0200;1.2946;5.8800;-1.2746;-5.8600
2025-09-22 08:00;0.0100;1.2946;5.8700;-1.2846;-5.8600
2025-09-22 09:00;0.0200;1.2946;5.8500;-1.2746;-5.8300
2025-09-22 10:00;0.0300;1.2946;5.8300;-1.2646;-5.8000
2025-09-22 11:00;0.0900;1.2946;5.8200;-1.2046;-5.7300
2025-09-22 12:00;0.2200;1.2946;5.8000;-1.0746;-5.5800
2025-09-22 13:00;0.2800;1.2946;5.7900;-1.0146;-5.5100
2025-09-22 14:00;0.2900;1.2946;5.7700;-1.0046;-5.4800
2025-09-22 15:00;0.2700;1.2946;5.7600;-1.0246;-5.4900
2025-09-22 16:00;0.2500;1.2946;5.7400;-1.0446;-5.4900
2025-09-22 17:00;0.2200;1.2946;5.7300;-1.0746;-5.5100
2025-09-22 18:00;0.1800;1.2946;5.7100;-1.1146;-5.5300
2025-09-22 19:00;0.1500;1.2946;5.7000;-1.1446;-5.5500
2025-09-22 20:00;0.1700;1.2946;5.7100;-1.1246;-5.5400
2025-09-22 21:00;0.1800;1.2946;5.7500;-1.1146;-5.5700
2025-09-22 22:00;0.1500;1.2946;5.8600;-1.1446;-5.7100
2025-09-22 23:00;0.1000;1.2946;6.0900;-1.1946;-5.9900
2025-09-23 00:00;0.0600;1.2946;6.4400;-1.2346;-6.3800
2025-09-23 01:00;0.0400;1.2946;6.9000;-1.2546;-6.8600
2025-09-23 02:00;0.0300;1.2946;7.4200;-1.2646;-7.3900
2025-09-23 03:00;0.0200;1.2946;7.9400;-1.2746;-7.9200
2025-09-23 04:00;0.0500;1.2946;8.4000;-1.2446;-8.3500
2025-09-23 05:00;0.1000;1.2946;8.7800;-1.1946;-8.6800
2025-09-23 06:00;0.1100;1.2946;9.0600;-1.1846;-8.9500
2025-09-23 07:00;0.0800;1.2946;9.2600;-1.2146;-9.1800
2025-09-23 08:00;0.0400;1.2946;9.3900;-1.2546;-9.3500
2025-09-23 09:00;0.0200;1.2946;9.4500;-1.2746;-9.4300
2025-09-23 10:00;0.0400;1.2946;9.4800;-1.2546;-9.4400
2025-09-23 11:00;0.1600;1.2946;9.4700;-1.1346;-9.3100
2025-09-23 12:00;0.2800;1.2946;9.4300;-1.0146;-9.1500
2025-09-23 13:00;0.3200;1.2946;9.3800;-0.9746;-9.0600
2025-09-23 14:00;0.3300;1.2946;9.3200;-0.9646;-8.9900
2025-09-23 15:00;0.3300;1.2946;9.2400;-0.9646;-8.9100
2025-09-23 16:00;0.3300;1.2946;9.1600;-0.9646;-8.8300
2025-09-23 17:00;0.3300;1.2946;9.0800;-0.9646;-8.7500
2025-09-23 18:00;0.3300;1.2946;9.0000;-0.9646;-8.6700
2025-09-23 19:00;0.3200;1.2946;8.9200;-0.9746;-8.6000
2025-09-23 20:00;0.3000;1.2946;8.8400;-0.9946;-8.5400
2025-09-23 21:00;0.2900;1.2946;8.7700;-1.0046;-8.4800
2025-09-23 22:00;0.2900;1.2946;8.7000;-1.0046;-8.4100
2025-09-23 23:00;0.2700;1.2946;8.6400;-1.0246;-8.3700
2025-09-24 00:00;0.2600;1.2946;8.5800;-1.0346;-8.3200
2025-09-24 01:00;0.2600;1.2946;8.5300;-1.0346;-8.2700
2025-09-24 02:00;0.2700;1.2946;8.4700;-1.0246;-8.2000
2025-09-24 03:00;0.2700;1.2946;8.4200;-1.0246;-8.1500
2025-09-24 04:00;0.2600;1.2946;8.3700;-1.0346;-8.1100
2025-09-24 05:00;0.2500;1.2946;8.3200;-1.0446;-8.0700
2025-09-24 06:00;0.2200;1.2946;8.2800;-1.0746;-8.0600
2025-09-24 07:00;0.2100;1.2946;8.2400;-1.0846;-8.0300
2025-09-24 08:00;0.2000;1.2946;8.1900;-1.0946;-7.9900
2025-09-24 09:00;0.1700;1.2946;8.1500;-1.1246;-7.9800
2025-09-24 10:00;0.1800;1.2946;8.1100;-1.1146;-7.9300
2025-09-24 11:00;0.2600;1.2946;8.0800;-1.0346;-7.8200
2025-09-24 12:00;0.3100;1.2946;8.0400;-0.9846;-7.7300
2025-09-24 13:00;0.3400;1.2946;8.0000;-0.9546;-7.6600
2025-09-24 14:00;0.3600;1.2946;7.9700;-0.9346;-7.6100
2025-09-24 15:00;0.3600;1.2946;7.9300;-0.9346;-7.5700
2025-09-24 16:00;0.3500;1.2946;7.9000;-0.9446;-7.5500
2025-09-24 17:00;0.3400;1.2946;7.8700;-0.9546;-7.5300
2025-09-24 18:00;0.3200;1.2946;7.8400;-0.9746;-7.5200
2025-09-24 19:00;0.2900;1.2946;7.8100;-1.0046;-7.5200
2025-09-24 20:00;0.2500;1.2946;7.7900;-1.0446;-7.5400
2025-09-24 21:00;0.1900;1.2946;7.7700;-1.1046;-7.5800
2025-09-24 22:00;0.1300;1.2946;7.7500;-1.1646;-7.6200
2025-09-24 23:00;0.1300;1.2946;7.7300;-1.1646;-7.6000
2025-09-25 00:00;0.1600;1.2946;7.7100;-1.1346;-7.5500
2025-09-25 01:00;0.1500;1.2946;7.7000;-1.1446;-7.5500
2025-09-25 02:00;0.1000;1.2946;7.6800;-1.1946;-7.5800
2025-09-25 03:00;0.0600;1.2946;7.6600;-1.2346;-7.6000
2025-09-25 04:00;0.0700;1.2946;7.6400;-1.2246;-7.5700
2025-09-25 05:00;0.0900;1.2946;7.6100;-1.2046;-7.5200
2025-09-25 06:00;0.0700;1.2946;7.5900;-1.2246;-7.5200
2025-09-25 07:00;0.0300;1.2946;7.5600;-1.2646;-7.5300
2025-09-25 08:00;0.0200;1.2946;7.5300;-1.2746;-7.5100
2025-09-25 09:00;0.0500;1.2946;7.5000;-1.2446;-7.4500
2025-09-25 10:00;0.0800;1.2946;7.4700;-1.2146;-7.3900
2025-09-25 11:00;0.1000;1.2946;7.4400;-1.1946;-7.3400
2025-09-25 12:00;0.2100;1.2946;7.4100;-1.0846;-7.2000
2025-09-25 13:00;0.2900;1.2946;7.3800;-1.0046;-7.0900
2025-09-25 14:00;0.3200;1.2946;7.3500;-0.9746;-7.0300
2025-09-25 15:00;0.3200;1.2946;7.3300;-0.9746;-7.0100
2025-09-25 16:00;0.3200;1.2946;7.3100;-0.9746;-6.9900
2025-09-25 17:00;0.3200;1.2946;7.2900;-0.9746;-6.9700
2025-09-25 18:00;0.3200;1.2946;7.2700;-0.9746;-6.9500
2025-09-25 19:00;0.3000;1.2946;7.2600;-0.9946;-6.9600
2025-09-25 20:00;0.2700;1.2946;7.2600;-1.0246;-6.9900
2025-09-25 21:00;0.2200;1.2946;7.2700;-1.0746;-7.0500
2025-09-25 22:00;0.1700;1.2946;7.3200;-1.1246;-7.1500
2025-09-25 23:00;0.1100;1.2946;7.4200;-1.1846;-7.3100
2025-09-26 00:00;0.0600;1.2946;7.6000;-1.2346;-7.5400
2025-09-26 01:00;0.0300;1.2946;7.8900;-1.2646;-7.8600
2025-09-26 02:00;0.0200;1.2946;8.3100;-1.2746;-8.2900
2025-09-26 03:00;0.0200;1.2946;8.8300;-1.2746;-8.8100
2025-09-26 04:00;0.0300;1.2946;9.4500;-1.2646;-9.4200
2025-09-26 05:00;0.0300;1.2946;10.1200;-1.2646;-10.0900
2025-09-26 06:00;0.0300;1.2946;10.8000;-1.2646;-10.7700
2025-09-26 07:00;0.0200;1.2946;11.4600;-1.2746;-11.4400
2025-09-26 08:00;0.0200;1.2946;12.0900;-1.2746;-12.0700
2025-09-26 09:00;0.0200;1.2946;12.6500;-1.2746;-12.6300
2025-09-26 10:00;0.0400;1.2946;13.1200;-1.2546;-13.0800
2025-09-26 11:00;0.1600;1.2946;13.4900;-1.1346;-13.3300
2025-09-26 12:00;0.2800;1.2946;13.7500;-1.0146;-13.4700
2025-09-26 13:00;0.3200;1.2946;13.8900;-0.9746;-13.5700
2025-09-26 14:00;0.3400;1.2946;13.9400;-0.9546;-13.6000
2025-09-26 15:00;0.3500;1.2946;13.9200;-0.9446;-13.5700
2025-09-26 16:00;0.3600;1.2946;13.8600;-0.9346;-13.5000
2025-09-26 17:00;0.3700;1.2946;13.7900;-0.9246;-13.4200
2025-09-26 18:00;0.3700;1.2946;13.7200;-0.9246;-13.3500
2025-09-26 19:00;0.3800;1.2946;13.6900;-0.9146;-13.3100
2025-09-26 20:00;0.3800;1.2946;13.7000;-0.9146;-13.3200
2025-09-26 21:00;0.3800;1.2946;13.7400;-0.9146;-13.3600
2025-09-26 22:00;0.3900;1.2946;13.8100;-0.9046;-13.4200
2025-09-26 23:00;0.3900;1.2946;13.9000;-0.9046;-13.5100
2025-09-27 00:00;0.4000;1.2946;13.9800;-0.8946;-13.5800
2025-09-27 01:00;0.4000;1.2946;14.0500;-0.8946;-13.6500
2025-09-27 02:00;0.4000;1.2946;14.1000;-0.8946;-13.7000
2025-09-27 03:00;0.4100;1.2946;14.1100;-0.8846;-13.7000
2025-09-27 04:00;0.4100;1.2946;14.0900;-0.8846;-13.6800
2025-09-27 05:00;0.4100;1.2946;14.0400;-0.8846;-13.6300
2025-09-27 06:00;0.4200;1.2946;13.9600;-0.8746;-13.5400
2025-09-27 07:00;0.4200;1.2946;13.8500;-0.8746;-13.4300
2025-09-27 08:00;0.4200;1.2946;13.7200;-0.8746;-13.3000
2025-09-27 09:00;0.4300;1.2946;13.5700;-0.8646;-13.1400
2025-09-27 10:00;1.1100;1.2946;13.4200;-0.1846;-12.3100
2025-09-27 11:00;2.6400;1.2946;13.2600;1.3454;-10.6200
2025-09-27 12:00;3.3000;1.2946;13.1000;2.0054;-9.8000
2025-09-27 13:00;2.9300;1.2946;12.9400;1.6354;-10.0100
2025-09-27 14:00;2.4400;1.2946;12.7900;1.1454;-10.3500
2025-09-27 15:00;1.7000;1.2946;12.6500;0.4054;-10.9500
2025-09-27 16:00;1.6200;1.2946;12.5200;0.3254;-10.9000
2025-09-27 17:00;2.4500;1.2946;12.4000;1.1554;-9.9500
2025-09-27 18:00;2.8300;1.2946;12.2900;1.5354;-9.4600
2025-09-27 19:00;2.6100;1.2946;12.2000;1.3154;-9.5900
2025-09-27 20:00;2.9300;1.2946;12.1100;1.6354;-9.1800
2025-09-27 21:00;2.7400;1.2946;12.0200;1.4454;-9.2800
2025-09-27 22:00;2.1900;1.2946;11.9300;0.8954;-9.7400
2025-09-27 23:00;1.6500;1.2946;11.8500;0.3554;-10.2000
2025-09-28 00:00;1.6200;1.2946;11.7800;0.3254;-10.1600
2025-09-28 01:00;1.8600;1.2946;11.7200;0.5654;-9.8600
2025-09-28 02:00;1.5500;1.2946;11.6800;0.2554;-10.1300
2025-09-28 03:00;1.3000;1.2946;11.6600;0.0054;-10.3600
2025-09-28 04:00;1.3100;1.2946;11.6600;0.0154;-10.3500
2025-09-28 05:00;1.0500;1.2946;11.6800;-0.2446;-10.6300
2025-09-28 06:00;0.6600;1.2946;11.6900;-0.6346;-11.0300
2025-09-28 07:00;0.4400;1.2946;11.7000;-0.8546;-11.2600
2025-09-28 08:00;0.4400;1.2946;11.6900;-0.8546;-11.2500
2025-09-28 09:00;0.4200;1.2946;11.6600;-0.8746;-11.2400
2025-09-28 10:00;0.4000;1.2946;11.6200;-0.8946;-11.2200
2025-09-28 11:00;0.3800;1.2946;11.5700;-0.9146;-11.1900
2025-09-28 12:00;0.3700;1.2946;11.5100;-0.9246;-11.1400
2025-09-28 13:00;0.3500;1.2946;11.4400;-0.9446;-11.0900
2025-09-28 14:00;0.3300;1.2946;11.3700;-0.9646;-11.0400
2025-09-28 15:00;0.2900;1.2946;11.3000;-1.0046;-11.0100
2025-09-28 16:00;0.1700;1.2946;11.2300;-1.1246;-11.0600
2025-09-28 17:00;0.0600;1.2946;11.1600;-1.2346;-11.1000
2025-09-28 18:00;0.0600;1.2946;11.0800;-1.2346;-11.0200
2025-09-28 19:00;0.0600;1.2946;11.0100;-1.2346;-10.9500
2025-09-28 20:00;0.0600;1.2946;10.9400;-1.2346;-10.8800
2025-09-28 21:00;0.0600;1.2946;10.8700;-1.2346;-10.8100
2025-09-28 22:00;0.0700;1.2946;10.8000;-1.2246;-10.7300
2025-09-28 23:00;0.0600;1.2946;10.7300;-1.2346;-10.6700
2025-09-29 00:00;0.0400;1.2946;10.6500;-1.2546;-10.6100
2025-09-29 01:00;0.0500;1.2946;10.5900;-1.2446;-10.5400
2025-09-29 02:00;0.0700;1.2946;10.5200;-1.2246;-10.4500
2025-09-29 03:00;0.0900;1.2946;10.4500;-1.2046;-10.3600
2025-09-29 04:00;0.0800;1.2946;10.3800;-1.2146;-10.3000
2025-09-29 05:00;0.0600;1.2946;10.3200;-1.2346;-10.2600
2025-09-29 06:00;0.0700;1.2946;10.2500;-1.2246;-10.1800
2025-09-29 07:00;0.0500;1.2946;10.1900;-1.2446;-10.1400
2025-09-29 08:00;0.0300;1.2946;10.1300;-1.2646;-10.1000
2025-09-29 09:00;0.0400;1.2946;10.0700;-1.2546;-10.0300
2025-09-29 10:00;0.0400;1.2946;10.0100;-1.2546;-9.9700
2025-09-29 11:00;0.0300;1.2946;9.9500;-1.2646;-9.9200
2025-09-29 12:00;0.0200;1.2946;9.9000;-1.2746;-9.8800
2025-09-29 13:00;0.0200;1.2946;9.8400;-1.2746;-9.8200
2025-09-29 14:00;0.0400;1.2946;9.7900;-1.2546;-9.7500
2025-09-29 15:00;0.0300;1.2946;9.7400;-1.2646;-9.7100
2025-09-29 16:00;0.0200;1.2946;9.6900;-1.2746;-9.6700
2025-09-29 17:00;0.0400;1.2946;9.6300;-1.2546;-9.5900
2025-09-29 18:00;0.0400;1.2946;9.5800;-1.2546;-9.5400
2025-09-29 19:00;0.0200;1.2946;9.5300;-1.2746;-9.5100
2025-09-29 20:00;0.0300;1.2946;9.4800;-1.2646;-9.4500
2025-09-29 21:00;0.0300;1.2946;9.4300;-1.2646;-9.4000
2025-09-29 22:00;0.0300;1.2946;9.3800;-1.2646;-9.3500
2025-09-29 23:00;0.0300;1.2946;9.3300;-1.2646;-9.3000
2025-09-30 00:00;0.0300;1.2946;9.2800;-1.2646;-9.2500
2025-09-30 01:00;0.0300;1.2946;9.2300;-1.2646;-9.2000
2025-09-30 02:00;0.0300;1.2946;9.1800;-1.2646;-9.1500
2025-09-30 03:00;0.0300;1.2946;9.1300;-1.2646;-9.1000
2025-09-30 04:00;0.0400;1.2946;9.0700;-1.2546;-9.0300
2025-09-30 05:00;0.0400;1.2946;9.0200;-1.2546;-8.9800
2025-09-30 06:00;0.0300;1.2946;8.9800;-1.2646;-8.9500
2025-09-30 07:00;0.0300;1.2946;8.9300;-1.2646;-8.9000
2025-09-30 08:00;0.0400;1.2946;8.8800;-1.2546;-8.8400
2025-09-30 09:00;0.0400;1.2946;8.8400;-1.2546;-8.8000
2025-09-30 10:00;0.0300;1.2946;8.7900;-1.2646;-8.7600
2025-09-30 11:00;0.0200;1.2946;8.7500;-1.2746;-8.7300
2025-09-30 12:00;0.0200;1.2946;8.7100;-1.2746;-8.6900
2025-09-30 13:00;0.0200;1.2946;8.6700;-1.2746;-8.6500
2025-09-30 14:00;0.0300;1.2946;8.6300;-1.2646;-8.6000
2025-09-30 15:00;0.0300;1.2946;8.5900;-1.2646;-8.5600
2025-09-30 16:00;0.0200;1.2946;8.5500;-1.2746;-8.5300
2025-09-30 17:00;0.0300;1.2946;8.5100;-1.2646;-8.4800
2025-09-30 18:00;0.0300;1.2946;8.4700;-1.2646;-8.4400
2025-09-30 19:00;0.0300;1.2946;8.4400;-1.2646;-8.4100
2025-09-30 20:00;0.0300;1.2946;8.4000;-1.2646;-8.3700
2025-09-30 21:00;0.0300;1.2946;8.3600;-1.2646;-8.3300
2025-09-30 22:00;0.0300;1.2946;8.3200;-1.2646;-8.2900
2025-09-30 23:00;0.0300;1.2946;8.2900;-1.2646;-8.2600
2025-10-01 00:00;0.0300;1.2946;8.2500;-1.2646;-8.2200
2025-10-01 01:00;0.0300;1.2946;8.2200;-1.2646;-8.1900
2025-10-01 02:00;0.0200;1.2946;8.1900;-1.2746;-8.1700
2025-10-01 03:00;0.0300;1.2946;8.1600;-1.2646;-8.1300
2025-10-01 04:00;0.0300;1.2946;8.1400;-1.2646;-8.1100
2025-10-01 05:00;0.0300;1.2946;8.1300;-1.2646;-8.1000
2025-10-01 06:00;0.0300;1.2946;8.1200;-1.2646;-8.0900
2025-10-01 07:00;0.0300;1.2946;8.1300;-1.2646;-8.1000
2025-10-01 08:00;0.0300;1.2946;8.1500;-1.2646;-8.1200
2025-10-01 09:00;0.0200;1.2946;8.1700;-1.2746;-8.1500
2025-10-01 10:00;0.0300;1.2946;8.1900;-1.2646;-8.1600
2025-10-01 11:00;0.0400;1.2946;8.2100;-1.2546;-8.1700
2025-10-01 12:00;0.0200;1.2946;8.2300;-1.2746;-8.2100
2025-10-01 13:00;0.0300;1.2946;8.2500;-1.2646;-8.2200
2025-10-01 14:00;0.0200;1.2946;8.2700;-1.2746;-8.2500
2025-10-01 15:00;0.0200;1.2946;8.2900;-1.2746;-8.2700
2025-10-01 16:00;0.0300;1.2946;8.3200;-1.2646;-8.2900
2025-10-01 17:00;0.0200;1.2946;8.3600;-1.2746;-8.3400
2025-10-01 18:00;0.0200;1.2946;8.4200;-1.2746;-8.4000
2025-10-01 19:00;0.0200;1.2946;8.4900;-1.2746;-8.4700
2025-10-01 20:00;0.0300;1.2946;8.5900;-1.2646;-8.5600
2025-10-01 21:00;0.0200;1.2946;8.7200;-1.2746;-8.7000
2025-10-01 22:00;0.0200;1.2946;8.9000;-1.2746;-8.8800
2025-10-01 23:00;0.0200;1.2946;9.1100;-1.2746;-9.0900
2025-10-02 00:00;0.0400;1.2946;9.3400;-1.2546;-9.3000
2025-10-02 01:00;0.0600;1.2946;9.5700;-1.2346;-9.5100
2025-10-02 02:00;0.0800;1.2946;9.7700;-1.2146;-9.6900
2025-10-02 03:00;0.0900;1.2946;9.9300;-1.2046;-9.8400
2025-10-02 04:00;0.1000;1.2946;10.0500;-1.1946;-9.9500
2025-10-02 05:00;0.0800;1.2946;10.1100;-1.2146;-10.0300
2025-10-02 06:00;0.0600;1.2946;10.1400;-1.2346;-10.0800
2025-10-02 07:00;0.0400;1.2946;10.1200;-1.2546;-10.0800
2025-10-02 08:00;0.0300;1.2946;10.0800;-1.2646;-10.0500
2025-10-02 09:00;0.0600;1.2946;10.0100;-1.2346;-9.9500
2025-10-02 10:00;0.0600;1.2946;9.9400;-1.2346;-9.8800
2025-10-02 11:00;0.0300;1.2946;9.8600;-1.2646;-9.8300
2025-10-02 12:00;0.0200;1.2946;9.7800;-1.2746;-9.7600
2025-10-02 13:00;0.0200;1.2946;9.7000;-1.2746;-9.6800
2025-10-02 14:00;0.0300;1.2946;9.6200;-1.2646;-9.5900
2025-10-02 15:00;0.0200;1.2946;9.5500;-1.2746;-9.5300
2025-10-02 16:00;0.0200;1.2946;9.4700;-1.2746;-9.4500
2025-10-02 17:00;0.0200;1.2946;9.4000;-1.2746;-9.3800
2025-10-02 18:00;0.0200;1.2946;9.3400;-1.2746;-9.3200
2025-10-02 19:00;0.0200;1.2946;9.2800;-1.2746;-9.2600
2025-10-02 20:00;0.0300;1.2946;9.2200;-1.2646;-9.1900
2025-10-02 21:00;0.0300;1.2946;9.1600;-1.2646;-9.1300
2025-10-02 22:00;0.0200;1.2946;9.1000;-1.2746;-9.0800
2025-10-02 23:00;0.0300;1.2946;9.0500;-1.2646;-9.0200
2025-10-03 00:00;0.0300;1.2946;8.9900;-1.2646;-8.9600
2025-10-03 01:00;0.0300;1.2946;8.9400;-1.2646;-8.9100
2025-10-03 02:00;0.0400;1.2946;8.8900;-1.2546;-8.8500
2025-10-03 03:00;0.0300;1.2946;8.8400;-1.2646;-8.8100
2025-10-03 04:00;0.0300;1.2946;8.7900;-1.2646;-8.7600
2025-10-03 05:00;0.0400;1.2946;8.7400;-1.2546;-8.7000
2025-10-03 06:00;0.0300;1.2946;8.6900;-1.2646;-8.6600
2025-10-03 07:00;0.0300;1.2946;8.6500;-1.2646;-8.6200
2025-10-03 08:00;0.0400;1.2946;8.6100;-1.2546;-8.5700
2025-10-03 09:00;0.0400;1.2946;8.5700;-1.2546;-8.5300
2025-10-03 10:00;0.0400;1.2946;8.5300;-1.2546;-8.4900
2025-10-03 11:00;0.0300;1.2946;8.4900;-1.2646;-8.4600
2025-10-03 12:00;0.0300;1.2946;8.4500;-1.2646;-8.4200
2025-10-03 13:00;0.0200;1.2946;8.4200;-1.2746;-8.4000
2025-10-03 14:00;0.0200;1.2946;8.3800;-1.2746;-8.3600
2025-10-03 15:00;0.0200;1.2946;8.3500;-1.2746;-8.3300
2025-10-03 16:00;0.0300;1.2946;8.3100;-1.2646;-8.2800
2025-10-03 17:00;0.0200;1.2946;8.2800;-1.2746;-8.2600
2025-10-03 18:00;0.0300;1.2946;8.2500;-1.2646;-8.2200
2025-10-03 19:00;0.0300;1.2946;8.2100;-1.2646;-8.1800
2025-10-03 20:00;0.0300;1.2946;8.1800;-1.2646;-8.1500
2025-10-03 21:00;0.0300;1.2946;8.1500;-1.2646;-8.1200
2025-10-03 22:00;0.0300;1.2946;8.1200;-1.2646;-8.0900
2025-10-03 23:00;0.0300;1.2946;8.0800;-1.2646;-8.0500
2025-10-04 00:00;0.0300;1.2946;8.0500;-1.2646;-8.0200
2025-10-04 01:00;0.0300;1.2946;8.0100;-1.2646;-7.9800
2025-10-04 02:00;0.0300;1.2946;7.9800;-1.2646;-7.9500
2025-10-04 03:00;0.0300;1.2946;7.9400;-1.2646;-7.9100
2025-10-04 04:00;0.0300;1.2946;7.9100;-1.2646;-7.8800
2025-10-04 05:00;0.0300;1.2946;7.8700;-1.2646;-7.8400
2025-10-04 06:00;0.0300;1.2946;7.8400;-1.2646;-7.8100
2025-10-04 07:00;0.0300;1.2946;7.8000;-1.2646;-7.7700
2025-10-04 08:00;0.0300;1.2946;7.7700;-1.2646;-7.7400
2025-10-04 09:00;0.0300;1.2946;7.7400;-1.2646;-7.7100
2025-10-04 10:00;0.0300;1.2946;7.7100;-1.2646;-7.6800
2025-10-04 11:00;0.0300;1.2946;7.6800;-1.2646;-7.6500
2025-10-04 12:00;0.0300;1.2946;7.6500;-1.2646;-7.6200
2025-10-04 13:00;0.0300;1.2946;7.6200;-1.2646;-7.5900
2025-10-04 14:00;0.0200;1.2946;7.5900;-1.2746;-7.5700
2025-10-04 15:00;0.0300;1.2946;7.5700;-1.2646;-7.5400
2025-10-04 16:00;0.0300;1.2946;7.5400;-1.2646;-7.5100
2025-10-04 17:00;0.0200;1.2946;7.5100;-1.2746;-7.4900
2025-10-04 18:00;0.0300;1.2946;7.4900;-1.2646;-7.4600
2025-10-04 19:00;0.0300;1.2946;7.4600;-1.2646;-7.4300
2025-10-04 20:00;0.0300;1.2946;7.4300;-1.2646;-7.4000
2025-10-04 21:00;0.0300;1.2946;7.4100;-1.2646;-7.3800
2025-10-04 22:00;0.0300;1.2946;7.3800;-1.2646;-7.3500
2025-10-04 23:00;0.0200;1.2946;7.3500;-1.2746;-7.3300
2025-10-05 00:00;0.0400;1.2946;7.3300;-1.2546;-7.2900
2025-10-05 01:00;0.0300;1.2946;7.3000;-1.2646;-7.2700
2025-10-05 02:00;0.0300;1.2946;7.2700;-1.2646;-7.2400
2025-10-05 03:00;0.0300;1.2946;7.2400;-1.2646;-7.2100
2025-10-05 04:00;0.0700;1.2946;7.2100;-1.2246;-7.1400
2025-10-05 05:00;0.0800;1.2946;7.1800;-1.2146;-7.1000
2025-10-05 06:00;0.0600;1.2946;7.1500;-1.2346;-7.0900
2025-10-05 07:00;0.0500;1.2946;7.1300;-1.2446;-7.0800
2025-10-05 08:00;0.0300;1.2946;7.1100;-1.2646;-7.0800
2025-10-05 09:00;0.0300;1.2946;7.1000;-1.2646;-7.0700
2025-10-05 10:00;0.0400;1.2946;7.1000;-1.2546;-7.0600
2025-10-05 11:00;0.0300;1.2946;7.1200;-1.2646;-7.0900
2025-10-05 12:00;0.0400;1.2946;7.1800;-1.2546;-7.1400
2025-10-05 13:00;0.0300;1.2946;7.2900;-1.2646;-7.2600
2025-10-05 14:00;0.0300;1.2946;7.4700;-1.2646;-7.4400
2025-10-05 15:00;0.0300;1.2946;7.7500;-1.2646;-7.7200
2025-10-05 16:00;0.0300;1.2946;8.1300;-1.2646;-8.1000
2025-10-05 17:00;0.0300;1.2946;8.6100;-1.2646;-8.5800
2025-10-05 18:00;0.0300;1.2946;9.1700;-1.2646;-9.1400
2025-10-05 19:00;0.0300;1.2946;9.7700;-1.2646;-9.7400
2025-10-05 20:00;0.0300;1.2946;10.3400;-1.2646;-10.3100
2025-10-05 21:00;0.0300;1.2946;10.8400;-1.2646;-10.8100
2025-10-05 22:00;0.0400;1.2946;11.2400;-1.2546;-11.2000
2025-10-05 23:00;0.0300;1.2946;11.5300;-1.2646;-11.5000
2025-10-06 00:00;0.0300;1.2946;11.7100;-1.2646;-11.6800
2025-10-06 01:00;0.0300;1.2946;11.8000;-1.2646;-11.7700
2025-10-06 02:00;0.0300;1.2946;11.8100;-1.2646;-11.7800
2025-10-06 03:00;0.0300;1.2946;11.7600;-1.2646;-11.7300
2025-10-06 04:00;0.0300;1.2946;11.6700;-1.2646;-11.6400
2025-10-06 05:00;0.0300;1.2946;11.5500;-1.2646;-11.5200
2025-10-06 06:00;0.0300;1.2946;11.4100;-1.2646;-11.3800
2025-10-06 07:00;0.0300;1.2946;11.2600;-1.2646;-11.2300
2025-10-06 08:00;0.0400;1.2946;11.1000;-1.2546;-11.0600
2025-10-06 09:00;0.0400;1.2946;10.9500;-1.2546;-10.9100
2025-10-06 10:00;0.0400;1.2946;10.7900;-1.2546;-10.7500
2025-10-06 11:00;0.0300;1.2946;10.6500;-1.2646;-10.6200
2025-10-06 12:00;0.0300;1.2946;10.5200;-1.2646;-10.4900
2025-10-06 13:00;0.0300;1.2946;10.3900;-1.2646;-10.3600
2025-10-06 14:00;0.0300;1.2946;10.2800;-1.2646;-10.2500
2025-10-06 15:00;0.0300;1.2946;10.1700;-1.2646;-10.1400
2025-10-06 16:00;0.0300;1.2946;10.0800;-1.2646;-10.0500
2025-10-06 17:00;0.0200;1.2946;9.9900;-1.2746;-9.9700
2025-10-06 18:00;0.0300;1.2946;9.9000;-1.2646;-9.8700
2025-10-06 19:00;0.0300;1.2946;9.8200;-1.2646;-9.7900
2025-10-06 20:00;0.0300;1.2946;9.7500;-1.2646;-9.7200
2025-10-06 21:00;0.0300;1.2946;9.6800;-1.2646;-9.6500
2025-10-06 22:00;0.0300;1.2946;9.6100;-1.2646;-9.5800
2025-10-06 23:00;0.0300;1.2946;9.5400;-1.2646;-9.5100
2025-10-07 00:00;0.0400;1.2946;9.4700;-1.2546;-9.4300
2025-10-07 01:00;0.0300;1.2946;9.4000;-1.2646;-9.3700
2025-10-07 02:00;0.0300;1.2946;9.3300;-1.2646;-9.3000
2025-10-07 03:00;0.0300;1.2946;9.2700;-1.2646;-9.2400
2025-10-07 04:00;0.0300;1.2946;9.2100;-1.2646;-9.1800
2025-10-07 05:00;0.0300;1.2946;9.1400;-1.2646;-9.1100
2025-10-07 06:00;0.0300;1.2946;9.0800;-1.2646;-9.0500
2025-10-07 07:00;0.0300;1.2946;9.0300;-1.2646;-9.0000
2025-10-07 08:00;0.0300;1.2946;8.9700;-1.2646;-8.9400
2025-10-07 09:00;0.0300;1.2946;8.9200;-1.2646;-8.8900
2025-10-07 10:00;0.0400;1.2946;8.8700;-1.2546;-8.8300
2025-10-07 11:00;0.0300;1.2946;8.8200;-1.2646;-8.7900
2025-10-07 12:00;0.0200;1.2946;8.7800;-1.2746;-8.7600
2025-10-07 13:00;0.0300;1.2946;8.7300;-1.2646;-8.7000
2025-10-07 14:00;0.0200;1.2946;8.6900;-1.2746;-8.6700
2025-10-07 15:00;0.0300;1.2946;8.6500;-1.2646;-8.6200
2025-10-07 16:00;0.0200;1.2946;8.6000;-1.2746;-8.5800
2025-10-07 17:00;0.0200;1.2946;8.5600;-1.2746;-8.5400
2025-10-07 18:00;0.0200;1.2946;8.5200;-1.2746;-8.5000
2025-10-07 19:00;0.0300;1.2946;8.4800;-1.2646;-8.4500
2025-10-07 20:00;0.0300;1.2946;8.4400;-1.2646;-8.4100
2025-10-07 21:00;0.0300;1.2946;8.4000;-1.2646;-8.3700
2025-10-07 22:00;0.0300;1.2946;8.3600;-1.2646;-8.3300
2025-10-07 23:00;0.0300;1.2946;8.3200;-1.2646;-8.2900
2025-10-08 00:00;0.0300;1.2946;8.2800;-1.2646;-8.2500
2025-10-08 01:00;0.0300;1.2946;8.2400;-1.2646;-8.2100
2025-10-08 02:00;0.0300;1.2946;8.1900;-1.2646;-8.1600
2025-10-08 03:00;0.0300;1.2946;8.1500;-1.2646;-8.1200
2025-10-08 04:00;0.0300;1.2946;8.1100;-1.2646;-8.0800
2025-10-08 05:00;0.0300;1.2946;8.0600;-1.2646;-8.0300
2025-10-08 06:00;0.0300;1.2946;8.0200;-1.2646;-7.9900
2025-10-08 07:00;0.0300;1.2946;7.9800;-1.2646;-7.9500
2025-10-08 08:00;0.0300;1.2946;7.9400;-1.2646;-7.9100
2025-10-08 09:00;0.0300;1.2946;7.9000;-1.2646;-7.8700
2025-10-08 10:00;0.0400;1.2946;7.8700;-1.2546;-7.8300
2025-10-08 11:00;0.0300;1.2946;7.8300;-1.2646;-7.8000
2025-10-08 12:00;0.0300;1.2946;7.8000;-1.2646;-7.7700
2025-10-08 13:00;0.0300;1.2946;7.7700;-1.2646;-7.7400
2025-10-08 14:00;0.0200;1.2946;7.7300;-1.2746;-7.7100
2025-10-08 15:00;0.0200;1.2946;7.7000;-1.2746;-7.6800
2025-10-08 16:00;0.0200;1.2946;7.6700;-1.2746;-7.6500
2025-10-08 17:00;0.0200;1.2946;7.6400;-1.2746;-7.6200
2025-10-08 18:00;0.0300;1.2946;7.6100;-1.2646;-7.5800
2025-10-08 19:00;0.0300;1.2946;7.5800;-1.2646;-7.5500
2025-10-08 20:00;0.0300;1.2946;7.5500;-1.2646;-7.5200
2025-10-08 21:00;0.0200;1.2946;7.5200;-1.2746;-7.5000
2025-10-08 22:00;0.0300;1.2946;7.4900;-1.2646;-7.4600
2025-10-08 23:00;0.0300;1.2946;7.4600;-1.2646;-7.4300
2025-10-09 00:00;0.0300;1.2946;7.4300;-1.2646;-7.4000
2025-10-09 01:00;0.0300;1.2946;7.4000;-1.2646;-7.3700
2025-10-09 02:00;0.0400;1.2946;7.3600;-1.2546;-7.3200
2025-10-09 03:00;0.0300;1.2946;7.3300;-1.2646;-7.3000
2025-10-09 04:00;0.0300;1.2946;7.3000;-1.2646;-7.2700
2025-10-09 05:00;0.0300;1.2946;7.2700;-1.2646;-7.2400
2025-10-09 06:00;0.0300;1.2946;7.2400;-1.2646;-7.2100
2025-10-09 07:00;0.0300;1.2946;7.2000;-1.2646;-7.1700
2025-10-09 08:00;0.0400;1.2946;7.1700;-1.2546;-7.1300
2025-10-09 09:00;0.0500;1.2946;7.1400;-1.2446;-7.0900
2025-10-09 10:00;0.0300;1.2946;7.1200;-1.2646;-7.0900
2025-10-09 11:00;0.0300;1.2946;7.0900;-1.2646;-7.0600
2025-10-09 12:00;0.0200;1.2946;7.0600;-1.2746;-7.0400
2025-10-09 13:00;0.0500;1.2946;7.0400;-1.2446;-6.9900
2025-10-09 14:00;0.0500;1.2946;7.0100;-1.2446;-6.9600
2025-10-09 15:00;0.0200;1.2946;6.9900;-1.2746;-6.9700
2025-10-09 16:00;0.0300;1.2946;6.9600;-1.2646;-6.9300
2025-10-09 17:00;0.0200;1.2946;6.9400;-1.2746;-6.9200
2025-10-09 18:00;0.0300;1.2946;6.9200;-1.2646;-6.8900
2025-10-09 19:00;0.0300;1.2946;6.8900;-1.2646;-6.8600
2025-10-09 20:00;0.0300;1.2946;6.8700;-1.2646;-6.8400
2025-10-09 21:00;0.0300;1.2946;6.8500;-1.2646;-6.8200
2025-10-09 22:00;0.0300;1.2946;6.8200;-1.2646;-6.7900
2025-10-09 23:00;0.0300;1.2946;6.8000;-1.2646;-6.7700
2025-10-10 00:00;0.0300;1.2946;6.7800;-1.2646;-6.7500
2025-10-10 01:00;0.0300;1.2946;6.7500;-1.2646;-6.7200
2025-10-10 02:00;0.0300;1.2946;6.7300;-1.2646;-6.7000
2025-10-10 03:00;0.0300;1.2946;6.7000;-1.2646;-6.6700
2025-10-10 04:00;0.0300;1.2946;6.6800;-1.2646;-6.6500
2025-10-10 05:00;0.0300;1.2946;6.6500;-1.2646;-6.6200
2025-10-10 06:00;0.0300;1.2946;6.6300;-1.2646;-6.6000
2025-10-10 07:00;0.0300;1.2946;6.6000;-1.2646;-6.5700
2025-10-10 08:00;0.0300;1.2946;6.5800;-1.2646;-6.5500
2025-10-10 09:00;0.0400;1.2946;6.5500;-1.2546;-6.5100
2025-10-10 10:00;0.0400;1.2946;6.5300;-1.2546;-6.4900
2025-10-10 11:00;0.0300;1.2946;6.5100;-1.2646;-6.4800
2025-10-10 12:00;0.0300;1.2946;6.4900;-1.2646;-6.4600
2025-10-10 13:00;0.0200;1.2946;6.4600;-1.2746;-6.4400
2025-10-10 14:00;0.0300;1.2946;6.4400;-1.2646;-6.4100
2025-10-10 15:00;0.0400;1.2946;6.4200;-1.2546;-6.3800
2025-10-10 16:00;0.0400;1.2946;6.4000;-1.2546;-6.3600
2025-10-10 17:00;0.0400;1.2946;6.3800;-1.2546;-6.3400
2025-10-10 18:00;0.0200;1.2946;6.3700;-1.2746;-6.3500
2025-10-10 19:00;0.0300;1.2946;6.3500;-1.2646;-6.3200
2025-10-10 20:00;0.0400;1.2946;6.3300;-1.2546;-6.2900
2025-10-10 21:00;0.0400;1.2946;6.3100;-1.2546;-6.2700
2025-10-10 22:00;0.0400;1.2946;6.2900;-1.2546;-6.2500
2025-10-10 23:00;0.0400;1.2946;6.2700;-1.2546;-6.2300
2025-10-11 00:00;0.0400;1.2946;6.2500;-1.2546;-6.2100
2025-10-11 01:00;0.0400;1.2946;6.2300;-1.2546;-6.1900
2025-10-11 02:00;0.0400;1.2946;6.2100;-1.2546;-6.1700
2025-10-11 03:00;0.0400;1.2946;6.1900;-1.2546;-6.1500
2025-10-11 04:00;0.0400;1.2946;6.1700;-1.2546;-6.1300
2025-10-11 05:00;0.0400;1.2946;6.1500;-1.2546;-6.1100
2025-10-11 06:00;0.0400;1.2946;6.1300;-1.2546;-6.0900
2025-10-11 07:00;0.0400;1.2946;6.1000;-1.2546;-6.0600
2025-10-11 08:00;0.0400;1.2946;6.0800;-1.2546;-6.0400
2025-10-11 09:00;0.0400;1.2946;6.0600;-1.2546;-6.0200
2025-10-11 10:00;0.0400;1.2946;6.0500;-1.2546;-6.0100
2025-10-11 11:00;0.0300;1.2946;6.0300;-1.2646;-6.0000
2025-10-11 12:00;0.0300;1.2946;6.0100;-1.2646;-5.9800
2025-10-11 13:00;0.0300;1.2946;5.9900;-1.2646;-5.9600
2025-10-11 14:00;0.0300;1.2946;5.9700;-1.2646;-5.9400
2025-10-11 15:00;0.0300;1.2946;5.9600;-1.2646;-5.9300
2025-10-11 16:00;0.0300;1.2946;5.9400;-1.2646;-5.9100
2025-10-11 17:00;0.0200;1.2946;5.9200;-1.2746;-5.9000
2025-10-11 18:00;0.0300;1.2946;5.9100;-1.2646;-5.8800
2025-10-11 19:00;0.0300;1.2946;5.8900;-1.2646;-5.8600
2025-10-11 20:00;0.0300;1.2946;5.8800;-1.2646;-5.8500
2025-10-11 21:00;0.0300;1.2946;5.8600;-1.2646;-5.8300
2025-10-11 22:00;0.0300;1.2946;5.8400;-1.2646;-5.8100
2025-10-11 23:00;0.0300;1.2946;5.8300;-1.2646;-5.8000
2025-10-12 00:00;0.0400;1.2946;5.8100;-1.2546;-5.7700
2025-10-12 01:00;0.0600;1.2946;5.7900;-1.2346;-5.7300
2025-10-12 02:00;0.2500;1.2946;5.7800;-1.0446;-5.5300
2025-10-12 03:00;0.3600;1.2946;5.7600;-0.9346;-5.4000
2025-10-12 04:00;0.4000;1.2946;5.7400;-0.8946;-5.3400
2025-10-12 05:00;0.4200;1.2946;5.7300;-0.8746;-5.3100
2025-10-12 06:00;0.4300;1.2946;5.7100;-0.8646;-5.2800
2025-10-12 07:00;0.4400;1.2946;5.6900;-0.8546;-5.2500
2025-10-12 08:00;0.4300;1.2946;5.6700;-0.8646;-5.2400
2025-10-12 09:00;0.4300;1.2946;5.6600;-0.8646;-5.2300
2025-10-12 10:00;0.4200;1.2946;5.6400;-0.8746;-5.2200
2025-10-12 11:00;0.4000;1.2946;5.6300;-0.8946;-5.2300
2025-10-12 12:00;0.3900;1.2946;5.6100;-0.9046;-5.2200
2025-10-12 13:00;0.3700;1.2946;5.6000;-0.9246;-5.2300
2025-10-12 14:00;0.3300;1.2946;5.5800;-0.9646;-5.2500
2025-10-12 15:00;0.2500;1.2946;5.5700;-1.0446;-5.3200
2025-10-12 16:00;0.0600;1.2946;5.5500;-1.2346;-5.4900
2025-10-12 17:00;0.0300;1.2946;5.5400;-1.2646;-5.5100
2025-10-12 18:00;0.0300;1.2946;5.5200;-1.2646;-5.4900
2025-10-12 19:00;0.0600;1.2946;5.5100;-1.2346;-5.4500
2025-10-12 20:00;0.2600;1.2946;5.5000;-1.0346;-5.2400
2025-10-12 21:00;0.3200;1.2946;5.4800;-0.9746;-5.1600
2025-10-12 22:00;0.3500;1.2946;5.4700;-0.9446;-5.1200
2025-10-12 23:00;0.3700;1.2946;5.4600;-0.9246;-5.0900
2025-10-13 00:00;0.4000;1.2946;5.4400;-0.8946;-5.0400
2025-10-13 01:00;3.1800;1.2946;5.4300;1.8854;-2.2500
2025-10-13 02:00;8.8300;1.2946;5.4200;7.5354;3.4100
2025-10-13 03:00;9.0300;1.2946;5.4000;7.7354;3.6300
2025-10-13 04:00;7.9500;1.2946;5.3900;6.6554;2.5600
2025-10-13 05:00;7.1500;1.2946;5.3700;5.8554;1.7800
2025-10-13 06:00;6.4700;1.2946;5.3600;5.1754;1.1100
2025-10-13 07:00;5.7300;1.2946;5.3400;4.4354;0.3900
2025-10-13 08:00;4.8700;1.2946;5.3300;3.5754;-0.4600
2025-10-13 09:00;4.5900;1.2946;5.3100;3.2954;-0.7200
2025-10-13 10:00;4.4100;1.2946;5.3000;3.1154;-0.8900
2025-10-13 11:00;3.6800;1.2946;5.2900;2.3854;-1.6100
2025-10-13 12:00;3.3400;1.2946;5.2700;2.0454;-1.9300
2025-10-13 13:00;2.9300;1.2946;5.2600;1.6354;-2.3300
2025-10-13 14:00;2.7800;1.2946;5.2500;1.4854;-2.4700
2025-10-13 15:00;2.5700;1.2946;5.2400;1.2754;-2.6700
2025-10-13 16:00;2.4600;1.2946;5.2200;1.1654;-2.7600
2025-10-13 17:00;1.6500;1.2946;5.2100;0.3554;-3.5600
2025-10-13 18:00;1.7900;1.2946;5.2000;0.4954;-3.4100
2025-10-13 19:00;1.6900;1.2946;5.1900;0.3954;-3.5000
2025-10-13 20:00;2.0400;1.2946;5.1800;0.7454;-3.1400
2025-10-13 21:00;2.8300;1.2946;5.1700;1.5354;-2.3400
2025-10-13 22:00;2.8900;1.2946;5.1500;1.5954;-2.2600
2025-10-13 23:00;2.4400;1.2946;5.1400;1.1454;-2.7000
2025-10-14 00:00;2.0200;1.2946;5.1300;0.7254;-3.1100
2025-10-14 01:00;1.8600;1.2946;5.1200;0.5654;-3.2600
2025-10-14 02:00;2.2300;1.2946;5.1100;0.9354;-2.8800
2025-10-14 03:00;2.4200;1.2946;5.0900;1.1254;-2.6700
2025-10-14 04:00;2.2300;1.2946;5.0800;0.9354;-2.8500
2025-10-14 05:00;1.9100;1.2946;5.0700;0.6154;-3.1600
2025-10-14 06:00;2.0600;1.2946;5.0600;0.7654;-3.0000
2025-10-14 07:00;2.4200;1.2946;5.0400;1.1254;-2.6200
2025-10-14 08:00;2.4200;1.2946;5.0300;1.1254;-2.6100
2025-10-14 09:00;2.5500;1.2946;5.0200;1.2554;-2.4700
2025-10-14 10:00;2.3600;1.2946;5.0100;1.0654;-2.6500
2025-10-14 11:00;1.6800;1.2946;5.0000;0.3854;-3.3200
2025-10-14 12:00;1.9400;1.2946;4.9800;0.6454;-3.0400
2025-10-14 13:00;1.9500;1.2946;4.9700;0.6554;-3.0200
2025-10-14 14:00;1.7900;1.2946;4.9600;0.4954;-3.1700
2025-10-14 15:00;1.5800;1.2946;4.9500;0.2854;-3.3700
2025-10-14 16:00;1.4700;1.2946;4.9400;0.1754;-3.4700
2025-10-14 17:00;1.6200;1.2946;4.9300;0.3254;-3.3100
2025-10-14 18:00;1.6300;1.2946;4.9200;0.3354;-3.2900
2025-10-14 19:00;2.2300;1.2946;4.9100;0.9354;-2.6800
2025-10-14 20:00;2.5900;1.2946;4.9000;1.2954;-2.3100
2025-10-14 21:00;2.4000;1.2946;4.8900;1.1054;-2.4900
2025-10-14 22:00;2.0000;1.2946;4.8800;0.7054;-2.8800
2025-10-14 23:00;1.8700;1.2946;4.8700;0.5754;-3.0000
2025-10-15 00:00;1.8200;1.2946;4.8600;0.5254;-3.0400
2025-10-15 01:00;2.4200;1.2946;4.8500;1.1254;-2.4300
2025-10-15 02:00;2.4200;1.2946;4.8300;1.1254;-2.4100
2025-10-15 03:00;2.1900;1.2946;4.8200;0.8954;-2.6300
2025-10-15 04:00;1.7800;1.2946;4.8100;0.4854;-3.0300
2025-10-15 05:00;1.6200;1.2946;4.8000;0.3254;-3.1800
2025-10-15 06:00;1.6200;1.2946;4.7900;0.3254;-3.1700
2025-10-15 07:00;1.6800;1.2946;4.7800;0.3854;-3.1000
2025-10-15 08:00;2.2300;1.2946;4.7700;0.9354;-2.5400
2025-10-15 09:00;2.6100;1.2946;4.7600;1.3154;-2.1500
2025-10-15 10:00;2.6600;1.2946;4.7500;1.3654;-2.0900
2025-10-15 11:00;2.0700;1.2946;4.7400;0.7754;-2.6700
2025-10-15 12:00;1.5400;1.2946;4.7300;0.2454;-3.1900
2025-10-15 13:00;1.4700;1.2946;4.7200;0.1754;-3.2500
2025-10-15 14:00;1.5200;1.2946;4.7100;0.2254;-3.1900
2025-10-15 15:00;1.3500;1.2946;4.7000;0.0554;-3.3500
2025-10-15 16:00;1.3000;1.2946;4.6900;0.0054;-3.3900
2025-10-15 17:00;1.2900;1.2946;4.6800;-0.0046;-3.3900
2025-10-15 18:00;1.3500;1.2946;4.6700;0.0554;-3.3200
2025-10-15 19:00;1.3200;1.2946;4.6600;0.0254;-3.3400
2025-10-15 20:00;1.4800;1.2946;4.6500;0.1854;-3.1700
2025-10-15 21:00;1.8600;1.2946;4.6500;0.5654;-2.7900
2025-10-15 22:00;2.5300;1.2946;4.6400;1.2354;-2.1100
2025-10-15 23:00;2.9300;1.2946;4.6300;1.6354;-1.7000
2025-10-16 00:00;2.8900;1.2946;4.6200;1.5954;-1.7300
2025-10-16 01:00;2.4400;1.2946;4.6100;1.1454;-2.1700
2025-10-16 02:00;2.0000;1.2946;4.6000;0.7054;-2.6000
2025-10-16 03:00;2.0500;1.2946;4.5900;0.7554;-2.5400
2025-10-16 04:00;2.4600;1.2946;4.5800;1.1654;-2.1200
2025-10-16 05:00;2.4200;1.2946;4.5700;1.1254;-2.1500
2025-10-16 06:00;1.9700;1.2946;4.5600;0.6754;-2.5900
2025-10-16 07:00;1.8200;1.2946;4.5500;0.5254;-2.7300
2025-10-16 08:00;1.7800;1.2946;4.5500;0.4854;-2.7700
2025-10-16 09:00;1.8900;1.2946;4.5400;0.5954;-2.6500
2025-10-16 10:00;1.8700;1.2946;4.5300;0.5754;-2.6600
2025-10-16 11:00;1.4100;1.2946;4.5200;0.1154;-3.1100
2025-10-16 12:00;1.2900;1.2946;4.5100;-0.0046;-3.2200
2025-10-16 13:00;1.3300;1.2946;4.5000;0.0354;-3.1700
2025-10-16 14:00;1.3000;1.2946;4.4900;0.0054;-3.1900
2025-10-16 15:00;1.1700;1.2946;4.4900;-0.1246;-3.3200
2025-10-16 16:00;1.1700;1.2946;4.4800;-0.1246;-3.3100
2025-10-16 17:00;1.0900;1.2946;4.4700;-0.2046;-3.3800
2025-10-16 18:00;1.2900;1.2946;4.4600;-0.0046;-3.1700
2025-10-16 19:00;1.5100;1.2946;4.4500;0.2154;-2.9400
2025-10-16 20:00;1.4800;1.2946;4.4500;0.1854;-2.9700
2025-10-16 21:00;1.5900;1.2946;4.4400;0.2954;-2.8500
2025-10-16 22:00;2.3800;1.2946;4.4300;1.0854;-2.0500
2025-10-16 23:00;2.4600;1.2946;4.4200;1.1654;-1.9600
2025-10-17 00:00;2.3200;1.2946;4.4200;1.0254;-2.1000
2025-10-17 01:00;1.9500;1.2946;4.4100;0.6554;-2.4600
2025-10-17 02:00;1.7500;1.2946;4.4000;0.4554;-2.6500
2025-10-17 03:00;1.6200;1.2946;4.3900;0.3254;-2.7700
2025-10-17 04:00;1.6200;1.2946;4.3800;0.3254;-2.7600
2025-10-17 05:00;1.6200;1.2946;4.3700;0.3254;-2.7500
2025-10-17 06:00;1.6200;1.2946;4.3700;0.3254;-2.7500
2025-10-17 07:00;1.6200;1.2946;4.3600;0.3254;-2.7400
2025-10-17 08:00;1.7000;1.2946;4.3500;0.4054;-2.6500
2025-10-17 09:00;1.8800;1.2946;4.3400;0.5854;-2.4600
2025-10-17 10:00;2.2100;1.2946;4.3300;0.9154;-2.1200
2025-10-17 11:00;1.5800;1.2946;4.3200;0.2854;-2.7400
2025-10-17 12:00;1.3800;1.2946;4.3200;0.0854;-2.9400
2025-10-17 13:00;1.2200;1.2946;4.3100;-0.0746;-3.0900
2025-10-17 14:00;1.3000;1.2946;4.3000;0.0054;-3.0000
2025-10-17 15:00;1.1400;1.2946;4.2900;-0.1546;-3.1500
2025-10-17 16:00;1.0300;1.2946;4.2900;-0.2646;-3.2600
2025-10-17 17:00;0.8100;1.2946;4.2800;-0.4846;-3.4700
2025-10-17 18:00;1.0600;1.2946;4.2700;-0.2346;-3.2100
2025-10-17 19:00;1.3700;1.2946;4.2700;0.0754;-2.9000
2025-10-17 20:00;1.4000;1.2946;4.2600;0.1054;-2.8600
2025-10-17 21:00;1.4000;1.2946;4.2500;0.1054;-2.8500
2025-10-17 22:00;1.4800;1.2946;4.2500;0.1854;-2.7700
2025-10-17 23:00;1.7000;1.2946;4.2400;0.4054;-2.5400
2025-10-18 00:00;2.1900;1.2946;4.2300;0.8954;-2.0400
2025-10-18 01:00;2.5700;1.2946;4.2300;1.2754;-1.6600
2025-10-18 02:00;2.8900;1.2946;4.2200;1.5954;-1.3300
2025-10-18 03:00;2.8100;1.2946;4.2100;1.5154;-1.4000
2025-10-18 04:00;2.4900;1.2946;4.2000;1.1954;-1.7100
2025-10-18 05:00;2.1400;1.2946;4.2000;0.8454;-2.0600
2025-10-18 06:00;1.9100;1.2946;4.1900;0.6154;-2.2800
2025-10-18 07:00;2.0600;1.2946;4.1800;0.7654;-2.1200
2025-10-18 08:00;2.5500;1.2946;4.1700;1.2554;-1.6200
2025-10-18 09:00;2.6600;1.2946;4.1700;1.3654;-1.5100
2025-10-18 10:00;2.7200;1.2946;4.1600;1.4254;-1.4400
2025-10-18 11:00;1.6900;1.2946;4.1500;0.3954;-2.4600
2025-10-18 12:00;1.3300;1.2946;4.1400;0.0354;-2.8100
2025-10-18 13:00;1.2000;1.2946;4.1400;-0.0946;-2.9400
2025-10-18 14:00;1.0300;1.2946;4.1300;-0.2646;-3.1000
2025-10-18 15:00;1.0800;1.2946;4.1200;-0.2146;-3.0400
2025-10-18 16:00;0.7500;1.2946;4.1200;-0.5446;-3.3700
2025-10-18 17:00;0.7100;1.2946;4.1100;-0.5846;-3.4000
2025-10-18 18:00;1.0300;1.2946;4.1100;-0.2646;-3.0800
2025-10-18 19:00;1.3500;1.2946;4.1000;0.0554;-2.7500
2025-10-18 20:00;1.3200;1.2946;4.0900;0.0254;-2.7700
2025-10-18 21:00;1.3200;1.2946;4.0900;0.0254;-2.7700
2025-10-18 22:00;1.4000;1.2946;4.0800;0.1054;-2.6800
2025-10-18 23:00;1.5100;1.2946;4.0800;0.2154;-2.5700
2025-10-19 00:00;1.5400;1.2946;4.0700;0.2454;-2.5300
2025-10-19 01:00;1.5700;1.2946;4.0600;0.2754;-2.4900
2025-10-19 02:00;1.6200;1.2946;4.0600;0.3254;-2.4400
2025-10-19 03:00;1.6700;1.2946;4.0500;0.3754;-2.3800
2025-10-19 04:00;1.5700;1.2946;4.0400;0.2754;-2.4700
2025-10-19 05:00;1.5500;1.2946;4.0400;0.2554;-2.4900
2025-10-19 06:00;1.5300;1.2946;4.0300;0.2354;-2.5000
2025-10-19 07:00;1.5900;1.2946;4.0200;0.2954;-2.4300
2025-10-19 08:00;1.6700;1.2946;4.0200;0.3754;-2.3500
2025-10-19 09:00;1.5900;1.2946;4.0100;0.2954;-2.4200
2025-10-19 10:00;1.8600;1.2946;4.0000;0.5654;-2.1400
2025-10-19 11:00;1.4600;1.2946;4.0000;0.1654;-2.5400
2025-10-19 12:00;1.4200;1.2946;3.9900;0.1254;-2.5700
2025-10-19 13:00;1.4200;1.2946;3.9800;0.1254;-2.5600
2025-10-19 14:00;1.2500;1.2946;3.9800;-0.0446;-2.7300
2025-10-19 15:00;1.1100;1.2946;3.9700;-0.1846;-2.8600
2025-10-19 16:00;1.1900;1.2946;3.9600;-0.1046;-2.7700
2025-10-19 17:00;1.1100;1.2946;3.9600;-0.1846;-2.8500
2025-10-19 18:00;1.3200;1.2946;3.9500;0.0254;-2.6300
2025-10-19 19:00;1.5300;1.2946;3.9500;0.2354;-2.4200
2025-10-19 20:00;1.5100;1.2946;3.9400;0.2154;-2.4300
2025-10-19 21:00;1.4900;1.2946;3.9400;0.1954;-2.4500
2025-10-19 22:00;1.5900;1.2946;3.9300;0.2954;-2.3400
2025-10-19 23:00;1.6200;1.2946;3.9300;0.3254;-2.3100
2025-10-20 00:00;1.8900;1.2946;3.9200;0.5954;-2.0300
2025-10-20 01:00;2.4900;1.2946;3.9100;1.1954;-1.4200
2025-10-20 02:00;2.5700;1.2946;3.9100;1.2754;-1.3400
2025-10-20 03:00;2.4000;1.2946;3.9000;1.1054;-1.5000
2025-10-20 04:00;2.3200;1.2946;3.9000;1.0254;-1.5800
2025-10-20 05:00;2.3800;1.2946;3.8900;1.0854;-1.5100
2025-10-20 06:00;2.4600;1.2946;3.8800;1.1654;-1.4200
2025-10-20 07:00;2.4000;1.2946;3.8800;1.1054;-1.4800
2025-10-20 08:00;2.1700;1.2946;3.8700;0.8754;-1.7000
2025-10-20 09:00;1.9100;1.2946;3.8600;0.6154;-1.9500
2025-10-20 10:00;1.8900;1.2946;3.8600;0.5954;-1.9700
2025-10-20 11:00;1.7900;1.2946;3.8500;0.4954;-2.0600
2025-10-20 12:00;1.7000;1.2946;3.8500;0.4054;-2.1500
2025-10-20 13:00;1.5700;1.2946;3.8400;0.2754;-2.2700
2025-10-20 14:00;1.5800;1.2946;3.8300;0.2854;-2.2500
2025-10-20 15:00;1.9500;1.2946;3.8300;0.6554;-1.8800
2025-10-20 16:00;2.5700;1.2946;3.8200;1.2754;-1.2500
2025-10-20 17:00;2.7800;1.2946;3.8200;1.4854;-1.0400
2025-10-20 18:00;2.4200;1.2946;3.8200;1.1254;-1.4000
2025-10-20 19:00;2.0600;1.2946;3.8100;0.7654;-1.7500
2025-10-20 20:00;2.4200;1.2946;3.8100;1.1254;-1.3900
2025-10-20 21:00;2.9300;1.2946;3.8100;1.6354;-0.8800
2025-10-20 22:00;2.9300;1.2946;3.8100;1.6354;-0.8800
2025-10-20 23:00;2.6800;1.2946;3.8100;1.3854;-1.1300
2025-10-21 00:00;3.1300;1.2946;3.8100;1.8354;-0.6800
2025-10-21 01:00;3.8900;1.2946;3.8200;2.5954;0.0700
2025-10-21 02:00;3.7700;1.2946;3.8300;2.4754;-0.0600
2025-10-21 03:00;3.4500;1.2946;3.8500;2.1554;-0.4000
2025-10-21 04:00;3.4500;1.2946;3.8700;2.1554;-0.4200
2025-10-21 05:00;3.5300;1.2946;3.8900;2.2354;-0.3600
2025-10-21 06:00;3.4500;1.2946;3.9200;2.1554;-0.4700
2025-10-21 07:00;3.5500;1.2946;3.9500;2.2554;-0.4000
2025-10-21 08:00;3.9200;1.2946;3.9900;2.6254;-0.0700
2025-10-21 09:00;3.9600;1.2946;4.0300;2.6654;-0.0700
2025-10-21 10:00;3.6800;1.2946;4.0700;2.3854;-0.3900
2025-10-21 11:00;3.4000;1.3029;4.1200;2.0971;-0.7200
2025-10-21 12:00;3.6800;1.7156;4.1800;1.9644;-0.5000
2025-10-21 13:00;4.4100;2.5366;4.2700;1.8734;0.1400
2025-10-21 14:00;4.1100;2.5134;4.4800;1.5966;-0.3700
2025-10-21 15:00;3.9600;2.2758;5.1000;1.6842;-1.1400
2025-10-21 16:00;3.3200;1.9633;6.6800;1.3567;-3.3600
2025-10-21 17:00;2.4900;1.8422;9.8900;0.6478;-7.4000
2025-10-21 18:00;3.0200;1.6493;14.8900;1.3707;-11.8700
2025-10-21 19:00;3.4500;1.5490;20.8000;1.9010;-17.3500
2025-10-21 20:00;5.7200;1.3933;26.2000;4.3267;-20.4800
2025-10-21 21:00;12.6900;1.3135;30.1000;11.3765;-17.4100
2025-10-21 22:00;23.5500;1.2946;32.3100;22.2554;-8.7600
2025-10-21 23:00;26.4700;1.2946;33.1400;25.1754;-6.6700
2025-10-22 00:00;26.4700;1.2946;33.0400;25.1754;-6.5700
2025-10-22 01:00;26.4100;1.2946;32.3600;25.1154;-5.9500
2025-10-22 02:00;25.0100;1.2946;31.3700;23.7154;-6.3600
2025-10-22 03:00;24.3300;1.2946;30.2500;23.0354;-5.9200
2025-10-22 04:00;23.4800;1.2946;29.0900;22.1854;-5.6100
2025-10-22 05:00;21.6500;1.2946;27.9700;20.3554;-6.3200
2025-10-22 06:00;20.6100;1.2946;26.9000;19.3154;-6.2900
2025-10-22 07:00;20.4900;1.2946;25.9000;19.1954;-5.4100
2025-10-22 08:00;19.0800;1.2946;24.9900;17.7854;-5.9100
2025-10-22 09:00;17.9300;1.2946;24.1600;16.6354;-6.2300
2025-10-22 10:00;17.5800;1.2946;23.4100;16.2854;-5.8300
2025-10-22 11:00;16.8200;1.2946;22.7300;15.5254;-5.9100
2025-10-22 12:00;16.7100;1.2946;22.1300;15.4154;-5.4200
2025-10-22 13:00;15.8500;1.2946;21.6200;14.5554;-5.7700
2025-10-22 14:00;15.3400;1.2946;21.2000;14.0454;-5.8600
2025-10-22 15:00;14.2800;1.2946;20.9000;12.9854;-6.6200
2025-10-22 16:00;13.8200;1.2946;20.7500;12.5254;-6.9300
2025-10-22 17:00;13.0600;1.2946;20.7400;11.7654;-7.6800
2025-10-22 18:00;13.0600;1.2946;20.8700;11.7654;-7.8100
2025-10-22 19:00;12.9400;1.2946;21.0900;11.6454;-8.1500
2025-10-22 20:00;12.0800;1.3233;21.3600;10.7567;-9.2800
2025-10-22 21:00;12.0800;1.8028;21.6900;10.2772;-9.6100
2025-10-22 22:00;11.4700;1.8754;22.1600;9.5946;-10.6900
2025-10-22 23:00;11.1000;1.8250;22.9100;9.2750;-11.8100
2025-10-23 00:00;10.8200;1.7646;24.0500;9.0554;-13.2300
2025-10-23 01:00;10.1300;1.6815;25.5800;8.4485;-15.4500
2025-10-23 02:00;10.4900;1.5830;27.3900;8.9070;-16.9000
2025-10-23 03:00;11.1000;1.4538;29.2200;9.6462;-18.1200
2025-10-23 04:00;11.1000;1.3989;30.8300;9.7011;-19.7300
2025-10-23 05:00;11.9700;1.3997;32.0100;10.5703;-20.0400
2025-10-23 06:00;18.6900;1.4514;32.6800;17.2386;-13.9900
2025-10-23 07:00;35.6300;1.4184;32.9100;34.2116;2.7200
2025-10-23 08:00;36.4300;1.3659;32.8300;35.0641;3.6000
2025-10-23 09:00;34.6800;1.3456;32.6100;33.3344;2.0700
2025-10-23 10:00;32.6800;1.3530;32.3500;31.3270;0.3300
2025-10-23 11:00;31.1100;1.3885;32.1200;29.7215;-1.0100
2025-10-23 12:00;29.9700;1.3744;31.9300;28.5956;-1.9600
2025-10-23 13:00;29.0400;1.4473;31.7400;27.5927;-2.7000
2025-10-23 14:00;26.6800;1.5995;31.5500;25.0805;-4.8700
2025-10-23 15:00;26.7300;2.6840;31.3900;24.0460;-4.6600
2025-10-23 16:00;28.2600;10.9883;31.4000;17.2717;-3.1400
2025-10-23 17:00;27.2600;22.7110;31.9500;4.5490;-4.6900
2025-10-23 18:00;30.0400;39.0134;33.9400;-8.9734;-3.9000
2025-10-23 19:00;31.5400;39.1938;39.3400;-7.6538;-7.8000
2025-10-23 20:00;33.4000;70.1333;50.9000;-36.7333;-17.5000
2025-10-23 21:00;62.7900;73.4492;69.8100;-10.6592;-7.0200
2025-10-23 22:00;188.3300;102.2366;92.8500;86.0934;95.4800
2025-10-23 23:00;169.9300;87.9897;113.5400;81.9403;56.3900
2025-10-24 00:00;139.4000;97.8115;126.4900;41.5885;12.9100
2025-10-24 01:00;114.1000;70.3291;130.3600;43.7709;-16.2600
2025-10-24 02:00;101.7700;51.2918;127.1000;50.4782;-25.3300
2025-10-24 03:00;90.8600;36.2333;119.7100;54.6267;-28.8500
2025-10-24 04:00;81.7300;30.5661;110.5500;51.1639;-28.8200
2025-10-24 05:00;73.8700;22.5905;101.2100;51.2795;-27.3400
2025-10-24 06:00;67.4900;17.6476;92.4900;49.8424;-25.0000
2025-10-24 07:00;61.9800;14.0173;84.6500;47.9627;-22.6700
2025-10-24 08:00;55.2900;11.6782;77.7500;43.6118;-22.4600
2025-10-24 09:00;54.8900;10.0612;71.7500;44.8288;-16.8600
2025-10-24 10:00;52.2800;7.8166;66.5800;44.4634;-14.3000
2025-10-24 11:00;43.7200;5.5874;62.1500;38.1326;-18.4300
2025-10-24 12:00;39.5500;4.2536;58.3600;35.2964;-18.8100
2025-10-24 13:00;36.3500;3.1294;55.1100;33.2206;-18.7600
2025-10-24 14:00;32.9000;2.6266;52.3200;30.2734;-19.4200
2025-10-24 15:00;30.9700;2.1876;49.8900;28.7824;-18.9200
2025-10-24 16:00;29.1800;1.9445;47.7500;27.2355;-18.5700
2025-10-24 17:00;28.2600;1.8954;45.8500;26.3646;-17.5900
2025-10-24 18:00;28.9000;1.8879;44.1400;27.0121;-15.2400
2025-10-24 19:00;28.1100;1.9085;42.5900;26.2015;-14.4800
2025-10-24 20:00;28.0400;1.9386;41.1900;26.1014;-13.1500
2025-10-24 21:00;27.4000;1.9408;39.9000;25.4592;-12.5000
2025-10-24 22:00;26.8300;1.9227;38.7200;24.9073;-11.8900
2025-10-24 23:00;27.2000;1.9208;37.6300;25.2792;-10.4300
2025-10-25 00:00;25.6800;1.9117;36.6200;23.7683;-10.9400
2025-10-25 01:00;24.0900;1.8966;35.6800;22.1934;-11.5900
2025-10-25 02:00;23.2400;1.8727;34.8000;21.3673;-11.5600
2025-10-25 03:00;22.6300;1.8100;33.9900;20.8200;-11.3600
2025-10-25 04:00;22.6300;1.7323;33.2300;20.8977;-10.6000
2025-10-25 05:00;21.9600;1.6433;32.5300;20.3167;-10.5700
2025-10-25 06:00;21.2900;1.5864;31.8800;19.7036;-10.5900
2025-10-25 07:00;20.3100;1.5464;31.2900;18.7636;-10.9800
2025-10-25 08:00;20.0700;1.5013;30.7400;18.5687;-10.6700
2025-10-25 09:00;20.4900;1.4470;30.2300;19.0430;-9.7400
2025-10-25 10:00;19.0800;1.3668;29.7600;17.7132;-10.6800
2025-10-25 11:00;17.2700;1.3284;29.3000;15.9416;-12.0300
2025-10-25 12:00;16.7100;1.3011;28.8600;15.4089;-12.1500
2025-10-25 13:00;16.2600;1.2946;28.4200;14.9654;-12.1600
2025-10-25 14:00;15.7500;1.2946;27.9800;14.4554;-12.2300
2025-10-25 15:00;16.5100;1.2946;27.5600;15.2154;-11.0500
2025-10-25 16:00;16.6100;1.2946;27.1600;15.3154;-10.5500
2025-10-25 17:00;16.4100;1.2946;26.8000;15.1154;-10.3900
2025-10-25 18:00;16.1600;1.2946;26.5100;14.8654;-10.3500
2025-10-25 19:00;15.5000;1.2946;26.2900;14.2054;-10.7900
2025-10-25 20:00;15.1900;1.2946;26.1500;13.8954;-10.9600
2025-10-25 21:00;14.8400;1.2946;26.0700;13.5454;-11.2300
2025-10-25 22:00;14.8400;1.2946;26.0000;13.5454;-11.1600
2025-10-25 23:00;14.5300;1.2946;25.9100;13.2354;-11.3800
2025-10-26 00:00;14.0800;1.2946;25.7800;12.7854;-11.7000
2025-10-26 01:00;14.2800;1.2946;25.6000;12.9854;-11.3200
2025-10-26 02:00;14.2800;1.2946;25.3500;12.9854;-11.0700
2025-10-26 03:00;15.0900;1.2946;25.0600;13.7954;-9.9700
2025-10-26 04:00;15.0400;1.2946;24.7400;13.7454;-9.7000
2025-10-26 05:00;15.4500;1.2946;24.4000;14.1554;-8.9500
2025-10-26 06:00;13.9700;1.2946;24.0400;12.6754;-10.0700
2025-10-26 07:00;14.0800;1.2946;23.6800;12.7854;-9.6000
2025-10-26 08:00;14.2800;1.2946;23.3300;12.9854;-9.0500
2025-10-26 09:00;14.8900;1.2946;22.9800;13.5954;-8.0900
2025-10-26 10:00;13.9200;1.2946;22.6300;12.6254;-8.7100
2025-10-26 11:00;12.4500;1.2946;22.3000;11.1554;-9.8500
2025-10-26 12:00;11.8000;1.2946;21.9800;10.5054;-10.1800
2025-10-26 13:00;11.5900;1.2946;21.6700;10.2954;-10.0800
2025-10-26 14:00;11.1900;1.2946;21.3900;9.8954;-10.2000
2025-10-26 15:00;10.9800;1.2946;21.1200;9.6854;-10.1400
2025-10-26 16:00;9.9600;1.2946;20.8800;8.6654;-10.9200
2025-10-26 17:00;10.0400;1.2946;20.6500;8.7454;-10.6100
2025-10-26 18:00;10.9800;1.2946;20.4500;9.6854;-9.4700
2025-10-26 19:00;11.2700;1.2946;20.2600;9.9754;-8.9900
2025-10-26 20:00;11.2700;1.2946;20.0700;9.9754;-8.8000
2025-10-26 21:00;11.1000;1.2946;19.8900;9.8054;-8.7900
2025-10-26 22:00;11.1000;1.2946;19.7100;9.8054;-8.6100
2025-10-26 23:00;11.1000;1.2946;19.5400;9.8054;-8.4400
2025-10-27 00:00;11.1000;1.2946;19.3500;9.8054;-8.2500
2025-10-27 01:00;10.7400;1.2946;19.1700;9.4454;-8.4300
2025-10-27 02:00;10.1300;1.2946;18.9800;8.8354;-8.8500
2025-10-27 03:00;10.0400;1.2946;18.7900;8.7454;-8.7500
2025-10-27 04:00;10.1300;1.2946;18.6000;8.8354;-8.4700
2025-10-27 05:00;10.1300;1.2946;18.4200;8.8354;-8.2900
2025-10-27 06:00;10.1300;1.2946;18.2500;8.8354;-8.1200
2025-10-27 07:00;10.4500;1.2961;18.1000;9.1539;-7.6500
2025-10-27 08:00;10.7400;1.3000;17.9600;9.4400;-7.2200
2025-10-27 09:00;11.5900;1.2983;17.8300;10.2917;-6.2400
2025-10-27 10:00;11.3500;1.2946;17.7200;10.0554;-6.3700
2025-10-27 11:00;9.5600;1.2946;17.6100;8.2654;-8.0500
2025-10-27 12:00;8.8600;1.2946;17.5000;7.5654;-8.6400
2025-10-27 13:00;8.7000;1.2946;17.4000;7.4054;-8.7000
2025-10-27 14:00;7.9900;1.2946;17.2800;6.6954;-9.2900
2025-10-27 15:00;7.2800;1.2946;17.1700;5.9854;-9.8900
2025-10-27 16:00;6.8700;1.2946;17.0400;5.5754;-10.1700
2025-10-27 17:00;7.9400;1.2946;16.9100;6.6454;-8.9700
2025-10-27 18:00;7.7400;1.2946;16.7800;6.4454;-9.0400
2025-10-27 19:00;8.0500;1.2946;16.6300;6.7554;-8.5800
2025-10-27 20:00;8.3300;1.2946;16.4800;7.0354;-8.1500
2025-10-27 21:00;8.3300;1.2946;16.3200;7.0354;-7.9900
2025-10-27 22:00;9.0300;1.2946;16.1600;7.7354;-7.1300
2025-10-27 23:00;9.3100;1.2946;15.9900;8.0154;-6.6800
2025-10-28 00:00;8.9800;1.2946;15.8300;7.6854;-6.8500
2025-10-28 01:00;9.2300;1.2946;15.6600;7.9354;-6.4300
2025-10-28 02:00;9.1500;1.2946;15.5000;7.8554;-6.3500
2025-10-28 03:00;8.6200;1.2946;15.3500;7.3254;-6.7300
2025-10-28 04:00;8.4600;1.2946;15.2000;7.1654;-6.7400
2025-10-28 05:00;8.6200;1.2946;15.0500;7.3254;-6.4300
2025-10-28 06:00;8.2500;1.2946;14.9100;6.9554;-6.6600
2025-10-28 07:00;8.7000;1.2946;14.7800;7.4054;-6.0800
2025-10-28 08:00;9.1500;1.2946;14.6400;7.8554;-5.4900
2025-10-28 09:00;9.4700;1.2946;14.5200;8.1754;-5.0500
2025-10-28 10:00;9.1100;1.2946;14.4000;7.8154;-5.2900
2025-10-28 11:00;7.7400;1.2946;14.2800;6.4454;-6.5400
2025-10-28 12:00;6.8100;1.2946;14.1600;5.5154;-7.3500
2025-10-28 13:00;6.5100;1.2946;14.0500;5.2154;-7.5400
2025-10-28 14:00;6.2900;1.2946;13.9400;4.9954;-7.6500
2025-10-28 15:00;5.8600;1.2946;13.8400;4.5654;-7.9800
2025-10-28 16:00;5.0200;1.2946;13.7300;3.7254;-8.7100
2025-10-28 17:00;5.8900;1.2946;13.6300;4.5954;-7.7400
2025-10-28 18:00;6.6300;1.2946;13.5300;5.3354;-6.9000
2025-10-28 19:00;7.1200;1.2946;13.4300;5.8254;-6.3100
2025-10-28 20:00;7.0900;1.2946;13.3300;5.7954;-6.2400
2025-10-28 21:00;7.7100;1.2946;13.2300;6.4154;-5.5200
2025-10-28 22:00;8.3300;1.2946;13.1300;7.0354;-4.8000
2025-10-28 23:00;8.2500;1.2946;13.0300;6.9554;-4.7800
2025-10-29 00:00;8.1100;1.2946;12.9300;6.8154;-4.8200
2025-10-29 01:00;7.5500;1.2946;12.8300;6.2554;-5.2800
2025-10-29 02:00;7.9900;1.2946;12.7300;6.6954;-4.7400
2025-10-29 03:00;8.0200;1.2946;12.6400;6.7254;-4.6200
2025-10-29 04:00;7.4300;1.2946;12.5400;6.1354;-5.1100
2025-10-29 05:00;7.3700;1.2946;12.4500;6.0754;-5.0800
2025-10-29 06:00;7.6500;1.2946;12.3600;6.3554;-4.7100
2025-10-29 07:00;7.4600;1.2946;12.2700;6.1654;-4.8100
2025-10-29 08:00;7.7700;1.2946;12.1900;6.4754;-4.4200
2025-10-29 09:00;6.2800;1.2946;12.1100;4.9854;-5.8300
2025-10-29 10:00;1.1000;1.2946;12.0200;-0.1946;-10.9200
2025-10-29 11:00;0.4200;1.2946;11.9500;-0.8746;-11.5300
2025-10-29 12:00;0.4000;1.2946;11.8700;-0.8946;-11.4700
2025-10-29 13:00;0.3800;1.2946;11.7900;-0.9146;-11.4100
2025-10-29 14:00;0.3500;1.2946;11.7200;-0.9446;-11.3700
2025-10-29 15:00;0.3000;1.2946;11.6500;-0.9946;-11.3500
2025-10-29 16:00;0.2100;1.2946;11.5700;-1.0846;-11.3600
2025-10-29 17:00;0.1400;1.2946;11.5000;-1.1546;-11.3600
2025-10-29 18:00;0.1600;1.2946;11.4300;-1.1346;-11.2700
2025-10-29 19:00;0.3800;1.2946;11.3600;-0.9146;-10.9800
2025-10-29 20:00;0.4800;1.2946;11.2900;-0.8146;-10.8100
2025-10-29 21:00;3.5400;1.2946;11.2200;2.2454;-7.6800
2025-10-29 22:00;5.8600;1.2946;11.1600;4.5654;-5.3000
2025-10-29 23:00;5.7300;1.2946;11.0900;4.4354;-5.3600
2025-10-30 00:00;6.1700;1.2946;11.0200;4.8754;-4.8500
2025-10-30 01:00;5.7300;1.2946;10.9500;4.4354;-5.2200
2025-10-30 02:00;5.4900;1.2946;10.8800;4.1954;-5.3900
2025-10-30 03:00;5.8600;1.2946;10.8200;4.5654;-4.9600
2025-10-30 04:00;6.1000;1.2946;10.7600;4.8054;-4.6600
2025-10-30 05:00;6.6900;1.2946;10.7100;5.3954;-4.0200
2025-10-30 06:00;6.4700;1.2946;10.6800;5.1754;-4.2100
2025-10-30 07:00;6.0100;1.2946;10.6700;4.7154;-4.6600
2025-10-30 08:00;5.9800;3.0626;10.6900;2.9174;-4.7100
2025-10-30 09:00;6.3800;12.3360;10.7500;-5.9560;-4.3700
2025-10-30 10:00;6.7200;27.2813;10.8900;-20.5613;-4.1700
2025-10-30 11:00;7.5800;53.2469;11.3700;-45.6669;-3.7900
2025-10-30 12:00;8.8200;95.8101;14.3900;-86.9901;-5.5700
2025-10-30 13:00;10.1300;197.3716;32.4700;-187.2416;-22.3400
2025-10-30 14:00;89.5600;278.0305;93.3100;-188.4705;-3.7500
2025-10-30 15:00;360.8000;412.4586;210.7700;-51.6586;150.0300
2025-10-30 16:00;432.2400;509.5816;364.5300;-77.3416;67.7100
2025-10-30 17:00;484.7600;602.4949;511.9700;-117.7349;-27.2100
2025-10-30 18:00;551.9100;624.9283;615.4600;-73.0183;-63.5500
2025-10-30 19:00;627.1500;627.4013;658.7700;-0.2513;-31.6200
2025-10-30 20:00;647.5100;584.0526;648.3200;63.4574;-0.8100
2025-10-30 21:00;543.1200;521.4761;603.5300;21.6439;-60.4100
2025-10-30 22:00;426.5300;434.1218;544.1700;-7.5918;-117.6400
2025-10-30 23:00;377.6100;372.2173;483.2100;5.3927;-105.6000
2025-10-31 00:00;324.5900;283.0788;426.9900;41.5112;-102.4000
2025-10-31 01:00;279.8400;242.2912;377.2200;37.5488;-97.3800
2025-10-31 02:00;238.5500;208.6709;334.2000;29.8791;-95.6500
2025-10-31 03:00;211.6900;187.5202;297.4300;24.1698;-85.7400
2025-10-31 04:00;195.2900;164.0818;265.9300;31.2082;-70.6400
2025-10-31 05:00;184.7400;146.1709;238.6000;38.5691;-53.8600
2025-10-31 06:00;172.1200;130.2577;214.5900;41.8623;-42.4700
2025-10-31 07:00;169.0700;117.5304;193.4100;51.5396;-24.3400
2025-10-31 08:00;160.9100;106.0126;174.8300;54.8974;-13.9200
2025-10-31 09:00;150.6100;95.5278;158.6800;55.0822;-8.0700
2025-10-31 10:00;143.8600;87.9544;144.7500;55.9056;-0.8900
2025-10-31 11:00;136.2500;80.7121;132.8000;55.5379;3.4500
2025-10-31 12:00;127.9300;75.2307;122.5300;52.6993;5.4000
2025-10-31 13:00;121.2900;69.4680;113.6500;51.8220;7.6400
2025-10-31 14:00;115.4700;63.7091;105.9200;51.7609;9.5500
2025-10-31 15:00;110.2100;58.1643;99.1300;52.0457;11.0800
2025-10-31 16:00;106.6600;52.7551;93.1100;53.9049;13.5500
2025-10-31 17:00;101.2100;47.6838;87.7300;53.5262;13.4800
2025-10-31 18:00;95.7400;43.0632;82.9100;52.6768;12.8300
2025-10-31 19:00;92.2400;39.2978;78.5700;52.9422;13.6700
2025-10-31 20:00;88.3600;36.2059;74.6600;52.1541;13.7000
2025-10-31 21:00;84.7300;33.2539;71.1300;51.4761;13.6000
2025-10-31 22:00;82.1000;30.6994;67.9300;51.4006;14.1700
2025-10-31 23:00;78.9000;28.0102;65.0300;50.8898;13.8700
2025-11-01 00:00;74.7900;25.9754;62.3900;48.8146;12.4000
2025-11-01 01:00;71.3600;23.5489;60.0000;47.8111;11.3600
2025-11-01 02:00;70.5600;21.1235;57.8100;49.4365;12.7500
2025-11-01 03:00;68.3900;19.1520;55.8100;49.2380;12.5800
2025-11-01 04:00;66.8400;17.1383;53.9700;49.7017;12.8700
2025-11-01 05:00;65.6000;15.9098;52.2700;49.6902;13.3300
2025-11-01 06:00;63.6300;14.5751;50.7100;49.0549;12.9200
2025-11-01 07:00;61.4600;13.4116;49.2600;48.0484;12.2000
2025-11-01 08:00;60.9400;12.5117;47.9100;48.4283;13.0300
2025-11-01 09:00;60.9400;11.9846;46.6500;48.9554;14.2900
2025-11-01 10:00;58.9800;10.9946;45.4700;47.9854;13.5100
2025-11-01 11:00;56.5000;9.5647;44.3600;46.9353;12.1400
2025-11-01 12:00;55.3300;8.3264;43.3100;47.0036;12.0200
2025-11-01 13:00;53.6700;7.0359;42.3200;46.6341;11.3500
2025-11-01 14:00;52.4600;6.1818;41.3800;46.2782;11.0800
2025-11-01 15:00;51.5400;5.2204;40.4900;46.3196;11.0500
2025-11-01 16:00;51.5400;4.8037;39.6300;46.7363;11.9100
2025-11-01 17:00;51.1700;4.6130;38.8100;46.5570;12.3600
2025-11-01 18:00;49.5900;4.6102;38.0300;44.9798;11.5600
2025-11-01 19:00;49.3100;4.7894;37.2700;44.5206;12.0400
2025-11-01 20:00;48.4800;4.7255;36.5500;43.7545;11.9300
2025-11-01 21:00;47.0900;4.7029;35.8500;42.3871;11.2400
2025-11-01 22:00;47.0900;4.8505;35.1700;42.2395;11.9200
2025-11-01 23:00;46.8100;4.9790;34.5300;41.8310;12.2800
2025-11-02 00:00;45.4300;5.0348;33.9000;40.3952;11.5300
2025-11-02 01:00;42.9000;4.9498;33.3100;37.9502;9.5900
2025-11-02 02:00;38.9700;4.8384;32.7300;34.1316;6.2400
2025-11-02 03:00;37.0100;4.6678;32.1900;32.3422;4.8200
2025-11-02 04:00;35.6100;4.5051;31.6600;31.1049;3.9500
2025-11-02 05:00;35.8600;4.3707;31.1500;31.4893;4.7100
2025-11-02 06:00;35.2000;4.2378;30.6600;30.9622;4.5400
2025-11-02 07:00;34.6900;4.0417;30.1900;30.6483;4.5000
2025-11-02 08:00;35.5400;3.7737;29.7400;31.7663;5.8000
2025-11-02 09:00;33.4900;3.3970;29.3000;30.0930;4.1900
2025-11-02 10:00;31.1100;3.1247;28.8700;27.9853;2.2400
2025-11-02 11:00;30.4700;3.0881;28.4600;27.3819;2.0100
2025-11-02 12:00;29.5400;2.9663;28.0600;26.5737;1.4800
2025-11-02 13:00;30.1800;2.8137;27.6700;27.3663;2.5100
2025-11-02 14:00;30.9700;2.6767;27.3000;28.2933;3.6700
2025-11-02 15:00;29.9000;2.5892;26.9300;27.3108;2.9700
2025-11-02 16:00;31.5400;2.4712;26.5800;29.0688;4.9600
2025-11-02 17:00;29.9000;2.3630;26.2500;27.5370;3.6500
2025-11-02 18:00;29.9000;2.3425;25.9300;27.5575;3.9700
2025-11-02 19:00;30.9000;2.3912;25.6500;28.5088;5.2500
2025-11-02 20:00;28.1800;2.8267;25.3800;25.3533;2.8000
2025-11-02 21:00;27.3000;3.5530;25.1400;23.7470;2.1600
2025-11-02 22:00;28.7600;5.1502;24.9500;23.6098;3.8100
2025-11-02 23:00;29.1100;8.4545;24.8700;20.6555;4.2400
2025-11-03 00:00;30.0400;20.1095;25.0400;9.9305;5.0000
2025-11-03 01:00;29.9700;24.6026;25.7600;5.3674;4.2100
2025-11-03 02:00;31.1800;31.9383;27.8700;-0.7583;3.3100
2025-11-03 03:00;31.0400;34.4502;33.2600;-3.4102;-2.2200
2025-11-03 04:00;31.6100;49.1317;43.9700;-17.5217;-12.3600
2025-11-03 05:00;42.7800;56.8853;59.4400;-14.1053;-16.6600
2025-11-03 06:00;109.7000;73.1402;75.8300;36.5598;33.8700
2025-11-03 07:00;107.0700;73.6747;88.3800;33.3953;18.6900
2025-11-03 08:00;96.7100;79.2881;94.5200;17.4219;2.1900
2025-11-03 09:00;88.3600;70.0779;94.7400;18.2821;-6.3800
2025-11-03 10:00;79.1800;62.5302;91.0700;16.6498;-11.8900
2025-11-03 11:00;71.0300;55.4980;85.5400;15.5320;-14.5100
2025-11-03 12:00;63.0100;48.0640;79.4700;14.9460;-16.4600
2025-11-03 13:00;58.4600;40.9119;73.6000;17.5481;-15.1400
2025-11-03 14:00;53.3900;33.9245;68.2400;19.4655;-14.8500
2025-11-03 15:00;50.0500;28.6800;63.4400;21.3700;-13.3900
2025-11-03 16:00;45.0100;24.6044;59.2100;20.4056;-14.2000
2025-11-03 17:00;46.4400;21.6318;55.5000;24.8082;-9.0600
2025-11-03 18:00;48.3900;20.9261;52.2600;27.4639;-3.8700
2025-11-03 19:00;53.4800;20.2256;49.4500;33.2544;4.0300
2025-11-03 20:00;51.6300;19.9902;47.0100;31.6398;4.6200
2025-11-03 21:00;51.5400;19.6675;44.8700;31.8725;6.6700
2025-11-03 22:00;49.5900;19.6158;43.0000;29.9742;6.5900
2025-11-03 23:00;49.1300;18.9535;41.3600;30.1765;7.7700
2025-11-04 00:00;49.1300;18.6840;39.9100;30.4460;9.2200
2025-11-04 01:00;47.5500;18.4116;38.6300;29.1384;8.9200
2025-11-04 02:00;47.4600;18.0885;37.5000;29.3715;9.9600
2025-11-04 03:00;46.4400;17.9424;36.4900;28.4976;9.9500
2025-11-04 04:00;45.2400;17.5894;35.5800;27.6506;9.6600
2025-11-04 05:00;44.0500;17.2960;34.7600;26.7540;9.2900
2025-11-04 06:00;43.3100;16.7736;34.0100;26.5364;9.3000
2025-11-04 07:00;42.4100;16.6025;33.3200;25.8075;9.0900
2025-11-04 08:00;41.7600;16.2670;32.6800;25.4930;9.0800
2025-11-04 09:00;41.5100;15.8488;32.0900;25.6612;9.4200
2025-11-04 10:00;41.1100;14.7159;31.5300;26.3941;9.5800
2025-11-04 11:00;31.3300;12.5338;31.0000;18.7962;0.3300
2025-11-04 12:00;29.1100;10.1126;30.4900;18.9974;-1.3800
2025-11-04 13:00;28.0400;8.3918;30.0200;19.6482;-1.9800
2025-11-04 14:00;27.1100;6.9888;29.5600;20.1212;-2.4500
2025-11-04 15:00;26.6100;5.8405;29.1200;20.7695;-2.5100
2025-11-04 16:00;25.4300;5.2851;28.6900;20.1449;-3.2600
2025-11-04 17:00;26.6400;5.1353;28.2800;21.5047;-1.6400
2025-11-04 18:00;28.1800;5.6592;27.8800;22.5208;0.3000
2025-11-04 19:00;33.7500;6.3518;27.5000;27.3982;6.2500
2025-11-04 20:00;35.0400;7.0255;27.1100;28.0145;7.9300
2025-11-04 21:00;35.0400;7.4609;26.7400;27.5791;8.3000
2025-11-04 22:00;34.7500;7.8972;26.3800;26.8528;8.3700
2025-11-04 23:00;33.8300;8.1849;26.0300;25.6451;7.8000
2025-11-05 00:00;32.6800;8.6306;25.6900;24.0494;6.9900
2025-11-05 01:00;29.6100;8.8042;25.3600;20.8058;4.2500
2025-11-05 02:00;26.7700;8.9739;25.0400;17.7961;1.7300
2025-11-05 03:00;25.0700;9.0799;24.7400;15.9901;0.3300
2025-11-05 04:00;23.9100;8.9803;24.4500;14.9297;-0.5400
2025-11-05 05:00;22.5100;8.7257;24.1700;13.7843;-1.6600
2025-11-05 06:00;21.9000;8.6563;23.9000;13.2437;-2.0000
2025-11-05 07:00;21.6500;8.6215;23.6400;13.0285;-1.9900
2025-11-05 08:00;22.0800;8.4867;23.3900;13.5933;-1.3100
2025-11-05 09:00;21.8300;8.3316;23.1500;13.4984;-1.3200
2025-11-05 10:00;21.7700;7.1876;22.9100;14.5824;-1.1400
2025-11-05 11:00;18.0500;5.5712;22.6800;12.4788;-4.6300
2025-11-05 12:00;16.3600;4.4467;22.4600;11.9133;-6.1000
2025-11-05 13:00;14.5300;3.6133;22.2400;10.9167;-7.7100
2025-11-05 14:00;14.2300;3.0104;22.0200;11.2196;-7.7900
2025-11-05 15:00;14.0200;2.5992;21.8100;11.4208;-7.7900
2025-11-05 16:00;13.1700;2.3296;21.6100;10.8404;-8.4400
2025-11-05 17:00;12.7700;2.3644;21.4100;10.4056;-8.6400
2025-11-05 18:00;13.1800;2.6699;21.2100;10.5101;-8.0300
2025-11-05 19:00;14.1800;3.1023;21.0100;11.0777;-6.8300
2025-11-05 20:00;18.3900;3.4126;20.8100;14.9774;-2.4200
2025-11-05 21:00;18.8500;3.8474;20.6100;15.0026;-1.7600
2025-11-05 22:00;18.5900;4.1314;20.4100;14.4586;-1.8200
2025-11-05 23:00;18.1400;4.3993;20.2200;13.7407;-2.0800
2025-11-06 00:00;17.9300;4.6023;20.0300;13.3277;-2.1000
2025-11-06 01:00;17.7300;4.5634;19.8400;13.1666;-2.1100
2025-11-06 02:00;17.2700;4.5103;19.6500;12.7597;-2.3800
2025-11-06 03:00;16.8200;4.6631;19.4700;12.1569;-2.6500
2025-11-06 04:00;16.7100;4.5993;19.3000;12.1107;-2.5900
2025-11-06 05:00;16.9200;4.6065;19.1300;12.3135;-2.2100
2025-11-06 06:00;16.7100;4.4950;18.9700;12.2150;-2.2600
2025-11-06 07:00;15.0200;4.4757;18.8200;10.5443;-3.8000
2025-11-06 08:00;11.1400;4.4862;18.6600;6.6538;-7.5200
2025-11-06 09:00;11.0200;4.4064;18.5200;6.6136;-7.5000
2025-11-06 10:00;11.1000;3.7758;18.3700;7.3242;-7.2700
2025-11-06 11:00;10.1700;3.0853;18.2300;7.0847;-8.0600
2025-11-06 12:00;9.1100;2.4439;18.0900;6.6661;-8.9800
2025-11-06 13:00;8.2100;2.0100;17.9600;6.2000;-9.7500
2025-11-06 14:00;8.0500;1.7724;17.8300;6.2776;-9.7800
2025-11-06 15:00;7.6800;1.6509;17.7000;6.0291;-10.0200
2025-11-06 16:00;7.4000;1.5800;17.5700;5.8200;-10.1700
2025-11-06 17:00;7.9500;1.5905;17.4400;6.3595;-9.4900
2025-11-06 18:00;8.5400;1.6530;17.3100;6.8870;-8.7700
2025-11-06 19:00;9.0700;1.8180;17.1900;7.2520;-8.1200
2025-11-06 20:00;8.9800;1.9474;17.0600;7.0326;-8.0800
2025-11-06 21:00;9.1500;2.1079;16.9300;7.0421;-7.7800
2025-11-06 22:00;9.2300;2.2298;16.8100;7.0002;-7.5800
2025-11-06 23:00;9.2300;2.3966;16.6800;6.8334;-7.4500
2025-11-07 00:00;9.1500;2.5161;16.5600;6.6339;-7.4100
2025-11-07 01:00;9.1500;2.6403;16.4300;6.5097;-7.2800
2025-11-07 02:00;9.1500;2.6998;16.3100;6.4502;-7.1600
2025-11-07 03:00;8.9800;2.8387;16.2000;6.1413;-7.2200
2025-11-07 04:00;9.1500;2.9256;16.0800;6.2244;-6.9300
2025-11-07 05:00;9.0700;3.0008;15.9700;6.0692;-6.9000
2025-11-07 06:00;9.1500;3.1467;15.8600;6.0033;-6.7100
2025-11-07 07:00;9.1500;3.1983;15.7600;5.9517;-6.6100
2025-11-07 08:00;9.1500;3.2918;15.6600;5.8582;-6.5100
2025-11-07 09:00;9.2300;3.3023;15.5600;5.9277;-6.3300
2025-11-07 10:00;9.2300;2.9917;15.4600;6.2383;-6.2300
2025-11-07 11:00;8.6200;2.5911;15.3700;6.0289;-6.7500
2025-11-07 12:00;7.5800;2.1325;15.2800;5.4475;-7.7000
2025-11-07 13:00;7.0600;1.8666;15.1900;5.1934;-8.1300
2025-11-07 14:00;6.7800;1.7293;15.1000;5.0507;-8.3200
2025-11-07 15:00;6.8700;1.6667;15.0100;5.2033;-8.1400
2025-11-07 16:00;6.7500;1.6291;14.9300;5.1209;-8.1800
2025-11-07 17:00;6.8700;1.6142;14.8400;5.2558;-7.9700
2025-11-07 18:00;6.8100;1.6285;14.7600;5.1815;-7.9500
2025-11-07 19:00;6.6900;1.6455;14.6700;5.0445;-7.9800
2025-11-07 20:00;6.6900;1.6793;14.5900;5.0107;-7.9000
2025-11-07 21:00;6.6900;1.7290;14.5100;4.9610;-7.8200
2025-11-07 22:00;6.6900;1.7693;14.4200;4.9207;-7.7300
2025-11-07 23:00;6.6900;1.8079;14.3400;4.8821;-7.6500
2025-11-08 00:00;6.4100;1.8433;14.2600;4.5667;-7.8500
2025-11-08 01:00;6.0100;1.8920;14.1800;4.1180;-8.1700
2025-11-08 02:00;6.1400;1.9754;14.1000;4.1646;-7.9600
2025-11-08 03:00;5.9500;2.0048;14.0200;3.9452;-8.0700
2025-11-08 04:00;5.9500;2.0023;13.9400;3.9477;-7.9900
2025-11-08 05:00;6.0100;1.9839;13.8600;4.0261;-7.8500
2025-11-08 06:00;6.1400;1.9606;13.7800;4.1794;-7.6400
2025-11-08 07:00;5.9500;1.9462;13.7100;4.0038;-7.7600
2025-11-08 08:00;5.9500;1.9302;13.6400;4.0198;-7.6900
2025-11-08 09:00;5.9200;1.8911;13.5700;4.0289;-7.6500
2025-11-08 10:00;5.3900;1.8131;13.5000;3.5769;-8.1100
2025-11-08 11:00;5.2100;1.7019;13.4300;3.5081;-8.2200
2025-11-08 12:00;4.5200;1.6112;13.3600;2.9088;-8.8400
2025-11-08 13:00;3.9600;1.5244;13.2900;2.4356;-9.3300
2025-11-08 14:00;3.7700;1.4385;13.2300;2.3315;-9.4600
2025-11-08 15:00;3.7000;1.3667;13.1600;2.3333;-9.4600
2025-11-08 16:00;3.3200;1.3345;13.1000;1.9855;-9.7800
2025-11-08 17:00;3.7700;1.3326;13.0300;2.4374;-9.2600
2025-11-08 18:00;3.9800;1.3833;12.9700;2.5967;-8.9900
2025-11-08 19:00;4.3000;1.4478;12.9100;2.8522;-8.6100
2025-11-08 20:00;4.4300;1.5263;12.8400;2.9037;-8.4100
2025-11-08 21:00;4.4300;1.5791;12.7800;2.8509;-8.3500
2025-11-08 22:00;4.4700;1.6430;12.7100;2.8270;-8.2400
2025-11-08 23:00;4.4700;1.7243;12.6500;2.7457;-8.1800
2025-11-09 00:00;4.4700;1.7773;12.5900;2.6927;-8.1200
2025-11-09 01:00;4.4500;1.8404;12.5300;2.6096;-8.0800
2025-11-09 02:00;4.3000;1.8755;12.4600;2.4245;-8.1600
2025-11-09 03:00;4.0600;1.9130;12.4000;2.1470;-8.3400
2025-11-09 04:00;4.4300;1.9418;12.3400;2.4882;-7.9100
2025-11-09 05:00;4.1500;1.9786;12.2800;2.1714;-8.1300
2025-11-09 06:00;4.0400;1.9917;12.2200;2.0483;-8.1800
2025-11-09 07:00;4.0400;1.9688;12.1700;2.0712;-8.1300
2025-11-09 08:00;4.0000;1.9155;12.1100;2.0845;-8.1100
2025-11-09 09:00;3.9600;1.8832;12.0600;2.0768;-8.1000
2025-11-09 10:00;4.0900;1.7949;12.0100;2.2951;-7.9200
2025-11-09 11:00;3.6800;1.6678;11.9600;2.0122;-8.2800
2025-11-09 12:00;3.5700;1.5278;11.9100;2.0422;-8.3400
2025-11-09 13:00;3.5500;1.4111;11.8600;2.1389;-8.3100
2025-11-09 14:00;3.1300;1.3294;11.8100;1.8006;-8.6800
2025-11-09 15:00;2.5700;1.3049;11.7600;1.2651;-9.1900
2025-11-09 16:00;1.8900;1.2987;11.7100;0.5913;-9.8200
2025-11-09 17:00;2.4200;1.2987;11.6700;1.1213;-9.2500
2025-11-09 18:00;2.8900;1.3018;11.6200;1.5882;-8.7300
2025-11-09 19:00;2.8700;1.3070;11.5700;1.5630;-8.7000
2025-11-09 20:00;2.8700;1.3403;11.5300;1.5297;-8.6600
2025-11-09 21:00;3.0200;1.3805;11.4800;1.6395;-8.4600
2025-11-09 22:00;3.1700;1.4129;11.4300;1.7571;-8.2600
2025-11-09 23:00;3.4900;1.4462;11.3800;2.0438;-7.8900
2025-11-10 00:00;3.2500;1.4590;11.3300;1.7910;-8.0800
2025-11-10 01:00;3.1500;1.4705;11.2800;1.6795;-8.1300
2025-11-10 02:00;3.0200;1.4589;11.2300;1.5611;-8.2100
2025-11-10 03:00;2.9300;1.4603;11.1900;1.4697;-8.2600
2025-11-10 04:00;2.9300;1.4805;11.1400;1.4495;-8.2100
2025-11-10 05:00;2.9300;1.4646;11.0900;1.4654;-8.1600
2025-11-10 06:00;2.9300;1.4617;11.0500;1.4683;-8.1200
2025-11-10 07:00;2.9300;1.4852;11.0000;1.4448;-8.0700
2025-11-10 08:00;3.2100;1.4904;10.9600;1.7196;-7.7500
2025-11-10 09:00;3.4500;1.5077;10.9100;1.9423;-7.4600
2025-11-10 10:00;3.6000;1.4544;10.8700;2.1456;-7.2700
2025-11-10 11:00;2.5700;1.3221;10.8300;1.2479;-8.2600
2025-11-10 12:00;2.0000;1.2946;10.7900;0.7054;-8.7900
2025-11-10 13:00;1.7100;1.2946;10.7500;0.4154;-9.0400
2025-11-10 14:00;1.6400;1.2946;10.7100;0.3454;-9.0700
2025-11-10 15:00;1.3500;1.2946;10.6700;0.0554;-9.3200
2025-11-10 16:00;0.8700;1.2946;10.6300;-0.4246;-9.7600
2025-11-10 17:00;1.1700;1.2946;10.5900;-0.1246;-9.4200
2025-11-10 18:00;1.6000;1.2946;10.5500;0.3054;-8.9500
2025-11-10 19:00;1.6900;1.2946;10.5100;0.3954;-8.8200
2025-11-10 20:00;2.0800;1.2946;10.4800;0.7854;-8.4000
2025-11-10 21:00;2.9300;1.2946;10.4400;1.6354;-7.5100
2025-11-10 22:00;3.5700;1.2946;10.4000;2.2754;-6.8300
2025-11-10 23:00;3.9400;1.2946;10.3600;2.6454;-6.4200
2025-11-11 00:00;4.0200;1.2946;10.3200;2.7254;-6.3000
2025-11-11 01:00;4.0200;1.2946;10.2800;2.7254;-6.2600
2025-11-11 02:00;4.0000;1.2946;10.2400;2.7054;-6.2400
2025-11-11 03:00;4.0400;1.2987;10.2000;2.7413;-6.1600
2025-11-11 04:00;4.0000;1.2992;10.1600;2.7008;-6.1600
2025-11-11 05:00;4.1900;1.3030;10.1200;2.8870;-5.9300
2025-11-11 06:00;4.4300;1.3048;10.0800;3.1252;-5.6500
2025-11-11 07:00;4.3600;1.3076;10.0400;3.0524;-5.6800
2025-11-11 08:00;4.2800;1.3077;10.0000;2.9723;-5.7200
2025-11-11 09:00;4.3400;1.3125;9.9700;3.0275;-5.6300
2025-11-11 10:00;3.8100;1.2954;9.9400;2.5146;-6.1300
2025-11-11 11:00;2.9800;1.2946;9.9000;1.6854;-6.9200
2025-11-11 12:00;2.1900;1.2946;9.8700;0.8954;-7.6800
2025-11-11 13:00;1.8500;1.2946;9.8400;0.5554;-7.9900
2025-11-11 14:00;1.5800;1.2946;9.8100;0.2854;-8.2300
2025-11-11 15:00;1.4000;1.2946;9.7800;0.1054;-8.3800
2025-11-11 16:00;1.4900;1.2946;9.7500;0.1954;-8.2600
2025-11-11 17:00;2.0300;1.2946;9.7100;0.7354;-7.6800
2025-11-11 18:00;2.7000;1.2946;9.6800;1.4054;-6.9800
2025-11-11 19:00;2.7000;1.2946;9.6500;1.4054;-6.9500
2025-11-11 20:00;2.1900;1.2946;9.6200;0.8954;-7.4300
2025-11-11 21:00;1.6800;1.2946;9.5900;0.3854;-7.9100
2025-11-11 22:00;1.2500;1.2946;9.5600;-0.0446;-8.3100
2025-11-11 23:00;1.1400;1.2946;9.5300;-0.1546;-8.3900
2025-11-12 00:00;1.4100;1.2946;9.5000;0.1154;-8.0900
2025-11-12 01:00;1.4900;1.2946;9.4600;0.1954;-7.9700
2025-11-12 02:00;1.4400;1.2946;9.4300;0.1454;-7.9900
2025-11-12 03:00;1.6000;1.2946;9.4000;0.3054;-7.8000
2025-11-12 04:00;1.5200;1.2946;9.3700;0.2254;-7.8500
2025-11-12 05:00;1.4000;1.2946;9.3300;0.1054;-7.9300
2025-11-12 06:00;1.3700;1.2946;9.3000;0.0754;-7.9300
2025-11-12 07:00;1.4900;1.2946;9.2700;0.1954;-7.7800
2025-11-12 08:00;1.5300;1.2946;9.2400;0.2354;-7.7100
2025-11-12 09:00;2.0800;1.2946;9.2100;0.7854;-7.1300
2025-11-12 10:00;1.9300;1.2946;9.1800;0.6354;-7.2500
2025-11-12 11:00;1.2000;1.2946;9.1500;-0.0946;-7.9500
2025-11-12 12:00;0.9800;1.2946;9.1200;-0.3146;-8.1400
2025-11-12 13:00;0.8900;1.2946;9.0900;-0.4046;-8.2000
2025-11-12 14:00;0.8200;1.2946;9.0600;-0.4746;-8.2400
2025-11-12 15:00;1.1100;1.2946;9.0300;-0.1846;-7.9200
2025-11-12 16:00;1.2400;1.2946;9.0100;-0.0546;-7.7700
2025-11-12 17:00;0.9800;1.2946;8.9800;-0.3146;-8.0000
2025-11-12 18:00;0.6700;1.2946;8.9500;-0.6246;-8.2800
2025-11-12 19:00;0.5000;1.2946;8.9200;-0.7946;-8.4200
2025-11-12 20:00;0.4400;1.2946;8.9000;-0.8546;-8.4600
2025-11-12 21:00;0.4900;1.2946;8.8700;-0.8046;-8.3800
2025-11-12 22:00;0.4800;1.2946;8.8400;-0.8146;-8.3600
2025-11-12 23:00;0.6800;1.2946;8.8100;-0.6146;-8.1300
2025-11-13 00:00;0.7700;1.2946;8.7800;-0.5246;-8.0100
2025-11-13 01:00;0.7500;1.2946;8.7600;-0.5446;-8.0100
2025-11-13 02:00;0.6500;1.2946;8.7300;-0.6446;-8.0800
2025-11-13 03:00;0.5700;1.2946;8.7000;-0.7246;-8.1300
2025-11-13 04:00;0.6600;1.2946;8.6700;-0.6346;-8.0100
2025-11-13 05:00;0.5100;1.2946;8.6500;-0.7846;-8.1400
2025-11-13 06:00;0.6700;1.2946;8.6200;-0.6246;-7.9500
2025-11-13 07:00;0.6700;1.2946;8.5900;-0.6246;-7.9200
2025-11-13 08:00;0.7100;1.2946;8.5700;-0.5846;-7.8600
2025-11-13 09:00;0.9700;1.2946;8.5400;-0.3246;-7.5700
2025-11-13 10:00;1.1700;1.2946;8.5200;-0.1246;-7.3500
2025-11-13 11:00;0.5900;1.2946;8.4900;-0.7046;-7.9000
2025-11-13 12:00;0.4400;1.2946;8.4700;-0.8546;-8.0300
2025-11-13 13:00;0.4400;1.2946;8.4500;-0.8546;-8.0100
2025-11-13 14:00;0.4300;1.2946;8.4200;-0.8646;-7.9900
2025-11-13 15:00;0.4200;1.2946;8.4000;-0.8746;-7.9800
2025-11-13 16:00;0.4100;1.2946;8.3800;-0.8846;-7.9700
2025-11-13 17:00;0.4100;1.2946;8.3500;-0.8846;-7.9400
2025-11-13 18:00;0.4100;1.2946;8.3300;-0.8846;-7.9200
2025-11-13 19:00;0.4100;1.2946;8.3100;-0.8846;-7.9000
2025-11-13 20:00;0.4200;1.2946;8.2800;-0.8746;-7.8600
2025-11-13 21:00;0.4100;1.2946;8.2600;-0.8846;-7.8500
2025-11-13 22:00;0.4100;1.2946;8.2400;-0.8846;-7.8300
2025-11-13 23:00;0.4000;1.2946;8.2200;-0.8946;-7.8200
2025-11-14 00:00;0.4000;1.2946;8.1900;-0.8946;-7.7900
2025-11-14 01:00;0.4100;1.2946;8.1700;-0.8846;-7.7600
2025-11-14 02:00;0.4200;1.2946;8.1500;-0.8746;-7.7300
2025-11-14 03:00;0.4200;1.2946;8.1200;-0.8746;-7.7000
2025-11-14 04:00;0.4100;1.2946;8.1000;-0.8846;-7.6900
2025-11-14 05:00;0.4000;1.2946;8.0800;-0.8946;-7.6800
2025-11-14 06:00;0.4100;1.2946;8.0500;-0.8846;-7.6400
2025-11-14 07:00;0.5900;1.2946;8.0300;-0.7046;-7.4400
2025-11-14 08:00;1.3000;1.2946;8.0100;0.0054;-6.7100
2025-11-14 09:00;1.3700;1.2946;7.9800;0.0754;-6.6100
2025-11-14 10:00;1.5700;1.2946;7.9600;0.2754;-6.3900
2025-11-14 11:00;1.2600;1.2946;7.9400;-0.0346;-6.6800
2025-11-14 12:00;1.1400;1.2946;7.9200;-0.1546;-6.7800
2025-11-14 13:00;1.3200;1.2946;7.9000;0.0254;-6.5800
2025-11-14 14:00;1.4100;1.2946;7.8800;0.1154;-6.4700
2025-11-14 15:00;1.5200;1.2946;7.8600;0.2254;-6.3400
2025-11-14 16:00;1.7500;1.2946;7.8400;0.4554;-6.0900
2025-11-14 17:00;2.3800;1.2946;7.8200;1.0854;-5.4400
2025-11-14 18:00;3.3000;1.2946;7.8000;2.0054;-4.5000
2025-11-14 19:00;3.5500;1.2946;7.7800;2.2554;-4.2300
2025-11-14 20:00;3.9400;1.2946;7.7600;2.6454;-3.8200
2025-11-14 21:00;3.8900;1.2946;7.7400;2.5954;-3.8500
2025-11-14 22:00;3.9600;1.2946;7.7200;2.6654;-3.7600
2025-11-14 23:00;3.9600;1.2946;7.7000;2.6654;-3.7400
2025-11-15 00:00;3.9600;1.2946;7.6800;2.6654;-3.7200
2025-11-15 01:00;4.0000;1.2946;7.6600;2.7054;-3.6600
2025-11-15 02:00;4.0400;1.2946;7.6400;2.7454;-3.6000
2025-11-15 03:00;3.9600;1.2946;7.6200;2.6654;-3.6600
2025-11-15 04:00;3.9200;1.2946;7.6000;2.6254;-3.6800
2025-11-15 05:00;3.3200;1.2946;7.5800;2.0254;-4.2600
2025-11-15 06:00;2.5300;1.2946;7.5600;1.2354;-5.0300
2025-11-15 07:00;2.0600;1.2946;7.5400;0.7654;-5.4800
2025-11-15 08:00;1.7000;1.2946;7.5200;0.4054;-5.8200
2025-11-15 09:00;1.5300;1.2946;7.5000;0.2354;-5.9700
2025-11-15 10:00;1.3000;1.2946;7.4900;0.0054;-6.1900
2025-11-15 11:00;1.1900;1.2946;7.4700;-0.1046;-6.2800
2025-11-15 12:00;1.0500;1.2946;7.4500;-0.2446;-6.4000
2025-11-15 13:00;0.8400;1.2946;7.4300;-0.4546;-6.5900
2025-11-15 14:00;0.9500;1.2946;7.4100;-0.3446;-6.4600
2025-11-15 15:00;0.7800;1.2946;7.4000;-0.5146;-6.6200
2025-11-15 16:00;0.7100;1.2946;7.3800;-0.5846;-6.6700
2025-11-15 17:00;0.7300;1.2946;7.3600;-0.5646;-6.6300
2025-11-15 18:00;0.7100;1.2946;7.3400;-0.5846;-6.6300
2025-11-15 19:00;0.6800;1.2946;7.3200;-0.6146;-6.6400
2025-11-15 20:00;0.7300;1.2946;7.3100;-0.5646;-6.5800
2025-11-15 21:00;0.7300;1.2946;7.2900;-0.5646;-6.5600
2025-11-15 22:00;0.7300;1.2946;7.2700;-0.5646;-6.5400
2025-11-15 23:00;0.7600;1.2946;7.2600;-0.5346;-6.5000
2025-11-16 00:00;0.5700;1.4980;7.2600;-0.9280;-6.6900
2025-11-16 01:00;0.4300;7.7252;7.2700;-7.2952;-6.8400
2025-11-16 02:00;0.4200;19.4453;7.4700;-19.0253;-7.0500
2025-11-16 03:00;0.4100;28.3349;9.1200;-27.9249;-8.7100
2025-11-16 04:00;0.4000;33.2751;16.2500;-32.8751;-15.8500
2025-11-16 05:00;0.3700;41.9209;33.4900;-41.5509;-33.1200
2025-11-16 06:00;31.5800;59.4211;59.8400;-27.8411;-28.2600
2025-11-16 07:00;57.0400;72.2280;86.8800;-15.1880;-29.8400
2025-11-16 08:00;55.7500;78.3995;105.8900;-22.6495;-50.1400
2025-11-16 09:00;79.1300;77.1583;114.4100;1.9717;-35.2800
2025-11-16 10:00;74.5600;71.1606;114.5300;3.3994;-39.9700
2025-11-16 11:00;68.1600;60.3537;109.4100;7.8063;-41.2500
2025-11-16 12:00;61.3600;55.0178;101.7600;6.3422;-40.4000
2025-11-16 13:00;54.9700;49.2455;93.3000;5.7245;-38.3300
2025-11-16 14:00;50.8900;46.0741;85.1500;4.8159;-34.2600
2025-11-16 15:00;46.5400;42.5444;77.7800;3.9956;-31.2400
2025-11-16 16:00;43.7200;38.5347;71.3200;5.1853;-27.6000
2025-11-16 17:00;46.2600;33.8745;65.7600;12.3855;-19.5000
2025-11-16 18:00;46.9100;30.8315;60.9800;16.0785;-14.0700
2025-11-16 19:00;45.7000;27.8739;56.8500;17.8261;-11.1500
2025-11-16 20:00;44.5400;24.1850;53.2200;20.3550;-8.6800
2025-11-16 21:00;43.3100;22.3382;50.0300;20.9718;-6.7200
2025-11-16 22:00;42.5800;20.1286;47.2300;22.4514;-4.6500
2025-11-16 23:00;41.3500;19.6457;44.8500;21.7043;-3.5000
2025-11-17 00:00;39.5500;19.0231;42.9400;20.5269;-3.3900
2025-11-17 01:00;38.9700;18.9029;41.5000;20.0671;-2.5300
2025-11-17 02:00;38.7300;19.6100;40.5300;19.1200;-1.8000
2025-11-17 03:00;39.4600;22.2003;40.0400;17.2597;-0.5800
2025-11-17 04:00;42.1700;37.1902;40.3500;4.9798;1.8200
2025-11-17 05:00;45.9900;56.7892;43.2800;-10.7992;2.7100
2025-11-17 06:00;49.5900;85.1583;54.4800;-35.5683;-4.8900
2025-11-17 07:00;195.5900;121.3757;82.3600;74.2143;113.2300
2025-11-17 08:00;427.1000;171.3205;126.6900;255.7795;300.4100
2025-11-17 09:00;373.0600;201.3949;173.9500;171.6651;199.1100
2025-11-17 10:00;294.5300;222.0449;207.9100;72.4851;86.6200
2025-11-17 11:00;238.4100;222.0240;221.9700;16.3860;16.4400
2025-11-17 12:00;202.9600;207.5800;220.2600;-4.6200;-17.3000
2025-11-17 13:00;189.2800;188.4740;209.7200;0.8060;-20.4400
2025-11-17 14:00;186.0100;162.1121;195.5100;23.8979;-9.5000
2025-11-17 15:00;176.5800;149.3398;180.1100;27.2402;-3.5300
2025-11-17 16:00;159.5600;131.2912;164.7900;28.2688;-5.2300
2025-11-17 17:00;145.2900;122.5703;150.1300;22.7197;-4.8400
2025-11-17 18:00;137.5200;105.7876;136.5800;31.7324;0.9400
2025-11-17 19:00;127.9500;95.8487;124.5100;32.1013;3.4400
2025-11-17 20:00;115.9900;89.3200;114.1800;26.6700;1.8100
2025-11-17 21:00;114.6800;85.2278;105.6100;29.4522;9.0700
2025-11-17 22:00;112.8000;82.6182;98.5900;30.1818;14.2100
2025-11-17 23:00;108.1600;80.7976;92.7900;27.3624;15.3700
2025-11-18 00:00;102.8500;79.0102;87.9000;23.8398;14.9500
2025-11-18 01:00;100.2600;76.4590;83.7200;23.8010;16.5400
2025-11-18 02:00;97.1200;73.6892;80.2200;23.4308;16.9000
2025-11-18 03:00;97.1200;72.1072;77.6400;25.0128;19.4800
2025-11-18 04:00;95.9900;70.6514;76.4600;25.3386;19.5300
2025-11-18 05:00;94.1200;69.8731;77.1300;24.2469;16.9900
2025-11-18 06:00;94.9900;70.9348;79.4500;24.0552;15.5400
2025-11-18 07:00;98.0700;71.4404;82.4100;26.6296;15.6600
2025-11-18 08:00;99.5700;73.8604;84.8600;25.7096;14.7100
2025-11-18 09:00;99.7100;72.0889;85.9100;27.6211;13.8000
2025-11-18 10:00;96.2400;73.4080;85.3700;22.8320;10.8700
2025-11-18 11:00;92.9900;69.7762;83.6800;23.2138;9.3100
2025-11-18 12:00;90.6100;70.4837;81.6200;20.1263;8.9900
2025-11-18 13:00;83.7300;68.2716;79.7800;15.4584;3.9500
2025-11-18 14:00;81.9900;68.7196;78.4000;13.2704;3.5900
2025-11-18 15:00;81.6400;67.9449;77.3300;13.6951;4.3100
2025-11-18 16:00;78.7900;65.9718;76.1900;12.8182;2.6000
2025-11-18 17:00;75.4700;62.7067;74.6800;12.7633;0.7900
2025-11-18 18:00;72.8500;58.0269;72.6600;14.8231;0.1900
2025-11-18 19:00;70.6700;53.1869;70.1700;17.4831;0.5000
2025-11-18 20:00;67.0500;48.0930;67.3400;18.9570;-0.2900
2025-11-18 21:00;65.7000;45.8946;64.3600;19.8054;1.3400
2025-11-18 22:00;63.7400;43.9619;61.3700;19.7781;2.3700
2025-11-18 23:00;63.6300;42.4065;58.5000;21.2235;5.1300
2025-11-19 00:00;62.5000;39.7786;55.8200;22.7214;6.6800
2025-11-19 01:00;60.5300;36.7023;53.3500;23.8277;7.1800
2025-11-19 02:00;58.9800;34.0328;51.1100;24.9472;7.8700
2025-11-19 03:00;57.3200;32.4096;49.0800;24.9104;8.2400
2025-11-19 04:00;55.9800;31.9616;47.2400;24.0184;8.7400
2025-11-19 05:00;55.3300;31.4797;45.5900;23.8503;9.7400
2025-11-19 06:00;53.9400;30.7968;44.1000;23.1432;9.8400
2025-11-19 07:00;54.2200;30.1030;42.7600;24.1170;11.4600
2025-11-19 08:00;54.9600;29.3707;41.5400;25.5893;13.4200
2025-11-19 09:00;53.7600;28.6417;40.4200;25.1183;13.3400
2025-11-19 10:00;54.0400;27.7205;39.4100;26.3195;14.6300
2025-11-19 11:00;51.6300;25.9728;38.4700;25.6572;13.1600
2025-11-19 12:00;48.1100;24.2391;37.6100;23.8709;10.5000
2025-11-19 13:00;45.8000;21.4893;36.8100;24.3107;8.9900
2025-11-19 14:00;47.2800;19.7955;36.0600;27.4845;11.2200
2025-11-19 15:00;47.0900;16.8385;35.3500;30.2515;11.7400
2025-11-19 16:00;47.0900;15.5528;34.6900;31.5372;12.4000
2025-11-19 17:00;47.0900;12.5093;34.0500;34.5807;13.0400
2025-11-19 18:00;46.7200;11.8872;33.4500;34.8328;13.2700
2025-11-19 19:00;46.3500;10.2839;32.8700;36.0661;13.4800
2025-11-19 20:00;44.9600;10.7726;32.3100;34.1874;12.6500
2025-11-19 21:00;44.8100;11.7753;31.7700;33.0347;13.0400
2025-11-19 22:00;42.4900;12.6015;31.2500;29.8885;11.2400
2025-11-19 23:00;38.4800;15.0809;30.7500;23.3991;7.7300
2025-11-20 00:00;35.9400;19.4148;30.2700;16.5252;5.6700
2025-11-20 01:00;35.0400;23.3035;29.8100;11.7365;5.2300
2025-11-20 02:00;34.2500;23.6907;29.3900;10.5593;4.8600
2025-11-20 03:00;33.4700;25.1236;29.0400;8.3464;4.4300
2025-11-20 04:00;33.3300;26.4205;28.8600;6.9095;4.4700
2025-11-20 05:00;33.3300;27.5568;28.9500;5.7732;4.3800
2025-11-20 06:00;33.3300;31.5989;29.4300;1.7311;3.9000
2025-11-20 07:00;33.3300;33.5041;30.3400;-0.1741;2.9900
2025-11-20 08:00;33.3300;34.1436;31.6200;-0.8136;1.7100
2025-11-20 09:00;33.3300;35.1631;33.0700;-1.8331;0.2600
2025-11-20 10:00;33.1800;34.5499;34.4600;-1.3699;-1.2800
2025-11-20 11:00;34.1100;32.5956;35.5400;1.5144;-1.4300
2025-11-20 12:00;34.7500;30.8322;36.1900;3.9178;-1.4400
2025-11-20 13:00;34.9000;29.4909;36.3700;5.4091;-1.4700
2025-11-20 14:00;35.0400;27.9492;36.1700;7.0908;-1.1300
2025-11-20 15:00;34.9000;27.2337;35.6800;7.6663;-0.7800
2025-11-20 16:00;33.8300;25.1479;35.0100;8.6821;-1.1800
2025-11-20 17:00;33.3300;24.5803;34.2400;8.7497;-0.9100
2025-11-20 18:00;33.1800;23.8129;33.4300;9.3671;-0.2500
2025-11-20 19:00;33.3300;23.3936;32.6200;9.9364;0.7100
2025-11-20 20:00;33.0400;21.6632;31.8200;11.3768;1.2200
2025-11-20 21:00;32.1100;20.7619;31.0700;11.3481;1.0400
2025-11-20 22:00;31.6100;19.6639;30.3500;11.9461;1.2600
2025-11-20 23:00;30.1800;18.8821;29.6800;11.2979;0.5000
2025-11-21 00:00;27.6100;17.9606;29.0600;9.6494;-1.4500
2025-11-21 01:00;26.3600;16.9368;28.4800;9.4232;-2.1200
2025-11-21 02:00;25.1300;15.7595;27.9300;9.3705;-2.8000
2025-11-21 03:00;25.0100;14.4663;27.4300;10.5437;-2.4200
2025-11-21 04:00;24.8800;13.1027;26.9600;11.7773;-2.0800
2025-11-21 05:00;23.9700;12.0096;26.5100;11.9604;-2.5400
2025-11-21 06:00;23.5400;11.0010;26.1000;12.5390;-2.5600
2025-11-21 07:00;23.5400;10.3595;25.7100;13.1805;-2.1700
2025-11-21 08:00;22.6300;9.6250;25.3500;13.0050;-2.7200
2025-11-21 09:00;20.4300;9.4001;25.0000;11.0299;-4.5700
2025-11-21 10:00;19.2000;8.9295;24.6900;10.2705;-5.4900
2025-11-21 11:00;17.8800;8.4637;24.4000;9.4163;-6.5200
2025-11-21 12:00;17.3700;7.7652;24.1500;9.6048;-6.7800
2025-11-21 13:00;16.8700;7.3124;23.9400;9.5576;-7.0700
2025-11-21 14:00;16.7100;6.8628;23.7500;9.8472;-7.0400
2025-11-21 15:00;16.7100;6.2349;23.6000;10.4751;-6.8900
2025-11-21 16:00;16.2600;5.7092;23.4500;10.5508;-7.1900
2025-11-21 17:00;16.6600;5.5946;23.3000;11.0654;-6.6400
2025-11-21 18:00;16.5600;5.4068;23.1300;11.1532;-6.5700
2025-11-21 19:00;15.5000;5.3944;22.9400;10.1056;-7.4400
2025-11-21 20:00;15.5000;5.4644;22.7400;10.0356;-7.2400
2025-11-21 21:00;15.5000;5.6927;22.5300;9.8073;-7.0300
2025-11-21 22:00;15.5000;6.2591;22.3100;9.2409;-6.8100
2025-11-21 23:00;15.0400;7.3275;22.0900;7.7125;-7.0500
2025-11-22 00:00;14.5800;9.3325;21.8600;5.2475;-7.2800
2025-11-22 01:00;14.5300;11.6027;21.6300;2.9273;-7.1000
2025-11-22 02:00;15.5000;14.7077;21.4300;0.7923;-5.9300
2025-11-22 03:00;15.7500;16.6815;21.2800;-0.9315;-5.5300
2025-11-22 04:00;16.4100;17.2815;21.2400;-0.8715;-4.8300
2025-11-22 05:00;16.9200;19.5175;21.4200;-2.5975;-4.5000
2025-11-22 06:00;17.6800;21.3747;21.9300;-3.6947;-4.2500
2025-11-22 07:00;16.9700;22.6966;22.9200;-5.7266;-5.9500
2025-11-22 08:00;17.6800;22.9807;24.4700;-5.3007;-6.7900
2025-11-22 09:00;18.1900;23.9682;26.5400;-5.7782;-8.3500
2025-11-22 10:00;19.0500;23.4919;28.9500;-4.4419;-9.9000
2025-11-22 11:00;20.8600;22.8960;31.3700;-2.0360;-10.5100
2025-11-22 12:00;23.3000;22.2327;33.4700;1.0673;-10.1700
2025-11-22 13:00;25.6800;21.2816;35.0300;4.3984;-9.3500
2025-11-22 14:00;26.9700;20.3017;35.9400;6.6683;-8.9700
2025-11-22 15:00;28.8300;19.3892;36.2300;9.4408;-7.4000
2025-11-22 16:00;30.1800;18.9745;35.9800;11.2055;-5.8000
2025-11-22 17:00;30.1800;18.3711;35.3200;11.8089;-5.1400
2025-11-22 18:00;30.6800;17.4492;34.3800;13.2308;-3.7000
2025-11-22 19:00;30.6800;16.1654;33.2800;14.5146;-2.6000
2025-11-22 20:00;30.8300;15.4668;32.1700;15.3632;-1.3400
2025-11-22 21:00;30.8300;14.9208;31.1200;15.9092;-0.2900
2025-11-22 22:00;29.9000;15.1069;30.1700;14.7931;-0.2700
2025-11-22 23:00;29.5400;14.9588;29.3100;14.5812;0.2300
2025-11-23 00:00;28.7600;14.6776;28.5100;14.0824;0.2500
2025-11-23 01:00;29.0400;14.6825;27.7400;14.3575;1.3000
2025-11-23 02:00;28.1800;14.5339;26.9700;13.6461;1.2100
2025-11-23 03:00;27.4000;14.7474;26.2100;12.6526;1.1900
2025-11-23 04:00;26.4700;14.9456;25.4600;11.5244;1.0100
2025-11-23 05:00;26.0400;15.0626;24.7300;10.9774;1.3100
2025-11-23 06:00;25.0100;14.9817;24.0400;10.0283;0.9700
2025-11-23 07:00;24.4600;14.7774;23.3900;9.6826;1.0700
2025-11-23 08:00;23.6600;14.6531;22.7900;9.0069;0.8700
2025-11-23 09:00;23.0500;14.3845;22.2300;8.6655;0.8200
2025-11-23 10:00;22.8700;13.8386;21.7300;9.0314;1.1400
2025-11-23 11:00;21.1000;12.8248;21.2700;8.2752;-0.1700
2025-11-23 12:00;18.6900;12.6301;20.8500;6.0599;-2.1600
2025-11-23 13:00;18.9000;12.2387;20.4700;6.6613;-1.5700
2025-11-23 14:00;19.1500;13.2819;20.1300;5.8681;-0.9800
2025-11-23 15:00;18.9000;12.8154;19.8400;6.0846;-0.9400
2025-11-23 16:00;17.8300;12.5126;19.6100;5.3174;-1.7800
2025-11-23 17:00;17.9300;13.0078;19.4600;4.9222;-1.5300
2025-11-23 18:00;18.0300;13.3201;19.4200;4.7099;-1.3900
2025-11-23 19:00;17.5800;13.7091;19.5300;3.8709;-1.9500
2025-11-23 20:00;17.7800;13.6652;19.7800;4.1148;-2.0000
2025-11-23 21:00;17.9300;13.4311;20.1600;4.4989;-2.2300
2025-11-23 22:00;17.9300;13.5921;20.6000;4.3379;-2.6700
2025-11-23 23:00;17.2700;13.8378;21.0100;3.4322;-3.7400
2025-11-24 00:00;16.7100;14.0019;21.3100;2.7081;-4.6000
2025-11-24 01:00;17.2700;13.9953;21.4600;3.2747;-4.1900
2025-11-24 02:00;16.8700;14.0694;21.4500;2.8006;-4.5800
2025-11-24 03:00;17.5300;15.0672;21.3300;2.4628;-3.8000
2025-11-24 04:00;16.8200;16.3361;21.1400;0.4839;-4.3200
2025-11-24 05:00;16.8200;17.3422;20.9200;-0.5222;-4.1000
2025-11-24 06:00;16.7100;19.4990;20.7300;-2.7890;-4.0200
2025-11-24 07:00;16.7100;22.3662;20.6200;-5.6562;-3.9100
2025-11-24 08:00;16.7100;26.5614;20.6500;-9.8514;-3.9400
2025-11-24 09:00;16.4600;31.5857;20.9500;-15.1257;-4.4900
2025-11-24 10:00;15.9500;37.3165;21.7200;-21.3665;-5.7700
2025-11-24 11:00;15.6000;48.2461;23.5600;-32.6461;-7.9600
2025-11-24 12:00;16.6100;66.1319;27.9800;-49.5219;-11.3700
2025-11-24 13:00;17.4800;93.5260;38.1100;-76.0460;-20.6300
2025-11-24 14:00;18.1900;122.9366;58.2800;-104.7466;-40.0900
2025-11-24 15:00;20.6800;160.5136;90.8300;-139.8336;-70.1500
2025-11-24 16:00;71.0000;189.0208;131.5300;-118.0208;-60.5300
2025-11-24 17:00;202.2500;218.7665;170.9300;-16.5165;31.3200
2025-11-24 18:00;247.9800;241.5261;202.2700;6.4539;45.7100
2025-11-24 19:00;249.7100;265.2927;226.6400;-15.5827;23.0700
2025-11-24 20:00;255.7700;278.8568;248.8200;-23.0868;6.9500
2025-11-24 21:00;309.6800;292.7297;269.7400;16.9503;39.9400
2025-11-24 22:00;364.2200;295.2348;284.8100;68.9852;79.4100
2025-11-24 23:00;357.1100;294.6216;289.1800;62.4884;67.9300
2025-11-25 00:00;316.4800;284.6574;283.1500;31.8226;33.3300
2025-11-25 01:00;280.9400;274.1258;272.6000;6.8142;8.3400
2025-11-25 02:00;256.4000;261.1671;265.2300;-4.7671;-8.8300
2025-11-25 03:00;263.8700;255.8997;264.7700;7.9703;-0.9000
2025-11-25 04:00;291.9600;256.6800;268.6800;35.2800;23.2800
2025-11-25 05:00;297.7800;260.2378;270.9900;37.5422;26.7900
2025-11-25 06:00;286.3600;259.6246;267.3000;26.7354;19.0600
2025-11-25 07:00;272.2700;248.6325;256.6000;23.6375;15.6700
2025-11-25 08:00;258.9900;231.4379;240.4400;27.5521;18.5500
2025-11-25 09:00;241.5700;208.0211;221.4700;33.5489;20.1000
2025-11-25 10:00;225.9100;185.2164;202.2500;40.6936;23.6600
2025-11-25 11:00;216.1500;165.5086;184.4300;50.6414;31.7200
2025-11-25 12:00;206.4300;149.9442;168.5700;56.4858;37.8600
2025-11-25 13:00;197.3700;138.2707;154.6900;59.0993;42.6800
2025-11-25 14:00;187.1000;128.3092;142.5200;58.7908;44.5800
2025-11-25 15:00;174.9500;120.5038;131.7100;54.4462;43.2400
2025-11-25 16:00;165.1600;113.4114;122.0000;51.7486;43.1600
2025-11-25 17:00;158.8800;107.0101;113.2300;51.8699;45.6500
2025-11-25 18:00;153.2700;101.3530;105.3300;51.9170;47.9400
2025-11-25 19:00;148.3100;96.8363;98.2400;51.4737;50.0700
2025-11-25 20:00;140.0600;93.0719;91.9200;46.9881;48.1400
2025-11-25 21:00;138.1500;89.7196;86.3100;48.4304;51.8400
2025-11-25 22:00;133.5500;86.7495;81.3500;46.8005;52.2000
2025-11-25 23:00;131.1700;83.8095;76.9600;47.3605;54.2100
2025-11-26 00:00;127.0400;80.8749;73.0700;46.1651;53.9700
2025-11-26 01:00;123.0600;77.9901;69.6200;45.0699;53.4400
2025-11-26 02:00;120.1100;75.3956;66.5200;44.7144;53.5900
2025-11-26 03:00;117.4600;73.4897;63.7400;43.9703;53.7200
2025-11-26 04:00;114.0700;71.0531;61.2300;43.0169;52.8400
2025-11-26 05:00;110.8900;69.2060;58.9600;41.6840;51.9300
2025-11-26 06:00;110.2100;66.5484;56.9000;43.6616;53.3100
2025-11-26 07:00;107.0700;64.0022;55.0100;43.0678;52.0600
2025-11-26 08:00;101.7600;61.7739;53.2900;39.9861;48.4700
2025-11-26 09:00;100.3900;58.9090;51.7000;41.4810;48.6900
2025-11-26 10:00;98.6200;57.4773;50.2300;41.1427;48.3900
2025-11-26 11:00;95.9900;55.1676;48.8700;40.8224;47.1200
2025-11-26 12:00;91.4900;52.9315;47.6100;38.5585;43.8800
2025-11-26 13:00;87.8600;49.6565;46.4200;38.2035;41.4400
2025-11-26 14:00;85.3500;47.1314;45.3100;38.2186;40.0400
2025-11-26 15:00;79.8500;43.5655;44.2600;36.2845;35.5900
2025-11-26 16:00;69.9900;40.3856;43.2600;29.6044;26.7300
2025-11-26 17:00;66.9400;37.9401;42.3200;28.9999;24.6200
2025-11-26 18:00;65.2900;36.4526;41.4200;28.8374;23.8700
2025-11-26 19:00;63.4300;36.4682;40.5600;26.9618;22.8700
2025-11-26 20:00;62.5000;36.7352;39.7500;25.7648;22.7500
2025-11-26 21:00;61.1500;36.6661;38.9800;24.4839;22.1700
2025-11-26 22:00;60.5300;37.2892;38.2600;23.2408;22.2700
2025-11-26 23:00;59.1900;38.2213;37.6000;20.9687;21.5900
2025-11-27 00:00;58.6700;38.2039;37.0300;20.4661;21.6400
2025-11-27 01:00;58.5700;39.5187;36.5800;19.0513;21.9900
2025-11-27 02:00;56.6000;39.9395;36.3100;16.6605;20.2900
2025-11-27 03:00;56.1900;40.9188;36.2500;15.2712;19.9400
2025-11-27 04:00;56.1900;41.5831;36.4000;14.6069;19.7900
2025-11-27 05:00;55.9800;42.0927;36.7000;13.8873;19.2800
2025-11-27 06:00;55.4200;41.2655;37.0300;14.1545;18.3900
2025-11-27 07:00;55.9800;40.4735;37.2700;15.5065;18.7100
2025-11-27 08:00;55.5200;38.9872;37.3200;16.5328;18.2000
2025-11-27 09:00;54.6800;38.0644;37.1400;16.6156;17.5400
2025-11-27 10:00;52.5500;37.1552;36.7500;15.3948;15.8000
2025-11-27 11:00;45.2300;36.0096;36.2000;9.2204;9.0300
2025-11-27 12:00;39.5500;34.6380;35.5300;4.9120;4.0200
2025-11-27 13:00;35.6400;33.0949;34.8000;2.5451;0.8400
2025-11-27 14:00;32.9700;31.3955;34.0500;1.5745;-1.0800
2025-11-27 15:00;31.7500;29.5078;33.3100;2.2422;-1.5600
2025-11-27 16:00;31.8300;27.4613;32.5900;4.3687;-0.7600
2025-11-27 17:00;34.1100;26.1066;31.9100;8.0034;2.2000
2025-11-27 18:00;35.0400;25.1980;31.2600;9.8420;3.7800
2025-11-27 19:00;35.0400;24.8743;30.6500;10.1657;4.3900
2025-11-27 20:00;35.0400;24.7834;30.0700;10.2566;4.9700
2025-11-27 21:00;35.0400;24.6836;29.5300;10.3564;5.5100
2025-11-27 22:00;33.6800;24.9253;29.0100;8.7547;4.6700
2025-11-27 23:00;33.3300;25.3519;28.5300;7.9781;4.8000
2025-11-28 00:00;32.1100;24.9546;28.0700;7.1554;4.0400
2025-11-28 01:00;31.9000;24.5662;27.6400;7.3338;4.2600
2025-11-28 02:00;31.4700;24.1925;27.2400;7.2775;4.2300
2025-11-28 03:00;31.3300;23.6879;26.8500;7.6421;4.4800
2025-11-28 04:00;31.1100;22.9877;26.4900;8.1223;4.6200
2025-11-28 05:00;30.1800;22.1193;26.1400;8.0607;4.0400
2025-11-28 06:00;29.9000;21.5592;25.8100;8.3408;4.0900
2025-11-28 07:00;29.9000;20.9339;25.4900;8.9661;4.4100
2025-11-28 08:00;29.9000;20.4122;25.1900;9.4878;4.7100
2025-11-28 09:00;29.9000;19.7182;24.8900;10.1818;5.0100
2025-11-28 10:00;29.9000;19.0163;24.6100;10.8837;5.2900
2025-11-28 11:00;29.0400;17.7703;24.3400;11.2697;4.7000
2025-11-28 12:00;25.9800;16.3551;24.0700;9.6249;1.9100
2025-11-28 13:00;25.3100;15.0552;23.8200;10.2548;1.4900
2025-11-28 14:00;21.3500;14.2642;23.5700;7.0858;-2.2200
2025-11-28 15:00;18.0000;13.4379;23.3300;4.5621;-5.3300
2025-11-28 16:00;11.6100;12.6879;23.0900;-1.0779;-11.4800
2025-11-28 17:00;19.7300;12.5044;22.8600;7.2256;-3.1300
2025-11-28 18:00;24.5800;13.1038;22.6300;11.4762;1.9500
2025-11-28 19:00;25.6200;13.5550;22.4100;12.0650;3.2100
2025-11-28 20:00;25.0700;14.1093;22.1900;10.9607;2.8800
2025-11-28 21:00;24.3300;14.4548;21.9800;9.8752;2.3500
2025-11-28 22:00;23.5400;14.5802;21.7700;8.9598;1.7700
2025-11-28 23:00;24.7600;14.7446;21.5600;10.0154;3.2000
2025-11-29 00:00;26.8500;14.5559;21.3600;12.2941;5.4900
2025-11-29 01:00;28.5400;14.1164;21.1600;14.4236;7.3800
2025-11-29 02:00;28.2600;13.5424;20.9700;14.7176;7.2900
2025-11-29 03:00;28.4700;12.7741;20.7800;15.6959;7.6900
2025-11-29 04:00;28.1800;12.4385;20.6000;15.7415;7.5800
2025-11-29 05:00;28.1800;12.1906;20.4300;15.9894;7.7500
2025-11-29 06:00;28.0400;12.0111;20.2600;16.0289;7.7800
2025-11-29 07:00;28.1800;11.8372;20.0900;16.3428;8.0900
2025-11-29 08:00;28.0400;11.5559;19.9300;16.4841;8.1100
2025-11-29 09:00;28.4000;11.3549;19.7700;17.0451;8.6300
2025-11-29 10:00;28.2600;10.9090;19.6200;17.3510;8.6400
2025-11-29 11:00;27.2600;10.3474;19.4600;16.9126;7.8000
2025-11-29 12:00;25.0700;9.6110;19.3100;15.4590;5.7600
2025-11-29 13:00;23.7200;8.7907;19.1700;14.9293;4.5500
2025-11-29 14:00;23.3000;7.8611;19.0200;15.4389;4.2800
2025-11-29 15:00;22.0200;7.2086;18.8800;14.8114;3.1400
2025-11-29 16:00;21.3500;6.8054;18.7300;14.5446;2.6200
2025-11-29 17:00;23.4800;7.0285;18.5900;16.4515;4.8900
2025-11-29 18:00;24.2100;7.6363;18.4500;16.5737;5.7600
2025-11-29 19:00;24.7600;7.9678;18.3200;16.7922;6.4400
2025-11-29 20:00;25.0100;8.6559;18.1800;16.3541;6.8300
2025-11-29 21:00;24.8800;9.0837;18.0500;15.7963;6.8300
2025-11-29 22:00;25.0100;9.5286;17.9200;15.4814;7.0900
2025-11-29 23:00;25.0100;9.8465;17.7900;15.1635;7.2200
2025-11-30 00:00;24.5200;9.9675;17.6600;14.5525;6.8600
2025-11-30 01:00;24.8200;9.9202;17.5400;14.8998;7.2800
2025-11-30 02:00;24.0300;9.9358;17.4200;14.0942;6.6100
2025-11-30 03:00;23.7900;9.6808;17.3000;14.1092;6.4900
2025-11-30 04:00;23.9100;9.2651;17.1900;14.6449;6.7200
2025-11-30 05:00;24.0300;9.0929;17.0800;14.9371;6.9500
2025-11-30 06:00;23.7900;8.8215;16.9600;14.9685;6.8300
2025-11-30 07:00;23.5400;8.6129;16.8500;14.9271;6.6900
2025-11-30 08:00;24.0300;8.4166;16.7500;15.6134;7.2800
2025-11-30 09:00;24.3300;8.2075;16.6400;16.1225;7.6900
2025-11-30 10:00;24.0900;7.7185;16.5400;16.3715;7.5500
2025-11-30 11:00;23.5400;7.0146;16.4300;16.5254;7.1100
2025-11-30 12:00;21.9600;6.2441;16.3300;15.7159;5.6300
2025-11-30 13:00;21.9000;5.5396;16.2300;16.3604;5.6700
2025-11-30 14:00;20.9200;4.9673;16.1300;15.9527;4.7900
2025-11-30 15:00;20.6100;4.4525;16.0400;16.1575;4.5700
2025-11-30 16:00;20.6100;4.3073;15.9400;16.3027;4.6700
2025-11-30 17:00;21.1600;4.3605;15.8500;16.7995;5.3100
2025-11-30 18:00;21.7100;4.6159;15.7500;17.0941;5.9600
2025-11-30 19:00;21.3500;5.1088;15.6600;16.2412;5.6900
2025-11-30 20:00;20.8000;5.6238;15.5700;15.1762;5.2300
2025-11-30 21:00;19.1100;5.7778;15.4800;13.3322;3.6300
2025-11-30 22:00;18.5900;6.0567;15.3800;12.5333;3.2100
2025-11-30 23:00;18.0300;6.2135;15.2900;11.8165;2.7400
2025-12-01 00:00;18.3900;6.1362;15.2000;12.2538;3.1900
2025-12-01 01:00;17.9800;5.8477;15.1100;12.1323;2.8700
2025-12-01 02:00;17.9300;5.3880;15.0300;12.5420;2.9000
2025-12-01 03:00;17.5300;5.4384;14.9400;12.0916;2.5900
2025-12-01 04:00;17.9300;5.8435;14.8600;12.0865;3.0700
2025-12-01 05:00;17.9300;6.5510;14.7800;11.3790;3.1500
2025-12-01 06:00;17.8300;6.4991;14.7000;11.3309;3.1300
2025-12-01 07:00;17.6300;6.3151;14.6200;11.3149;3.0100
2025-12-01 08:00;17.6300;6.2252;14.5400;11.4048;3.0900
2025-12-01 09:00;16.7600;6.4986;14.4700;10.2614;2.2900
2025-12-01 10:00;16.9200;6.8301;14.4000;10.0899;2.5200
2025-12-01 11:00;16.7100;7.2300;14.3300;9.4800;2.3800
2025-12-01 12:00;16.7100;7.9297;14.2800;8.7803;2.4300
2025-12-01 13:00;16.7100;10.3940;14.2500;6.3160;2.4600
2025-12-01 14:00;14.4300;13.9209;14.2400;0.5091;0.1900
2025-12-01 15:00;13.0200;17.0141;14.2600;-3.9941;-1.2400
2025-12-01 16:00;11.3900;19.9304;14.3300;-8.5404;-2.9400
2025-12-01 17:00;11.7200;22.3990;14.5000;-10.6790;-2.7800
2025-12-01 18:00;11.8000;25.2779;14.9100;-13.4779;-3.1100
2025-12-01 19:00;11.8400;28.2344;15.8200;-16.3944;-3.9800
2025-12-01 20:00;11.5900;31.3323;17.5500;-19.7423;-5.9600
2025-12-01 21:00;11.5500;34.1031;20.2300;-22.5531;-8.6800
2025-12-01 22:00;12.2000;35.9374;23.6300;-23.7374;-11.4300
2025-12-01 23:00;12.8200;37.2482;27.2000;-24.4282;-14.3800
2025-12-02 00:00;12.9000;37.3713;30.2800;-24.4713;-17.3800
2025-12-02 01:00;14.2800;36.5262;32.4400;-22.2462;-18.1600
2025-12-02 02:00;17.2200;35.3070;33.5600;-18.0870;-16.3400
2025-12-02 03:00;19.7900;33.7733;33.8000;-13.9833;-14.0100
2025-12-02 04:00;21.5300;32.8918;33.4100;-11.3618;-11.8800
2025-12-02 05:00;23.5400;31.7762;32.6500;-8.2362;-9.1100
2025-12-02 06:00;24.2100;31.1552;31.6900;-6.9452;-7.4800
2025-12-02 07:00;23.5400;30.2394;30.6800;-6.6994;-7.1400
2025-12-02 08:00;22.4500;29.5104;29.6500;-7.0604;-7.2000
2025-12-02 09:00;16.8700;28.5320;28.6600;-11.6620;-11.7900
2025-12-02 10:00;16.4500;27.5775;27.7000;-11.1275;-11.2500
2025-12-02 11:00;28.7700;26.6026;26.7800;2.1674;1.9900
2025-12-02 12:00;29.8300;25.6339;25.9100;4.1961;3.9200
2025-12-02 13:00;28.4000;24.5261;25.0900;3.8739;3.3100
2025-12-02 14:00;28.4700;23.3802;24.3400;5.0898;4.1300
2025-12-02 15:00;28.1800;22.1101;23.6400;6.0699;4.5400
2025-12-02 16:00;27.9700;20.9774;23.0100;6.9926;4.9600
2025-12-02 17:00;27.4700;20.1045;22.4500;7.3655;5.0200
2025-12-02 18:00;26.6100;19.2888;21.9300;7.3212;4.6800
2025-12-02 19:00;27.0400;18.7455;21.4700;8.2945;5.5700
2025-12-02 20:00;26.6100;18.4128;21.0500;8.1972;5.5600
2025-12-02 21:00;26.4700;18.0372;20.6700;8.4328;5.8000
2025-12-02 22:00;25.8600;17.8392;20.3300;8.0208;5.5300
2025-12-02 23:00;25.3100;17.6439;20.0200;7.6661;5.2900
2025-12-03 00:00;25.0100;17.4834;19.7300;7.5266;5.2800
2025-12-03 01:00;25.0100;17.1991;19.4600;7.8109;5.5500
2025-12-03 02:00;25.0100;17.1202;19.2200;7.8898;5.7900
2025-12-03 03:00;24.4600;16.9025;18.9900;7.5575;5.4700
2025-12-03 04:00;23.6600;16.5181;18.7700;7.1419;4.8900
2025-12-03 05:00;23.5400;15.7624;18.5700;7.7776;4.9700
2025-12-03 06:00;23.5400;15.3414;18.3900;8.1986;5.1500
2025-12-03 07:00;23.5400;14.9074;18.2100;8.6326;5.3300
2025-12-03 08:00;22.3800;14.6435;18.0500;7.7365;4.3300
2025-12-03 09:00;22.0800;14.2977;17.9100;7.7823;4.1700
2025-12-03 10:00;21.2900;13.8442;17.7800;7.4458;3.5100
2025-12-03 11:00;19.3000;13.2497;17.6500;6.0503;1.6500
2025-12-03 12:00;17.2200;12.5607;17.5300;4.6593;-0.3100
2025-12-03 13:00;16.1600;11.7140;17.4000;4.4460;-1.2400
2025-12-03 14:00;16.3100;10.9917;17.2800;5.3183;-0.9700
2025-12-03 15:00;16.0500;10.1973;17.1500;5.8527;-1.1000
2025-12-03 16:00;15.2900;9.6785;17.0100;5.6115;-1.7200
2025-12-03 17:00;15.5000;9.4504;16.8800;6.0496;-1.3800
2025-12-03 18:00;15.5000;9.4797;16.7500;6.0203;-1.2500
2025-12-03 19:00;15.5000;9.5289;16.6200;5.9711;-1.1200
2025-12-03 20:00;15.5000;9.5982;16.4900;5.9018;-0.9900
2025-12-03 21:00;15.5000;9.5626;16.3700;5.9374;-0.8700
2025-12-03 22:00;15.5000;9.6272;16.2400;5.8728;-0.7400
2025-12-03 23:00;15.5000;9.6362;16.1200;5.8638;-0.6200
2025-12-04 00:00;15.7000;9.5943;16.0100;6.1057;-0.3100
2025-12-04 01:00;16.4600;9.5848;15.8900;6.8752;0.5700
2025-12-04 02:00;16.6100;9.5352;15.7800;7.0748;0.8300
2025-12-04 03:00;16.3100;9.4349;15.6700;6.8751;0.6400
2025-12-04 04:00;15.5500;9.3275;15.5700;6.2225;-0.0200
2025-12-04 05:00;15.3400;8.9904;15.4600;6.3496;-0.1200
2025-12-04 06:00;14.3800;8.5456;15.3600;5.8344;-0.9800
2025-12-04 07:00;14.2800;8.3500;15.2600;5.9300;-0.9800
2025-12-04 08:00;14.2800;8.1505;15.1600;6.1295;-0.8800
2025-12-04 09:00;13.4700;7.8801;15.0700;5.5899;-1.6000
2025-12-04 10:00;13.1100;7.6324;14.9800;5.4776;-1.8700
2025-12-04 11:00;13.0600;7.3641;14.8900;5.6959;-1.8300
2025-12-04 12:00;12.5700;7.0557;14.8000;5.5143;-2.2300
2025-12-04 13:00;12.2900;6.7703;14.7100;5.5197;-2.4200
2025-12-04 14:00;12.0400;6.5019;14.6300;5.5381;-2.5900
2025-12-04 15:00;10.0000;6.1630;14.5400;3.8370;-4.5400
2025-12-04 16:00;9.4300;5.8430;14.4600;3.5870;-5.0300
2025-12-04 17:00;9.1900;5.6437;14.3800;3.5463;-5.1900
2025-12-04 18:00;9.4300;5.6276;14.3000;3.8024;-4.8700
2025-12-04 19:00;9.2300;5.6224;14.2200;3.6076;-4.9900
2025-12-04 20:00;9.1500;5.6855;14.1400;3.4645;-4.9900
2025-12-04 21:00;9.1500;5.7715;14.0600;3.3785;-4.9100
2025-12-04 22:00;9.2300;5.8217;13.9800;3.4083;-4.7500
2025-12-04 23:00;9.1100;5.8392;13.9100;3.2708;-4.8000
2025-12-05 00:00;9.1100;5.9045;13.8300;3.2055;-4.7200
2025-12-05 01:00;9.4300;6.0071;13.7600;3.4229;-4.3300
2025-12-05 02:00;10.3300;5.9782;13.6900;4.3518;-3.3600
2025-12-05 03:00;11.4700;5.9521;13.6200;5.5179;-2.1500
2025-12-05 04:00;11.5100;5.8898;13.5400;5.6202;-2.0300
2025-12-05 05:00;11.2700;5.8027;13.4700;5.4673;-2.2000
2025-12-05 06:00;10.4500;5.7557;13.4000;4.6943;-2.9500
2025-12-05 07:00;9.9200;5.5929;13.3400;4.3271;-3.4200
2025-12-05 08:00;9.4700;5.5093;13.2700;3.9607;-3.8000
2025-12-05 09:00;9.0700;5.4130;13.2000;3.6570;-4.1300
2025-12-05 10:00;8.2500;5.2953;13.1400;2.9547;-4.8900
2025-12-05 11:00;8.7800;5.1591;13.0700;3.6209;-4.2900
2025-12-05 12:00;7.6800;5.0466;13.0100;2.6334;-5.3300
2025-12-05 13:00;3.6600;4.9390;12.9500;-1.2790;-9.2900
2025-12-05 14:00;1.7000;4.7514;12.8900;-3.0514;-11.1900
2025-12-05 15:00;1.4600;4.5739;12.8300;-3.1139;-11.3700
2025-12-05 16:00;1.2700;4.4991;12.7700;-3.2291;-11.5000
2025-12-05 17:00;1.4400;4.4106;12.7100;-2.9706;-11.2700
2025-12-05 18:00;0.8000;4.4597;12.6500;-3.6597;-11.8500
2025-12-05 19:00;0.4300;4.6314;12.5900;-4.2014;-12.1600
2025-12-05 20:00;0.4300;4.9059;12.5300;-4.4759;-12.1000
2025-12-05 21:00;0.4300;5.2032;12.4800;-4.7732;-12.0500
2025-12-05 22:00;0.5100;5.4610;12.4200;-4.9510;-11.9100
2025-12-05 23:00;0.4600;5.4869;12.3700;-5.0269;-11.9100
2025-12-06 00:00;0.4400;5.5801;12.3100;-5.1401;-11.8700
2025-12-06 01:00;0.4400;5.7045;12.2600;-5.2645;-11.8200
2025-12-06 02:00;0.6100;5.7145;12.2000;-5.1045;-11.5900
2025-12-06 03:00;1.5500;5.6035;12.1500;-4.0535;-10.6000
2025-12-06 04:00;2.1400;5.5215;12.1000;-3.3815;-9.9600
2025-12-06 05:00;2.2300;5.4141;12.0500;-3.1841;-9.8200
2025-12-06 06:00;1.7500;5.3310;12.0000;-3.5810;-10.2500
2025-12-06 07:00;1.5100;5.2083;11.9500;-3.6983;-10.4400
2025-12-06 08:00;0.9800;5.1254;11.9000;-4.1454;-10.9200
2025-12-06 09:00;0.6200;4.9732;11.8500;-4.3532;-11.2300
2025-12-06 10:00;0.4400;4.6953;11.8000;-4.2553;-11.3600
2025-12-06 11:00;0.4300;4.2715;11.7600;-3.8415;-11.3300
2025-12-06 12:00;0.4300;3.7935;11.7100;-3.3635;-11.2800
2025-12-06 13:00;0.4200;3.2489;11.6600;-2.8289;-11.2400
2025-12-06 14:00;0.4100;2.7911;11.6200;-2.3811;-11.2100
2025-12-06 15:00;0.4100;2.4868;11.5700;-2.0768;-11.1600
2025-12-06 16:00;0.4100;2.2513;11.5300;-1.8413;-11.1200
2025-12-06 17:00;0.4100;2.2286;11.4900;-1.8186;-11.0800
2025-12-06 18:00;0.4100;2.3320;11.4400;-1.9220;-11.0300
2025-12-06 19:00;0.4100;2.5130;11.4000;-2.1030;-10.9900
2025-12-06 20:00;0.4100;2.7254;11.3600;-2.3154;-10.9500
2025-12-06 21:00;0.4100;2.9341;11.3100;-2.5241;-10.9000
2025-12-06 22:00;0.4100;3.1644;11.2700;-2.7544;-10.8600
2025-12-06 23:00;0.4100;3.4001;11.2200;-2.9901;-10.8100
2025-12-07 00:00;0.4100;3.5914;11.1800;-3.1814;-10.7700
2025-12-07 01:00;0.4100;3.7427;11.1300;-3.3327;-10.7200
2025-12-07 02:00;0.4100;3.8286;11.0900;-3.4186;-10.6800
2025-12-07 03:00;0.4100;3.8944;11.0500;-3.4844;-10.6400
2025-12-07 04:00;0.4100;3.8358;11.0000;-3.4258;-10.5900
2025-12-07 05:00;0.4100;3.7268;10.9600;-3.3168;-10.5500
2025-12-07 06:00;0.4100;3.6120;10.9200;-3.2020;-10.5100
2025-12-07 07:00;0.4100;3.5189;10.8800;-3.1089;-10.4700
2025-12-07 08:00;0.4100;3.3845;10.8400;-2.9745;-10.4300
2025-12-07 09:00;0.4100;3.2424;10.8000;-2.8324;-10.3900
2025-12-07 10:00;0.4100;3.0875;10.7600;-2.6775;-10.3500
2025-12-07 11:00;0.4100;2.8831;10.7300;-2.4731;-10.3200
2025-12-07 12:00;0.4100;2.6269;10.6900;-2.2169;-10.2800
2025-12-07 13:00;0.4100;2.3433;10.6500;-1.9333;-10.2400
2025-12-07 14:00;0.4100;2.1142;10.6200;-1.7042;-10.2100
2025-12-07 15:00;0.4100;1.9901;10.5800;-1.5801;-10.1700
2025-12-07 16:00;0.4100;1.8399;10.5500;-1.4299;-10.1400
2025-12-07 17:00;0.4100;1.7799;10.5100;-1.3699;-10.1000
2025-12-07 18:00;0.4100;1.7868;10.4800;-1.3768;-10.0700
2025-12-07 19:00;0.4100;1.9433;10.4400;-1.5333;-10.0300
2025-12-07 20:00;0.4100;2.0732;10.4100;-1.6632;-10.0000
2025-12-07 21:00;0.4100;2.2440;10.3700;-1.8340;-9.9600
2025-12-07 22:00;0.4100;2.3281;10.3300;-1.9181;-9.9200
2025-12-07 23:00;0.4100;2.4107;10.3000;-2.0007;-9.8900
2025-12-08 00:00;0.4100;2.5441;10.2600;-2.1341;-9.8500
2025-12-08 01:00;0.4100;2.6848;10.2300;-2.2748;-9.8200
2025-12-08 02:00;0.4100;2.7551;10.1900;-2.3451;-9.7800
2025-12-08 03:00;0.4100;2.7834;10.1600;-2.3734;-9.7500
2025-12-08 04:00;0.4100;2.7687;10.1200;-2.3587;-9.7100
2025-12-08 05:00;0.4100;2.7894;10.0900;-2.3794;-9.6800
2025-12-08 06:00;0.4100;2.8286;10.0500;-2.4186;-9.6400
2025-12-08 07:00;0.4100;2.8884;10.0200;-2.4784;-9.6100
2025-12-08 08:00;0.4000;2.9045;9.9900;-2.5045;-9.5900
2025-12-08 09:00;0.4000;2.9013;9.9500;-2.5013;-9.5500
2025-12-08 10:00;0.4100;2.8298;9.9200;-2.4198;-9.5100
2025-12-08 11:00;0.4100;2.5260;9.8900;-2.1160;-9.4800
2025-12-08 12:00;0.4100;2.1692;9.8600;-1.7592;-9.4500
2025-12-08 13:00;0.4200;1.9019;9.8300;-1.4819;-9.4100
2025-12-08 14:00;0.4200;1.7433;9.8000;-1.3233;-9.3800
2025-12-08 15:00;0.4200;1.5966;9.7700;-1.1766;-9.3500
2025-12-08 16:00;0.4200;1.4853;9.7400;-1.0653;-9.3200
2025-12-08 17:00;0.4100;1.4668;9.7100;-1.0568;-9.3000
2025-12-08 18:00;0.4100;1.5235;9.6800;-1.1135;-9.2700
2025-12-08 19:00;0.4100;1.6232;9.6500;-1.2132;-9.2400
2025-12-08 20:00;0.4100;1.7158;9.6200;-1.3058;-9.2100
2025-12-08 21:00;0.4100;1.8043;9.5900;-1.3943;-9.1800
2025-12-08 22:00;0.4100;1.9140;9.5600;-1.5040;-9.1500
2025-12-08 23:00;0.4100;2.0245;9.5300;-1.6145;-9.1200
2025-12-09 00:00;0.4100;2.1344;9.5000;-1.7244;-9.0900
2025-12-09 01:00;0.4100;2.2041;9.4700;-1.7941;-9.0600
2025-12-09 02:00;0.4100;2.2637;9.4400;-1.8537;-9.0300
2025-12-09 03:00;0.4100;2.3331;9.4100;-1.9231;-9.0000
2025-12-09 04:00;0.4100;2.3601;9.3800;-1.9501;-8.9700
2025-12-09 05:00;0.4100;2.3727;9.3500;-1.9627;-8.9400
2025-12-09 06:00;0.4200;2.3814;9.3200;-1.9614;-8.9000
2025-12-09 07:00;0.4200;2.3863;9.2900;-1.9663;-8.8700
2025-12-09 08:00;0.4100;2.3977;9.2700;-1.9877;-8.8600
2025-12-09 09:00;0.4100;2.3698;9.2400;-1.9598;-8.8300
2025-12-09 10:00;0.4000;2.3047;9.2100;-1.9047;-8.8100
2025-12-09 11:00;0.4000;2.0723;9.1900;-1.6723;-8.7900
2025-12-09 12:00;0.4100;1.8790;9.1600;-1.4690;-8.7500
2025-12-09 13:00;0.4100;1.7083;9.1400;-1.2983;-8.7300
2025-12-09 14:00;0.4200;1.6078;9.1100;-1.1878;-8.6900
2025-12-09 15:00;0.4200;1.5010;9.0900;-1.0810;-8.6700
2025-12-09 16:00;0.4200;1.4315;9.0600;-1.0115;-8.6400
2025-12-09 17:00;0.4200;1.3914;9.0400;-0.9714;-8.6200
2025-12-09 18:00;0.4200;1.4321;9.0100;-1.0121;-8.5900
2025-12-09 19:00;0.4100;1.5119;8.9900;-1.1019;-8.5800
2025-12-09 20:00;0.4000;1.5704;8.9700;-1.1704;-8.5700
2025-12-09 21:00;0.4000;1.6184;8.9400;-1.2184;-8.5400
2025-12-09 22:00;0.4100;1.6713;8.9200;-1.2613;-8.5100
2025-12-09 23:00;0.4100;1.7073;8.8900;-1.2973;-8.4800
2025-12-10 00:00;0.4100;1.7380;8.8700;-1.3280;-8.4600
2025-12-10 01:00;0.4100;1.7581;8.8400;-1.3481;-8.4300
2025-12-10 02:00;0.4100;1.7699;8.8200;-1.3599;-8.4100
2025-12-10 03:00;0.4000;1.7709;8.8000;-1.3709;-8.4000
2025-12-10 04:00;0.4000;1.7873;8.7700;-1.3873;-8.3700
2025-12-10 05:00;0.4100;1.8081;8.7500;-1.3981;-8.3400
2025-12-10 06:00;0.4100;1.8377;8.7200;-1.4277;-8.3100
2025-12-10 07:00;0.4200;1.8602;8.7000;-1.4402;-8.2800
2025-12-10 08:00;0.4200;1.8816;8.6800;-1.4616;-8.2600
2025-12-10 09:00;0.4100;1.8940;8.6500;-1.4840;-8.2400
2025-12-10 10:00;0.4000;1.8646;8.6300;-1.4646;-8.2300
2025-12-10 11:00;0.4000;1.7469;8.6100;-1.3469;-8.2100
2025-12-10 12:00;0.4100;1.6119;8.5900;-1.2019;-8.1800
2025-12-10 13:00;0.4100;1.4740;8.5600;-1.0640;-8.1500
2025-12-10 14:00;0.4200;1.3843;8.5400;-0.9643;-8.1200
2025-12-10 15:00;0.4200;1.3186;8.5200;-0.8986;-8.1000
2025-12-10 16:00;0.4200;1.3001;8.5000;-0.8801;-8.0800
2025-12-10 17:00;0.4100;1.2946;8.4800;-0.8846;-8.0700
2025-12-10 18:00;0.4100;1.2999;8.4600;-0.8899;-8.0500
2025-12-10 19:00;0.4000;1.3212;8.4400;-0.9212;-8.0400
2025-12-10 20:00;0.4000;1.3837;8.4200;-0.9837;-8.0200
2025-12-10 21:00;0.4100;1.4419;8.4000;-1.0319;-7.9900
2025-12-10 22:00;0.4200;1.4967;8.3700;-1.0767;-7.9500
2025-12-10 23:00;0.4200;1.5593;8.3500;-1.1393;-7.9300
2025-12-11 00:00;0.4100;1.6205;8.3300;-1.2105;-7.9200
2025-12-11 01:00;0.4100;1.6676;8.3100;-1.2576;-7.9000
2025-12-11 02:00;0.4000;1.7095;8.2900;-1.3095;-7.8900
2025-12-11 03:00;0.4000;1.7503;8.2700;-1.3503;-7.8700
2025-12-11 04:00;0.4100;1.7834;8.2500;-1.3734;-7.8400
2025-12-11 05:00;0.4200;1.8052;8.2300;-1.3852;-7.8100
2025-12-11 06:00;0.4200;1.8162;8.2100;-1.3962;-7.7900
2025-12-11 07:00;0.4200;1.8572;8.1900;-1.4372;-7.7700
2025-12-11 08:00;0.4100;1.8512;8.1700;-1.4412;-7.7600
2025-12-11 09:00;0.4000;1.8450;8.1500;-1.4450;-7.7500
2025-12-11 10:00;0.4000;1.8215;8.1300;-1.4215;-7.7300
2025-12-11 11:00;0.4000;1.7162;8.1100;-1.3162;-7.7100
2025-12-11 12:00;0.4100;1.6030;8.0900;-1.1930;-7.6800
2025-12-11 13:00;0.4200;1.4526;8.0700;-1.0326;-7.6500
2025-12-11 14:00;0.4200;1.3570;8.0500;-0.9370;-7.6300
2025-12-11 15:00;0.4300;1.3044;8.0400;-0.8744;-7.6100
2025-12-11 16:00;0.4200;1.2946;8.0200;-0.8746;-7.6000
2025-12-11 17:00;0.4100;1.2946;8.0000;-0.8846;-7.5900
2025-12-11 18:00;0.4000;1.2946;7.9800;-0.8946;-7.5800
2025-12-11 19:00;0.4000;1.2946;7.9700;-0.8946;-7.5700
2025-12-11 20:00;0.4100;1.2946;7.9500;-0.8846;-7.5400
2025-12-11 21:00;0.4200;1.3037;7.9300;-0.8837;-7.5100
2025-12-11 22:00;0.4200;1.3143;7.9100;-0.8943;-7.4900
2025-12-11 23:00;0.4100;1.3324;7.9000;-0.9224;-7.4900
2025-12-12 00:00;0.4100;1.3541;7.8800;-0.9441;-7.4700
2025-12-12 01:00;0.4000;1.4089;7.8600;-1.0089;-7.4600
2025-12-12 02:00;0.4000;1.4693;7.8400;-1.0693;-7.4400
2025-12-12 03:00;0.4100;1.5238;7.8200;-1.1138;-7.4100
2025-12-12 04:00;0.4100;1.5754;7.8000;-1.1654;-7.3900
2025-12-12 05:00;0.4200;1.6249;7.7900;-1.2049;-7.3700
2025-12-12 06:00;0.4200;1.6694;7.7700;-1.2494;-7.3500
2025-12-12 07:00;0.4100;1.7080;7.7500;-1.2980;-7.3400
2025-12-12 08:00;0.4100;1.7294;7.7300;-1.3194;-7.3200
2025-12-12 09:00;0.4000;1.7446;7.7100;-1.3446;-7.3100
2025-12-12 10:00;0.4000;1.7281;7.7000;-1.3281;-7.3000
2025-12-12 11:00;0.4100;1.6446;7.6800;-1.2346;-7.2700
2025-12-12 12:00;0.4100;1.5282;7.6600;-1.1182;-7.2500
2025-12-12 13:00;0.4200;1.4128;7.6500;-0.9928;-7.2300
2025-12-12 14:00;0.4200;1.3251;7.6300;-0.9051;-7.2100
2025-12-12 15:00;0.4200;1.2970;7.6200;-0.8770;-7.2000
2025-12-12 16:00;0.4100;1.2946;7.6000;-0.8846;-7.1900
2025-12-12 17:00;0.4100;1.2946;7.5900;-0.8846;-7.1800
2025-12-12 18:00;0.4100;1.2946;7.5700;-0.8846;-7.1600
2025-12-12 19:00;0.4100;1.3032;7.5500;-0.8932;-7.1400
2025-12-12 20:00;0.4100;1.3497;7.5400;-0.9397;-7.1300
2025-12-12 21:00;0.4100;1.4296;7.5200;-1.0196;-7.1100
2025-12-12 22:00;0.4100;1.5098;7.5100;-1.0998;-7.1000
2025-12-12 23:00;0.4100;1.5900;7.4900;-1.1800;-7.0800
2025-12-13 00:00;0.4100;1.6426;7.4800;-1.2326;-7.0700
2025-12-13 01:00;0.4000;1.6702;7.4600;-1.2702;-7.0600
2025-12-13 02:00;0.4000;1.6513;7.4500;-1.2513;-7.0500
2025-12-13 03:00;0.4100;1.6513;7.4300;-1.2413;-7.0200
2025-12-13 04:00;0.4100;1.6470;7.4200;-1.2370;-7.0100
2025-12-13 05:00;0.4100;1.6418;7.4000;-1.2318;-6.9900
2025-12-13 06:00;0.4100;1.6191;7.3900;-1.2091;-6.9800
2025-12-13 07:00;0.4100;1.6203;7.3700;-1.2103;-6.9600
2025-12-13 08:00;0.4100;1.5960;7.3600;-1.1860;-6.9500
2025-12-13 09:00;0.4000;1.6065;7.3400;-1.2065;-6.9400
2025-12-13 10:00;0.4100;1.5928;7.3300;-1.1828;-6.9200
2025-12-13 11:00;0.4100;1.5398;7.3100;-1.1298;-6.9000
2025-12-13 12:00;0.4100;1.4136;7.3000;-1.0036;-6.8900
2025-12-13 13:00;0.4100;1.3305;7.2900;-0.9205;-6.8800
2025-12-13 14:00;0.4200;1.2946;7.2700;-0.8746;-6.8500
2025-12-13 15:00;0.4200;1.2946;7.2600;-0.8746;-6.8400
2025-12-13 16:00;0.4200;1.2946;7.2500;-0.8746;-6.8300
2025-12-13 17:00;0.4200;1.2946;7.2300;-0.8746;-6.8100
2025-12-13 18:00;0.4200;1.2946;7.2200;-0.8746;-6.8000
2025-12-13 19:00;0.4100;1.2946;7.2100;-0.8846;-6.8000
2025-12-13 20:00;0.4000;1.3010;7.1900;-0.9010;-6.7900
2025-12-13 21:00;0.4000;1.3484;7.1800;-0.9484;-6.7800
2025-12-13 22:00;0.4100;1.4091;7.1700;-0.9991;-6.7600
2025-12-13 23:00;0.4100;1.4635;7.1500;-1.0535;-6.7400
2025-12-14 00:00;0.4100;1.4995;7.1400;-1.0895;-6.7300
2025-12-14 01:00;0.4100;1.5200;7.1200;-1.1100;-6.7100
2025-12-14 02:00;0.4100;1.5515;7.1100;-1.1415;-6.7000
2025-12-14 03:00;0.4000;1.5413;7.1000;-1.1413;-6.7000
2025-12-14 04:00;0.4000;1.5463;7.0800;-1.1463;-6.6800
2025-12-14 05:00;0.4100;1.5504;7.0700;-1.1404;-6.6600
2025-12-14 06:00;0.4100;1.5285;7.0500;-1.1185;-6.6400
2025-12-14 07:00;0.4100;1.5245;7.0400;-1.1145;-6.6300
2025-12-14 08:00;0.4200;1.5235;7.0200;-1.1035;-6.6000
2025-12-14 09:00;0.4100;1.5272;7.0100;-1.1172;-6.6000
2025-12-14 10:00;0.4100;1.5067;7.0000;-1.0967;-6.5900
2025-12-14 11:00;0.4000;1.4482;6.9800;-1.0482;-6.5800
2025-12-14 12:00;0.4000;1.3470;6.9700;-0.9470;-6.5700
2025-12-14 13:00;0.4100;1.3013;6.9600;-0.8913;-6.5500
2025-12-14 14:00;0.4300;1.2946;6.9500;-0.8646;-6.5200
2025-12-14 15:00;0.4300;1.2946;6.9400;-0.8646;-6.5100
2025-12-14 16:00;0.4200;1.2946;6.9200;-0.8746;-6.5000
2025-12-14 17:00;0.4100;1.2946;6.9100;-0.8846;-6.5000
2025-12-14 18:00;0.4000;1.2946;6.9000;-0.8946;-6.5000
2025-12-14 19:00;0.4000;1.2946;6.8900;-0.8946;-6.4900
2025-12-14 20:00;0.4000;1.2946;6.8800;-0.8946;-6.4800
2025-12-14 21:00;0.4100;1.3053;6.8600;-0.8953;-6.4500
2025-12-14 22:00;0.4200;1.3425;6.8500;-0.9225;-6.4300
2025-12-14 23:00;0.4200;1.3958;6.8400;-0.9758;-6.4200
2025-12-15 00:00;0.4100;1.4275;6.8300;-1.0175;-6.4200
2025-12-15 01:00;0.4000;1.4430;6.8100;-1.0430;-6.4100
2025-12-15 02:00;0.4000;1.4630;6.8000;-1.0630;-6.4000
2025-12-15 03:00;0.4000;1.4703;6.7900;-1.0703;-6.3900
2025-12-15 04:00;0.4100;1.4754;6.7700;-1.0654;-6.3600
2025-12-15 05:00;0.4200;1.4864;6.7600;-1.0664;-6.3400
2025-12-15 06:00;0.4200;1.4989;6.7500;-1.0789;-6.3300
2025-12-15 07:00;0.4100;1.4982;6.7400;-1.0882;-6.3300
2025-12-15 08:00;0.4100;1.5030;6.7200;-1.0930;-6.3100
2025-12-15 09:00;0.4000;1.5018;6.7100;-1.1018;-6.3100
2025-12-15 10:00;0.4000;1.4839;6.7000;-1.0839;-6.3000
2025-12-15 11:00;0.4100;1.4271;6.6900;-1.0171;-6.2800
2025-12-15 12:00;0.4100;1.3538;6.6800;-0.9438;-6.2700
2025-12-15 13:00;0.4100;1.3016;6.6700;-0.8916;-6.2600
2025-12-15 14:00;0.4200;1.2946;6.6600;-0.8746;-6.2400
2025-12-15 15:00;0.4200;1.2946;6.6500;-0.8746;-6.2300
2025-12-15 16:00;0.4200;1.2946;6.6400;-0.8746;-6.2200
2025-12-15 17:00;0.4000;1.2946;6.6300;-0.8946;-6.2300
2025-12-15 18:00;0.4000;1.2946;6.6200;-0.8946;-6.2200
2025-12-15 19:00;0.4000;1.2946;6.6100;-0.8946;-6.2100
2025-12-15 20:00;0.4100;1.2946;6.6000;-0.8846;-6.1900
2025-12-15 21:00;0.4200;1.2946;6.5900;-0.8746;-6.1700
2025-12-15 22:00;0.4200;1.2946;6.5800;-0.8746;-6.1600
2025-12-15 23:00;0.4100;1.2946;6.5700;-0.8846;-6.1600
2025-12-16 00:00;0.4000;1.2946;6.5500;-0.8946;-6.1500
2025-12-16 01:00;0.4000;1.2946;6.5400;-0.8946;-6.1400
2025-12-16 02:00;0.4000;1.2946;6.5300;-0.8946;-6.1300
2025-12-16 03:00;0.4100;1.2946;6.5200;-0.8846;-6.1100
2025-12-16 04:00;0.4200;1.2946;6.5100;-0.8746;-6.0900
2025-12-16 05:00;0.4200;1.2946;6.5000;-0.8746;-6.0800
2025-12-16 06:00;0.4200;1.2977;6.4900;-0.8777;-6.0700
2025-12-16 07:00;0.4100;1.3021;6.4700;-0.8921;-6.0600
2025-12-16 08:00;0.4000;1.3098;6.4600;-0.9098;-6.0600
2025-12-16 09:00;0.4000;1.3147;6.4500;-0.9147;-6.0500
2025-12-16 10:00;0.4100;1.3257;6.4400;-0.9157;-6.0300
2025-12-16 11:00;0.4100;1.3479;6.4300;-0.9379;-6.0200
2025-12-16 12:00;0.4100;1.3849;6.4200;-0.9749;-6.0100
2025-12-16 13:00;0.4000;1.4191;6.4100;-1.0191;-6.0100
2025-12-16 14:00;0.4000;1.4728;6.4000;-1.0728;-6.0000
2025-12-16 15:00;0.4000;1.6073;6.4000;-1.2073;-6.0000
2025-12-16 16:00;0.4100;1.8772;6.4000;-1.4672;-5.9900
2025-12-16 17:00;0.4200;2.7307;6.4100;-2.3107;-5.9900
2025-12-16 18:00;0.4200;4.1280;6.4300;-3.7080;-6.0100
2025-12-16 19:00;0.4200;6.0026;6.4600;-5.5826;-6.0400
2025-12-16 20:00;0.4100;8.1817;6.5200;-7.7717;-6.1100
2025-12-16 21:00;0.4000;10.4525;6.6100;-10.0525;-6.2100
2025-12-16 22:00;0.4000;12.5553;6.8300;-12.1553;-6.4300
2025-12-16 23:00;0.4100;14.6599;7.3300;-14.2499;-6.9200
2025-12-17 00:00;0.4100;16.7570;8.3600;-16.3470;-7.9500
2025-12-17 01:00;0.4200;19.1832;10.1000;-18.7632;-9.6800
2025-12-17 02:00;0.4100;21.2341;12.5300;-20.8241;-12.1200
2025-12-17 03:00;0.4100;23.1795;15.4600;-22.7695;-15.0500
2025-12-17 04:00;0.4200;24.5718;18.5700;-24.1518;-18.1500
2025-12-17 05:00;1.0400;25.8326;21.6300;-24.7926;-20.5900
2025-12-17 06:00;6.4000;26.8871;24.4900;-20.4871;-18.0900
2025-12-17 07:00;22.0600;27.7462;27.0000;-5.6862;-4.9400
2025-12-17 08:00;29.6100;28.1455;28.9900;1.4645;0.6200
2025-12-17 09:00;32.5400;27.7816;30.3500;4.7584;2.1900
2025-12-17 10:00;32.4700;26.9038;31.0500;5.5662;1.4200
2025-12-17 11:00;29.1100;25.9397;31.1800;3.1703;-2.0700
2025-12-17 12:00;28.1800;24.8290;30.8500;3.3510;-2.6700
2025-12-17 13:00;27.6800;23.6270;30.2200;4.0530;-2.5400
2025-12-17 14:00;26.4700;22.3966;29.3700;4.0734;-2.9000
2025-12-17 15:00;25.6800;20.8982;28.3800;4.7818;-2.7000
2025-12-17 16:00;23.7200;19.6375;27.3400;4.0825;-3.6200
2025-12-17 17:00;23.9700;18.8587;26.3000;5.1113;-2.3300
2025-12-17 18:00;25.1900;18.0945;25.3000;7.0955;-0.1100
2025-12-17 19:00;25.0700;17.5123;24.3800;7.5577;0.6900
2025-12-17 20:00;24.9400;16.9988;23.5600;7.9412;1.3800
2025-12-17 21:00;23.9100;16.4344;22.8300;7.4756;1.0800
2025-12-17 22:00;23.5400;15.9358;22.1800;7.6042;1.3600
2025-12-17 23:00;22.5100;15.5062;21.6200;7.0038;0.8900
2025-12-18 00:00;21.9600;15.3126;21.1200;6.6474;0.8400
2025-12-18 01:00;22.0800;15.1202;20.6800;6.9598;1.4000
2025-12-18 02:00;22.2000;14.8792;20.2800;7.3208;1.9200
2025-12-18 03:00;22.0800;14.4956;19.9200;7.5844;2.1600
2025-12-18 04:00;21.5300;14.3651;19.6000;7.1649;1.9300
2025-12-18 05:00;20.4900;14.0710;19.3500;6.4190;1.1400
2025-12-18 06:00;20.2500;13.3229;19.1100;6.9271;1.1400
2025-12-18 07:00;18.9600;13.7451;18.8300;5.2149;0.1300
2025-12-18 08:00;18.0300;13.5178;18.5400;4.5122;-0.5100
2025-12-18 09:00;17.0700;13.2317;18.2400;3.8383;-1.1700
2025-12-18 10:00;15.5500;12.7988;17.9500;2.7512;-2.4000
2025-12-18 11:00;14.6300;12.0410;17.6700;2.5890;-3.0400
2025-12-18 12:00;13.5200;11.0494;17.4000;2.4706;-3.8800
2025-12-18 13:00;13.0600;9.9828;17.1400;3.0772;-4.0800
2025-12-18 14:00;12.8200;9.1382;16.9000;3.6818;-4.0800
2025-12-18 15:00;12.5700;8.3850;16.6800;4.1850;-4.1100
2025-12-18 16:00;12.2000;8.0078;16.4600;4.1922;-4.2600
2025-12-18 17:00;11.9600;7.7896;16.2600;4.1704;-4.3000
2025-12-18 18:00;11.1900;7.5840;16.0800;3.6060;-4.8900
2025-12-18 19:00;10.7000;7.5756;15.9000;3.1244;-5.2000
2025-12-18 20:00;10.4900;7.7263;15.7300;2.7637;-5.2400
2025-12-18 21:00;10.2100;8.0532;15.5700;2.1568;-5.3600
2025-12-18 22:00;10.0400;8.8588;15.4200;1.1812;-5.3800
2025-12-18 23:00;9.6400;10.3646;15.2700;-0.7246;-5.6300
2025-12-19 00:00;9.3500;12.0154;15.1500;-2.6654;-5.8000
2025-12-19 01:00;9.1500;13.6361;15.0400;-4.4861;-5.8900
2025-12-19 02:00;8.9800;15.4585;14.9500;-6.4785;-5.9700
2025-12-19 03:00;8.9400;16.0822;14.9100;-7.1422;-5.9700
2025-12-19 04:00;8.5000;16.3908;14.9500;-7.8908;-6.4500
2025-12-19 05:00;8.2500;16.9491;15.1000;-8.6991;-6.8500
2025-12-19 06:00;8.1700;17.7753;15.4200;-9.6053;-7.2500
2025-12-19 07:00;8.1700;17.7410;15.9200;-9.5710;-7.7500
2025-12-19 08:00;7.9900;18.0184;16.6000;-10.0284;-8.6100
2025-12-19 09:00;8.1700;18.0165;17.3900;-9.8465;-9.2200
2025-12-19 10:00;8.2100;18.1741;18.2000;-9.9641;-9.9900
2025-12-19 11:00;8.9400;18.3294;18.9300;-9.3894;-9.9900
2025-12-19 12:00;9.4300;18.3627;19.5400;-8.9327;-10.1100
2025-12-19 13:00;9.8400;19.6906;19.9900;-9.8506;-10.1500
2025-12-19 14:00;10.3300;19.7622;20.3000;-9.4322;-9.9700
2025-12-19 15:00;10.7800;19.6322;20.4900;-8.8522;-9.7100
2025-12-19 16:00;11.1000;19.5469;20.6100;-8.4469;-9.5100
2025-12-19 17:00;11.1000;19.9985;20.6900;-8.8985;-9.5900
2025-12-19 18:00;11.3900;20.5136;20.7900;-9.1236;-9.4000
2025-12-19 19:00;11.7200;21.5473;20.9100;-9.8273;-9.1900
2025-12-19 20:00;10.7000;21.4354;21.0600;-10.7354;-10.3600
2025-12-19 21:00;9.3500;21.1362;21.2200;-11.7862;-11.8700
2025-12-19 22:00;8.9400;21.0148;21.4200;-12.0748;-12.4800
2025-12-19 23:00;8.9800;21.1297;21.6300;-12.1497;-12.6500
2025-12-20 00:00;9.5100;20.9857;21.8600;-11.4757;-12.3500
2025-12-20 01:00;10.8200;20.3895;22.0700;-9.5695;-11.2500
2025-12-20 02:00;10.9400;19.5713;22.2200;-8.6313;-11.2800
2025-12-20 03:00;11.1400;18.8294;22.2800;-7.6894;-11.1400
2025-12-20 04:00;12.1600;18.1996;22.2200;-6.0396;-10.0600
2025-12-20 05:00;12.6100;17.7391;22.0400;-5.1291;-9.4300
2025-12-20 06:00;12.6500;17.2793;21.7700;-4.6293;-9.1200
2025-12-20 07:00;12.7300;16.8715;21.4100;-4.1415;-8.6800
2025-12-20 08:00;12.5700;16.5451;21.0100;-3.9751;-8.4400
2025-12-20 09:00;12.2400;16.2768;20.5800;-4.0368;-8.3400
2025-12-20 10:00;12.1200;15.6969;20.1500;-3.5769;-8.0300
2025-12-20 11:00;12.0000;14.8678;19.7200;-2.8678;-7.7200
2025-12-20 12:00;11.5500;14.3957;19.3000;-2.8457;-7.7500
2025-12-20 13:00;11.1900;13.8007;18.9100;-2.6107;-7.7200
2025-12-20 14:00;11.1000;13.2410;18.5300;-2.1410;-7.4300
2025-12-20 15:00;11.1000;12.7566;18.1800;-1.6566;-7.0800
2025-12-20 16:00;10.5700;12.3493;17.8500;-1.7793;-7.2800
2025-12-20 17:00;10.1300;12.0568;17.5500;-1.9268;-7.4200
2025-12-20 18:00;10.0400;11.8821;17.2600;-1.8421;-7.2200
2025-12-20 19:00;9.8400;11.7205;16.9900;-1.8805;-7.1500
2025-12-20 20:00;9.3900;11.6139;16.7400;-2.2239;-7.3500
2025-12-20 21:00;9.2300;11.5290;16.5100;-2.2990;-7.2800
2025-12-20 22:00;9.1500;11.4751;16.2900;-2.3251;-7.1400
2025-12-20 23:00;8.8200;11.4038;16.0900;-2.5838;-7.2700
2025-12-21 00:00;8.3700;11.2736;15.9000;-2.9036;-7.5300
2025-12-21 01:00;8.1700;11.1989;15.7200;-3.0289;-7.5500
2025-12-21 02:00;8.0800;10.8361;15.5500;-2.7561;-7.4700
2025-12-21 03:00;7.6800;10.3687;15.3800;-2.6887;-7.7000
2025-12-21 04:00;7.6100;10.2103;15.2300;-2.6003;-7.6200
2025-12-21 05:00;7.4300;10.0545;15.0900;-2.6245;-7.6600
2025-12-21 06:00;7.1800;10.0267;14.9500;-2.8467;-7.7700
2025-12-21 07:00;6.8400;9.9395;14.8100;-3.0995;-7.9700
2025-12-21 08:00;6.6900;9.7826;14.6900;-3.0926;-8.0000
2025-12-21 09:00;6.5700;9.6702;14.5600;-3.1002;-7.9900
2025-12-21 10:00;6.1000;9.5274;14.4400;-3.4274;-8.3400
2025-12-21 11:00;6.0100;9.2746;14.3300;-3.2646;-8.3200
2025-12-21 12:00;6.0100;8.9845;14.2200;-2.9745;-8.2100
2025-12-21 13:00;5.2400;8.6893;14.1100;-3.4493;-8.8700
2025-12-21 14:00;5.2100;8.4479;14.0000;-3.2379;-8.7900
2025-12-21 15:00;5.1500;8.2190;13.9000;-3.0690;-8.7500
2025-12-21 16:00;4.9900;8.0507;13.8000;-3.0607;-8.8100
2025-12-21 17:00;4.4700;7.9548;13.7100;-3.4848;-9.2400
2025-12-21 18:00;4.2600;7.8505;13.6100;-3.5905;-9.3500
2025-12-21 19:00;4.1900;7.7577;13.5200;-3.5677;-9.3300
2025-12-21 20:00;4.0400;7.6818;13.4300;-3.6418;-9.3900
2025-12-21 21:00;3.9600;7.5406;13.3400;-3.5806;-9.3800
2025-12-21 22:00;3.9600;7.4402;13.2500;-3.4802;-9.2900
2025-12-21 23:00;3.8100;7.3282;13.1700;-3.5182;-9.3600
2025-12-22 00:00;3.6200;7.1593;13.0900;-3.5393;-9.4700
2025-12-22 01:00;3.4900;7.0147;13.0000;-3.5247;-9.5100
2025-12-22 02:00;3.6400;6.9197;12.9200;-3.2797;-9.2800
2025-12-22 03:00;3.9600;6.7955;12.8400;-2.8355;-8.8800
2025-12-22 04:00;4.0400;6.6579;12.7700;-2.6179;-8.7300
2025-12-22 05:00;3.9800;6.5671;12.6900;-2.5871;-8.7100
2025-12-22 06:00;3.5700;6.4848;12.6100;-2.9148;-9.0400
2025-12-22 07:00;3.1500;6.4504;12.5400;-3.3004;-9.3900
2025-12-22 08:00;2.6800;6.3762;12.4700;-3.6962;-9.7900
2025-12-22 09:00;2.4200;6.3025;12.4000;-3.8825;-9.9800
2025-12-22 10:00;1.9300;6.1083;12.3300;-4.1783;-10.4000
2025-12-22 11:00;1.7500;5.9484;12.2600;-4.1984;-10.5100
2025-12-22 12:00;1.6200;5.6938;12.2000;-4.0738;-10.5800
2025-12-22 13:00;1.4800;5.3092;12.1300;-3.8292;-10.6500
2025-12-22 14:00;1.3200;5.1447;12.0700;-3.8247;-10.7500
2025-12-22 15:00;1.1900;4.9223;12.0000;-3.7323;-10.8100
2025-12-22 16:00;1.0500;4.8428;11.9400;-3.7928;-10.8900
2025-12-22 17:00;0.9400;4.7286;11.8800;-3.7886;-10.9400
2025-12-22 18:00;0.7300;4.6788;11.8100;-3.9488;-11.0800
2025-12-22 19:00;0.6700;4.7232;11.7500;-4.0532;-11.0800
2025-12-22 20:00;0.5400;5.0139;11.6900;-4.4739;-11.1500
2025-12-22 21:00;0.5000;5.0561;11.6400;-4.5561;-11.1400
2025-12-22 22:00;0.5900;4.9273;11.5800;-4.3373;-10.9900
2025-12-22 23:00;0.9500;4.9099;11.5200;-3.9599;-10.5700
2025-12-23 00:00;1.7900;4.8304;11.4700;-3.0404;-9.6800
2025-12-23 01:00;1.9500;4.8335;11.4200;-2.8835;-9.4700
2025-12-23 02:00;2.4200;4.8024;11.3700;-2.3824;-8.9500
2025-12-23 03:00;3.1300;4.7895;11.3200;-1.6595;-8.1900
2025-12-23 04:00;3.3600;5.0481;11.2700;-1.6881;-7.9100
2025-12-23 05:00;3.1300;5.9708;11.2300;-2.8408;-8.1000
2025-12-23 06:00;3.3800;7.6568;11.1900;-4.2768;-7.8100
2025-12-23 07:00;3.4500;10.5744;11.1600;-7.1244;-7.7100
2025-12-23 08:00;3.3800;13.7285;11.1500;-10.3485;-7.7700
2025-12-23 09:00;2.9300;17.0139;11.1600;-14.0839;-8.2300
2025-12-23 10:00;2.6600;20.0222;11.2100;-17.3622;-8.5500
2025-12-23 11:00;2.4200;22.5902;11.3800;-20.1702;-8.9600
2025-12-23 12:00;2.3200;24.7701;11.8800;-22.4501;-9.5600
2025-12-23 13:00;2.0800;26.5239;13.0400;-24.4439;-10.9600
2025-12-23 14:00;2.4000;28.0353;15.2000;-25.6353;-12.8000
2025-12-23 15:00;2.6600;29.1734;18.4000;-26.5134;-15.7400
2025-12-23 16:00;3.7500;29.4475;22.2600;-25.6975;-18.5100
2025-12-23 17:00;17.3200;28.9966;26.0500;-11.6766;-8.7300
2025-12-23 18:00;32.4700;27.8690;29.0900;4.6010;3.3800
2025-12-23 19:00;36.1000;26.5332;31.0100;9.5668;5.0900
2025-12-23 20:00;37.3300;25.4801;31.8500;11.8499;5.4800
2025-12-23 21:00;37.0100;24.7197;31.8500;12.2903;5.1600
2025-12-23 22:00;36.6000;24.3255;31.3300;12.2745;5.2700
2025-12-23 23:00;35.0600;23.9562;30.5300;11.1038;4.5300
2025-12-24 00:00;34.9000;24.3922;29.6100;10.5078;5.2900
2025-12-24 01:00;34.3300;24.2869;28.7200;10.0431;5.6100
2025-12-24 02:00;35.9400;25.2603;28.0600;10.6797;7.8800
2025-12-24 03:00;37.0100;26.7734;27.8200;10.2366;9.1900
2025-12-24 04:00;37.9100;30.3426;28.1200;7.5674;9.7900
2025-12-24 05:00;40.9400;33.1913;29.4300;7.7487;11.5100
2025-12-24 06:00;44.9400;37.3009;32.6700;7.6391;12.2700
2025-12-24 07:00;53.0200;42.8627;38.6600;10.1573;14.3600
2025-12-24 08:00;72.6600;48.9692;47.9200;23.6908;24.7400
2025-12-24 09:00;91.0800;57.8114;60.3800;33.2686;30.7000
2025-12-24 10:00;121.4500;66.4073;74.9400;55.0427;46.5100
2025-12-24 11:00;147.8400;75.8595;90.1400;71.9805;57.7000
2025-12-24 12:00;155.8200;87.9868;105.3900;67.8332;50.4300
2025-12-24 13:00;166.5600;101.9194;120.5700;64.6406;45.9900
2025-12-24 14:00;184.5600;119.9339;135.0900;64.6261;49.4700
2025-12-24 15:00;192.2000;139.4397;148.2200;52.7603;43.9800
2025-12-24 16:00;194.8700;158.9929;160.0600;35.8771;34.8100
2025-12-24 17:00;202.3800;177.4180;171.5800;24.9620;30.8000
2025-12-24 18:00;214.6800;192.8603;183.6900;21.8197;30.9900
2025-12-24 19:00;243.3700;203.6925;195.9000;39.6775;47.4700
2025-12-24 20:00;263.3000;209.4111;206.4100;53.8889;56.8900
2025-12-24 21:00;260.7100;211.6126;212.6700;49.0974;48.0400
2025-12-24 22:00;247.1200;208.9170;212.2800;38.2030;34.8400
2025-12-24 23:00;231.6300;202.0406;206.3800;29.5894;25.2500
2025-12-25 00:00;219.9800;190.4556;197.8200;29.5244;22.1600
2025-12-25 01:00;211.8300;177.8641;188.0200;33.9659;23.8100
2025-12-25 02:00;206.0500;165.5084;177.7900;40.5416;28.2600
2025-12-25 03:00;200.0700;155.6502;167.5500;44.4198;32.5200
2025-12-25 04:00;190.5600;147.2523;157.2800;43.3077;33.2800
2025-12-25 05:00;185.2900;140.2535;147.2800;45.0365;38.0100
2025-12-25 06:00;182.7500;134.7301;137.8900;48.0199;44.8600
2025-12-25 07:00;179.1200;128.9130;129.0700;50.2070;50.0500
2025-12-25 08:00;170.8500;125.1488;121.2300;45.7012;49.6200
2025-12-25 09:00;170.7800;121.2916;115.2000;49.4884;55.5800
2025-12-25 10:00;171.3300;121.9787;111.4700;49.3513;59.8600
2025-12-25 11:00;176.2200;122.6047;110.1500;53.6153;66.0700
2025-12-25 12:00;180.9400;126.9925;111.1400;53.9475;69.8000
2025-12-25 13:00;184.0200;131.2306;114.0200;52.7894;70.0000
2025-12-25 14:00;183.6600;137.1573;117.7400;46.5027;65.9200
2025-12-25 15:00;181.3000;141.9945;121.0900;39.3055;60.2100
2025-12-25 16:00;174.2300;146.9597;122.9200;27.2703;51.3100
2025-12-25 17:00;167.5400;149.1227;122.8000;18.4173;44.7400
2025-12-25 18:00;159.5600;148.2866;121.3800;11.2734;38.1800
2025-12-25 19:00;152.5900;145.5128;119.5800;7.0772;33.0100
2025-12-25 20:00;148.4600;142.8463;117.6600;5.6137;30.8000
2025-12-25 21:00;144.3400;139.3290;115.2000;5.0110;29.1400
2025-12-25 22:00;138.1500;135.5452;111.9300;2.6048;26.2200
2025-12-25 23:00;131.2300;130.1649;107.9300;1.0651;23.3000
2025-12-26 00:00;124.9800;124.1434;103.3700;0.8366;21.6100
2025-12-26 01:00;119.8200;119.0901;98.4700;0.7299;21.3500
2025-12-26 02:00;115.4000;113.1984;93.5200;2.2016;21.8800
2025-12-26 03:00;111.4400;110.5153;88.8300;0.9247;22.6100
2025-12-26 04:00;107.4800;107.0434;84.6300;0.4366;22.8500
2025-12-26 05:00;103.6600;105.0750;81.0300;-1.4150;22.6300
2025-12-26 06:00;101.0700;104.6119;77.9900;-3.5419;23.0800
2025-12-26 07:00;97.8000;103.6658;75.4200;-5.8658;22.3800
2025-12-26 08:00;94.9900;102.6505;73.2300;-7.6605;21.7600
2025-12-26 09:00;93.8700;101.0678;71.3400;-7.1978;22.5300
2025-12-26 10:00;90.6100;99.0359;69.6600;-8.4259;20.9500
2025-12-26 11:00;87.2300;96.6173;68.1200;-9.3873;19.1100
2025-12-26 12:00;83.7300;94.8121;66.6500;-11.0821;17.0800
2025-12-26 13:00;82.1000;92.7701;65.2100;-10.6701;16.8900
2025-12-26 14:00;80.6100;90.9529;63.8700;-10.3429;16.7400
2025-12-26 15:00;78.1000;89.0704;62.7300;-10.9704;15.3700
2025-12-26 16:00;76.0400;87.5203;61.9000;-11.4803;14.1400
2025-12-26 17:00;74.7900;86.8202;61.3500;-12.0302;13.4400
2025-12-26 18:00;73.8700;86.5487;60.8700;-12.6787;13.0000
2025-12-26 19:00;73.8700;86.5501;60.1700;-12.6801;13.7000
2025-12-26 20:00;72.6200;85.8783;59.0800;-13.2583;13.5400
2025-12-26 21:00;71.1300;84.6180;57.5700;-13.4880;13.5600
2025-12-26 22:00;70.9000;82.7232;55.7200;-11.8232;15.1800
2025-12-26 23:00;68.5000;80.7994;53.6400;-12.2994;14.8600
2025-12-27 00:00;68.1800;77.5653;51.4600;-9.3853;16.7200
2025-12-27 01:00;66.2200;74.7837;49.2600;-8.5637;16.9600
2025-12-27 02:00;65.2900;71.9267;47.1200;-6.6367;18.1700
2025-12-27 03:00;63.7400;69.9396;45.0900;-6.1996;18.6500
2025-12-27 04:00;63.4300;68.0808;43.1900;-4.6508;20.2400
2025-12-27 05:00;61.8700;66.7600;41.4500;-4.8900;20.4200
2025-12-27 06:00;60.9400;65.5922;39.8700;-4.6522;21.0700
2025-12-27 07:00;60.2200;64.6384;38.4400;-4.4184;21.7800
2025-12-27 08:00;58.8800;63.9520;37.1600;-5.0720;21.7200
2025-12-27 09:00;58.6700;63.1959;36.0000;-4.5259;22.6700
2025-12-27 10:00;58.6700;62.2676;34.9600;-3.5976;23.7100
2025-12-27 11:00;58.6700;61.2154;34.0300;-2.5454;24.6400
2025-12-27 12:00;53.3100;59.9198;33.1900;-6.6098;20.1200
2025-12-27 13:00;50.9800;58.6788;32.4400;-7.6988;18.5400
2025-12-27 14:00;49.7800;56.6280;31.7800;-6.8480;18.0000
2025-12-27 15:00;49.1300;54.7375;31.2200;-5.6075;17.9100
2025-12-27 16:00;49.0400;52.6437;30.8400;-3.6037;18.2000
2025-12-27 17:00;49.1300;51.7901;30.7000;-2.6601;18.4300
2025-12-27 18:00;49.0400;51.9802;30.9100;-2.9402;18.1300
2025-12-27 19:00;49.3100;54.4375;31.4500;-5.1275;17.8600
2025-12-27 20:00;50.3300;56.4548;32.2300;-6.1248;18.1000
2025-12-27 21:00;49.9600;57.4211;33.0800;-7.4611;16.8800
2025-12-27 22:00;49.1300;58.5176;33.8100;-9.3876;15.3200
2025-12-27 23:00;49.1300;58.1712;34.2700;-9.0412;14.8600
2025-12-28 00:00;48.3000;58.4741;34.4100;-10.1741;13.8900
2025-12-28 01:00;47.6500;57.6600;34.2200;-10.0100;13.4300
2025-12-28 02:00;47.0900;56.6779;33.7900;-9.5879;13.3000
2025-12-28 03:00;47.0000;56.6273;33.1800;-9.6273;13.8200
2025-12-28 04:00;45.8900;55.8647;32.4800;-9.9747;13.4100
2025-12-28 05:00;44.9600;55.4217;31.7500;-10.4617;13.2100
2025-12-28 06:00;44.8700;54.6574;31.0500;-9.7874;13.8200
2025-12-28 07:00;44.6900;54.4420;30.4100;-9.7520;14.2800
2025-12-28 08:00;43.0700;53.8106;29.8400;-10.7406;13.2300
2025-12-28 09:00;43.8100;53.4756;29.3800;-9.6656;14.4300
2025-12-28 10:00;44.3800;52.9771;29.0100;-8.5971;15.3700
2025-12-28 11:00;43.1500;51.7399;28.7500;-8.5899;14.4000
2025-12-28 12:00;39.7900;50.1801;28.6000;-10.3901;11.1900
2025-12-28 13:00;36.8400;48.0712;28.5600;-11.2312;8.2800
2025-12-28 14:00;35.7000;45.9154;28.6500;-10.2154;7.0500
2025-12-28 15:00;35.5300;43.9049;28.9200;-8.3749;6.6100
2025-12-28 16:00;35.6100;41.2904;29.4100;-5.6804;6.2000
2025-12-28 17:00;37.4200;39.5181;30.1900;-2.0981;7.2300
2025-12-28 18:00;38.4800;38.8673;31.2200;-0.3873;7.2600
2025-12-28 19:00;38.8100;38.9032;32.3700;-0.0932;6.4400
2025-12-28 20:00;38.8100;40.9909;33.4300;-2.1809;5.3800
2025-12-28 21:00;38.8100;43.3260;34.1800;-4.5160;4.6300
2025-12-28 22:00;38.2300;45.4602;34.4900;-7.2302;3.7400
2025-12-28 23:00;37.9100;47.1533;34.3300;-9.2433;3.5800
2025-12-29 00:00;37.5800;47.4682;33.7900;-9.8882;3.7900
2025-12-29 01:00;37.0100;47.5195;32.9600;-10.5095;4.0500
2025-12-29 02:00;37.0100;46.2502;31.9700;-9.2402;5.0400
2025-12-29 03:00;37.1700;45.3242;30.9100;-8.1542;6.2600
2025-12-29 04:00;37.0100;44.0343;29.8600;-7.0243;7.1500
2025-12-29 05:00;37.0100;43.0370;28.8500;-6.0270;8.1600
2025-12-29 06:00;36.2700;41.8671;27.9100;-5.5971;8.3600
2025-12-29 07:00;36.0200;40.7912;27.0400;-4.7712;8.9800
2025-12-29 08:00;36.0200;40.3532;26.2500;-4.3332;9.7700
2025-12-29 09:00;35.2000;40.0826;25.5400;-4.8826;9.6600
2025-12-29 10:00;35.6100;39.5213;24.9100;-3.9113;10.7000
2025-12-29 11:00;35.6100;38.1214;24.3400;-2.5114;11.2700
2025-12-29 12:00;31.9700;35.5306;23.8300;-3.5606;8.1400
2025-12-29 13:00;29.4000;33.1916;23.3800;-3.7916;6.0200
2025-12-29 14:00;27.7700;30.0514;22.9700;-2.2814;4.8000
2025-12-29 15:00;24.7000;27.5983;22.6000;-2.8983;2.1000
2025-12-29 16:00;22.9900;25.0337;22.2600;-2.0437;0.7300
2025-12-29 17:00;25.1900;23.4632;21.9600;1.7268;3.2300
2025-12-29 18:00;26.9200;23.3024;21.6900;3.6176;5.2300
2025-12-29 19:00;27.3300;23.1906;21.4500;4.1394;5.8800
2025-12-29 20:00;26.6800;24.2663;21.2300;2.4137;5.4500
2025-12-29 21:00;27.1800;25.7686;21.0300;1.4114;6.1500
2025-12-29 22:00;26.5400;27.8588;20.8500;-1.3188;5.6900
2025-12-29 23:00;27.4700;29.4750;20.6800;-2.0050;6.7900
2025-12-30 00:00;27.4700;30.4698;20.5200;-2.9998;6.9500
2025-12-30 01:00;26.6800;30.6933;20.3700;-4.0133;6.3100
2025-12-30 02:00;27.1800;30.4472;20.2200;-3.2672;6.9600
2025-12-30 03:00;26.6800;30.1885;20.0800;-3.5085;6.6000
2025-12-30 04:00;26.3500;29.5539;19.9500;-3.2039;6.4000
2025-12-30 05:00;25.8600;28.7137;19.8100;-2.8537;6.0500
2025-12-30 06:00;26.1000;27.9516;19.6800;-1.8516;6.4200
2025-12-30 07:00;26.2300;27.1334;19.5500;-0.9034;6.6800
2025-12-30 08:00;25.8000;26.8075;19.4200;-1.0075;6.3800
2025-12-30 09:00;24.5200;26.5085;19.2900;-1.9885;5.2300
2025-12-30 10:00;23.8500;25.8597;19.1700;-2.0097;4.6800
2025-12-30 11:00;23.0500;25.4536;19.0500;-2.4036;4.0000
2025-12-30 12:00;21.6500;24.0092;18.9400;-2.3592;2.7100
2025-12-30 13:00;20.6100;22.8757;18.8300;-2.2657;1.7800
2025-12-30 14:00;20.4900;21.2260;18.7100;-0.7360;1.7800
2025-12-30 15:00;18.6200;20.5056;18.6000;-1.8856;0.0200
2025-12-30 16:00;16.7100;19.4355;18.5000;-2.7255;-1.7900
2025-12-30 17:00;16.7100;19.3953;18.3900;-2.6853;-1.6800
2025-12-30 18:00;16.9200;19.4675;18.2900;-2.5475;-1.3700
2025-12-30 19:00;16.9200;20.1396;18.1900;-3.2196;-1.2700
2025-12-30 20:00;16.3100;21.2715;18.0900;-4.9615;-1.7800
2025-12-30 21:00;16.5100;22.6380;18.0000;-6.1280;-1.4900
2025-12-30 22:00;15.5500;23.8355;17.9100;-8.2855;-2.3600
2025-12-30 23:00;15.5000;24.7413;17.8200;-9.2413;-2.3200
2025-12-31 00:00;15.6000;25.1920;17.7300;-9.5920;-2.1300
2025-12-31 01:00;15.6500;24.9011;17.6400;-9.2511;-1.9900
2025-12-31 02:00;16.1100;24.6434;17.5500;-8.5334;-1.4400
2025-12-31 03:00;16.7100;24.1816;17.4700;-7.4716;-0.7600
2025-12-31 04:00;16.7100;23.7988;17.3800;-7.0888;-0.6700
2025-12-31 05:00;16.2600;23.3618;17.3000;-7.1018;-1.0400
2025-12-31 06:00;15.0400;23.0401;17.2100;-8.0001;-2.1700
2025-12-31 07:00;14.6800;22.7033;17.1300;-8.0233;-2.4500
2025-12-31 08:00;14.2800;22.8856;17.0500;-8.6056;-2.7700
2025-12-31 09:00;14.2800;22.9772;16.9700;-8.6972;-2.6900
2025-12-31 10:00;14.3800;23.0129;16.9000;-8.6329;-2.5200
2025-12-31 11:00;13.8200;22.6968;16.8200;-8.8768;-3.0000
2025-12-31 12:00;12.9400;22.0959;16.7400;-9.1559;-3.8000
2025-12-31 13:00;11.8000;21.2387;16.6700;-9.4387;-4.8700
2025-12-31 14:00;11.3100;19.7650;16.5900;-8.4550;-5.2800
2025-12-31 15:00;11.3100;18.2057;16.5200;-6.8957;-5.2100
2025-12-31 16:00;10.6200;16.5527;16.4500;-5.9327;-5.8300
2025-12-31 17:00;11.1400;15.4871;16.3800;-4.3471;-5.2400
2025-12-31 18:00;11.9200;14.9639;16.3100;-3.0439;-4.3900
2025-12-31 19:00;12.0000;15.4027;16.2400;-3.4027;-4.2400
2025-12-31 20:00;12.0000;16.1679;16.1700;-4.1679;-4.1700
2025-12-31 21:00;12.0800;17.4093;16.1000;-5.3293;-4.0200
2025-12-31 22:00;12.1600;18.9286;16.0300;-6.7686;-3.8700
2025-12-31 23:00;12.0800;20.3787;15.9700;-8.2987;-3.8900
2026-01-01 00:00;12.0800;21.1961;15.9000;-9.1161;-3.8200
